2025-03-19 13:32:14,568 [Worker-5: Loading available Gradle versions] INFO  o.e.b.c.i.u.g.PublishedGradleVersions - Gradle version information cache is not available. Remote download required.
2025-03-19 13:33:48,394 [Worker-15: Creating project "ShopmeProject"] INFO  o.e.m.c.i.l.LifecycleMappingFactory - Using NULL lifecycle mapping for MavenProject: com.shopme:ShopmeProject:0.0.1-SNAPSHOT @ C:\ShopmeEcommerce\ShopmeProject\pom.xml.
2025-03-19 13:38:11,097 [Worker-3: Import Getting Started Content] INFO  o.e.m.c.i.e.AbstractTransferListenerAdapter - Downloading https://repo.maven.apache.org/maven2/org/springframework/boot/spring-boot-starter-parent/3.4.3/spring-boot-starter-parent-3.4.3.pom
2025-03-19 13:38:11,144 [Worker-3: Import Getting Started Content] INFO  o.e.m.c.i.e.AbstractTransferListenerAdapter - Downloaded https://repo.maven.apache.org/maven2/org/springframework/boot/spring-boot-starter-parent/3.4.3/spring-boot-starter-parent-3.4.3.pom
2025-03-19 13:38:11,178 [Worker-3: Import Getting Started Content] INFO  o.e.m.c.i.e.AbstractTransferListenerAdapter - Downloading https://repo.maven.apache.org/maven2/org/springframework/boot/spring-boot-dependencies/3.4.3/spring-boot-dependencies-3.4.3.pom
2025-03-19 13:38:11,242 [Worker-3: Import Getting Started Content] INFO  o.e.m.c.i.e.AbstractTransferListenerAdapter - Downloaded https://repo.maven.apache.org/maven2/org/springframework/boot/spring-boot-dependencies/3.4.3/spring-boot-dependencies-3.4.3.pom
2025-03-19 13:38:11,297 [Worker-3: Import Getting Started Content] INFO  o.e.m.c.i.e.AbstractTransferListenerAdapter - Downloading https://repo.maven.apache.org/maven2/org/apache/activemq/activemq-bom/6.1.5/activemq-bom-6.1.5.pom
2025-03-19 13:38:11,324 [Worker-3: Import Getting Started Content] INFO  o.e.m.c.i.e.AbstractTransferListenerAdapter - Downloaded https://repo.maven.apache.org/maven2/org/apache/activemq/activemq-bom/6.1.5/activemq-bom-6.1.5.pom
2025-03-19 13:38:11,349 [Worker-3: Import Getting Started Content] INFO  o.e.m.c.i.e.AbstractTransferListenerAdapter - Downloading https://repo.maven.apache.org/maven2/org/apache/activemq/artemis-bom/2.37.0/artemis-bom-2.37.0.pom
2025-03-19 13:38:11,374 [Worker-3: Import Getting Started Content] INFO  o.e.m.c.i.e.AbstractTransferListenerAdapter - Downloaded https://repo.maven.apache.org/maven2/org/apache/activemq/artemis-bom/2.37.0/artemis-bom-2.37.0.pom
2025-03-19 13:38:11,408 [Worker-3: Import Getting Started Content] INFO  o.e.m.c.i.e.AbstractTransferListenerAdapter - Downloading https://repo.maven.apache.org/maven2/org/apache/activemq/artemis-project/2.37.0/artemis-project-2.37.0.pom
2025-03-19 13:38:11,441 [Worker-3: Import Getting Started Content] INFO  o.e.m.c.i.e.AbstractTransferListenerAdapter - Downloaded https://repo.maven.apache.org/maven2/org/apache/activemq/artemis-project/2.37.0/artemis-project-2.37.0.pom
2025-03-19 13:38:11,481 [Worker-3: Import Getting Started Content] INFO  o.e.m.c.i.e.AbstractTransferListenerAdapter - Downloading https://repo.maven.apache.org/maven2/org/apache/apache/33/apache-33.pom
2025-03-19 13:38:11,511 [Worker-3: Import Getting Started Content] INFO  o.e.m.c.i.e.AbstractTransferListenerAdapter - Downloaded https://repo.maven.apache.org/maven2/org/apache/apache/33/apache-33.pom
2025-03-19 13:38:11,546 [Worker-3: Import Getting Started Content] INFO  o.e.m.c.i.e.AbstractTransferListenerAdapter - Downloading https://repo.maven.apache.org/maven2/org/assertj/assertj-bom/3.26.3/assertj-bom-3.26.3.pom
2025-03-19 13:38:11,577 [Worker-3: Import Getting Started Content] INFO  o.e.m.c.i.e.AbstractTransferListenerAdapter - Downloaded https://repo.maven.apache.org/maven2/org/assertj/assertj-bom/3.26.3/assertj-bom-3.26.3.pom
2025-03-19 13:38:11,600 [Worker-3: Import Getting Started Content] INFO  o.e.m.c.i.e.AbstractTransferListenerAdapter - Downloading https://repo.maven.apache.org/maven2/io/zipkin/reporter2/zipkin-reporter-bom/3.4.3/zipkin-reporter-bom-3.4.3.pom
2025-03-19 13:38:11,627 [Worker-3: Import Getting Started Content] INFO  o.e.m.c.i.e.AbstractTransferListenerAdapter - Downloaded https://repo.maven.apache.org/maven2/io/zipkin/reporter2/zipkin-reporter-bom/3.4.3/zipkin-reporter-bom-3.4.3.pom
2025-03-19 13:38:11,654 [Worker-3: Import Getting Started Content] INFO  o.e.m.c.i.e.AbstractTransferListenerAdapter - Downloading https://repo.maven.apache.org/maven2/io/zipkin/brave/brave-bom/6.0.3/brave-bom-6.0.3.pom
2025-03-19 13:38:11,682 [Worker-3: Import Getting Started Content] INFO  o.e.m.c.i.e.AbstractTransferListenerAdapter - Downloaded https://repo.maven.apache.org/maven2/io/zipkin/brave/brave-bom/6.0.3/brave-bom-6.0.3.pom
2025-03-19 13:38:11,731 [Worker-3: Import Getting Started Content] INFO  o.e.m.c.i.e.AbstractTransferListenerAdapter - Downloading https://repo.maven.apache.org/maven2/org/apache/cassandra/java-driver-bom/4.18.1/java-driver-bom-4.18.1.pom
2025-03-19 13:38:11,757 [Worker-3: Import Getting Started Content] INFO  o.e.m.c.i.e.AbstractTransferListenerAdapter - Downloaded https://repo.maven.apache.org/maven2/org/apache/cassandra/java-driver-bom/4.18.1/java-driver-bom-4.18.1.pom
2025-03-19 13:38:11,783 [Worker-3: Import Getting Started Content] INFO  o.e.m.c.i.e.AbstractTransferListenerAdapter - Downloading https://repo.maven.apache.org/maven2/org/glassfish/jaxb/jaxb-bom/4.0.5/jaxb-bom-4.0.5.pom
2025-03-19 13:38:11,837 [Worker-3: Import Getting Started Content] INFO  o.e.m.c.i.e.AbstractTransferListenerAdapter - Downloaded https://repo.maven.apache.org/maven2/org/glassfish/jaxb/jaxb-bom/4.0.5/jaxb-bom-4.0.5.pom
2025-03-19 13:38:11,902 [Worker-3: Import Getting Started Content] INFO  o.e.m.c.i.e.AbstractTransferListenerAdapter - Downloading https://repo.maven.apache.org/maven2/org/eclipse/ee4j/project/1.0.9/project-1.0.9.pom
2025-03-19 13:38:11,941 [Worker-3: Import Getting Started Content] INFO  o.e.m.c.i.e.AbstractTransferListenerAdapter - Downloaded https://repo.maven.apache.org/maven2/org/eclipse/ee4j/project/1.0.9/project-1.0.9.pom
2025-03-19 13:38:11,975 [Worker-3: Import Getting Started Content] INFO  o.e.m.c.i.e.AbstractTransferListenerAdapter - Downloading https://repo.maven.apache.org/maven2/org/apache/groovy/groovy-bom/4.0.25/groovy-bom-4.0.25.pom
2025-03-19 13:38:12,001 [Worker-3: Import Getting Started Content] INFO  o.e.m.c.i.e.AbstractTransferListenerAdapter - Downloaded https://repo.maven.apache.org/maven2/org/apache/groovy/groovy-bom/4.0.25/groovy-bom-4.0.25.pom
2025-03-19 13:38:12,043 [Worker-3: Import Getting Started Content] INFO  o.e.m.c.i.e.AbstractTransferListenerAdapter - Downloading https://repo.maven.apache.org/maven2/org/infinispan/infinispan-bom/15.0.13.Final/infinispan-bom-15.0.13.Final.pom
2025-03-19 13:38:12,070 [Worker-3: Import Getting Started Content] INFO  o.e.m.c.i.e.AbstractTransferListenerAdapter - Downloaded https://repo.maven.apache.org/maven2/org/infinispan/infinispan-bom/15.0.13.Final/infinispan-bom-15.0.13.Final.pom
2025-03-19 13:38:12,107 [Worker-3: Import Getting Started Content] INFO  o.e.m.c.i.e.AbstractTransferListenerAdapter - Downloading https://repo.maven.apache.org/maven2/org/infinispan/infinispan-build-configuration-parent/15.0.13.Final/infinispan-build-configuration-parent-15.0.13.Final.pom
2025-03-19 13:38:12,137 [Worker-3: Import Getting Started Content] INFO  o.e.m.c.i.e.AbstractTransferListenerAdapter - Downloaded https://repo.maven.apache.org/maven2/org/infinispan/infinispan-build-configuration-parent/15.0.13.Final/infinispan-build-configuration-parent-15.0.13.Final.pom
2025-03-19 13:38:12,172 [Worker-3: Import Getting Started Content] INFO  o.e.m.c.i.e.AbstractTransferListenerAdapter - Downloading https://repo.maven.apache.org/maven2/org/jboss/jboss-parent/43/jboss-parent-43.pom
2025-03-19 13:38:12,205 [Worker-3: Import Getting Started Content] INFO  o.e.m.c.i.e.AbstractTransferListenerAdapter - Downloaded https://repo.maven.apache.org/maven2/org/jboss/jboss-parent/43/jboss-parent-43.pom
2025-03-19 13:38:12,253 [Worker-3: Import Getting Started Content] INFO  o.e.m.c.i.e.AbstractTransferListenerAdapter - Downloading https://repo.maven.apache.org/maven2/com/fasterxml/jackson/jackson-bom/2.18.2/jackson-bom-2.18.2.pom
2025-03-19 13:38:12,279 [Worker-3: Import Getting Started Content] INFO  o.e.m.c.i.e.AbstractTransferListenerAdapter - Downloaded https://repo.maven.apache.org/maven2/com/fasterxml/jackson/jackson-bom/2.18.2/jackson-bom-2.18.2.pom
2025-03-19 13:38:12,317 [Worker-3: Import Getting Started Content] INFO  o.e.m.c.i.e.AbstractTransferListenerAdapter - Downloading https://repo.maven.apache.org/maven2/com/fasterxml/jackson/jackson-parent/2.18.1/jackson-parent-2.18.1.pom
2025-03-19 13:38:12,340 [Worker-3: Import Getting Started Content] INFO  o.e.m.c.i.e.AbstractTransferListenerAdapter - Downloaded https://repo.maven.apache.org/maven2/com/fasterxml/jackson/jackson-parent/2.18.1/jackson-parent-2.18.1.pom
2025-03-19 13:38:12,366 [Worker-3: Import Getting Started Content] INFO  o.e.m.c.i.e.AbstractTransferListenerAdapter - Downloading https://repo.maven.apache.org/maven2/com/fasterxml/oss-parent/61/oss-parent-61.pom
2025-03-19 13:38:12,393 [Worker-3: Import Getting Started Content] INFO  o.e.m.c.i.e.AbstractTransferListenerAdapter - Downloaded https://repo.maven.apache.org/maven2/com/fasterxml/oss-parent/61/oss-parent-61.pom
2025-03-19 13:38:12,429 [Worker-3: Import Getting Started Content] INFO  o.e.m.c.i.e.AbstractTransferListenerAdapter - Downloading https://repo.maven.apache.org/maven2/org/glassfish/jersey/jersey-bom/3.1.10/jersey-bom-3.1.10.pom
2025-03-19 13:38:12,455 [Worker-3: Import Getting Started Content] INFO  o.e.m.c.i.e.AbstractTransferListenerAdapter - Downloaded https://repo.maven.apache.org/maven2/org/glassfish/jersey/jersey-bom/3.1.10/jersey-bom-3.1.10.pom
2025-03-19 13:38:12,486 [Worker-3: Import Getting Started Content] INFO  o.e.m.c.i.e.AbstractTransferListenerAdapter - Downloading https://repo.maven.apache.org/maven2/org/eclipse/jetty/ee10/jetty-ee10-bom/12.0.16/jetty-ee10-bom-12.0.16.pom
2025-03-19 13:38:12,512 [Worker-3: Import Getting Started Content] INFO  o.e.m.c.i.e.AbstractTransferListenerAdapter - Downloaded https://repo.maven.apache.org/maven2/org/eclipse/jetty/ee10/jetty-ee10-bom/12.0.16/jetty-ee10-bom-12.0.16.pom
2025-03-19 13:38:12,551 [Worker-3: Import Getting Started Content] INFO  o.e.m.c.i.e.AbstractTransferListenerAdapter - Downloading https://repo.maven.apache.org/maven2/org/eclipse/jetty/jetty-bom/12.0.16/jetty-bom-12.0.16.pom
2025-03-19 13:38:12,582 [Worker-3: Import Getting Started Content] INFO  o.e.m.c.i.e.AbstractTransferListenerAdapter - Downloaded https://repo.maven.apache.org/maven2/org/eclipse/jetty/jetty-bom/12.0.16/jetty-bom-12.0.16.pom
2025-03-19 13:38:12,619 [Worker-3: Import Getting Started Content] INFO  o.e.m.c.i.e.AbstractTransferListenerAdapter - Downloading https://repo.maven.apache.org/maven2/org/junit/junit-bom/5.11.4/junit-bom-5.11.4.pom
2025-03-19 13:38:12,643 [Worker-3: Import Getting Started Content] INFO  o.e.m.c.i.e.AbstractTransferListenerAdapter - Downloaded https://repo.maven.apache.org/maven2/org/junit/junit-bom/5.11.4/junit-bom-5.11.4.pom
2025-03-19 13:38:12,666 [Worker-3: Import Getting Started Content] INFO  o.e.m.c.i.e.AbstractTransferListenerAdapter - Downloading https://repo.maven.apache.org/maven2/org/jetbrains/kotlin/kotlin-bom/1.9.25/kotlin-bom-1.9.25.pom
2025-03-19 13:38:12,692 [Worker-3: Import Getting Started Content] INFO  o.e.m.c.i.e.AbstractTransferListenerAdapter - Downloaded https://repo.maven.apache.org/maven2/org/jetbrains/kotlin/kotlin-bom/1.9.25/kotlin-bom-1.9.25.pom
2025-03-19 13:38:12,729 [Worker-3: Import Getting Started Content] INFO  o.e.m.c.i.e.AbstractTransferListenerAdapter - Downloading https://repo.maven.apache.org/maven2/org/jetbrains/kotlinx/kotlinx-coroutines-bom/1.8.1/kotlinx-coroutines-bom-1.8.1.pom
2025-03-19 13:38:12,752 [Worker-3: Import Getting Started Content] INFO  o.e.m.c.i.e.AbstractTransferListenerAdapter - Downloaded https://repo.maven.apache.org/maven2/org/jetbrains/kotlinx/kotlinx-coroutines-bom/1.8.1/kotlinx-coroutines-bom-1.8.1.pom
2025-03-19 13:38:12,778 [Worker-3: Import Getting Started Content] INFO  o.e.m.c.i.e.AbstractTransferListenerAdapter - Downloading https://repo.maven.apache.org/maven2/org/jetbrains/kotlinx/kotlinx-serialization-bom/1.6.3/kotlinx-serialization-bom-1.6.3.pom
2025-03-19 13:38:12,802 [Worker-3: Import Getting Started Content] INFO  o.e.m.c.i.e.AbstractTransferListenerAdapter - Downloaded https://repo.maven.apache.org/maven2/org/jetbrains/kotlinx/kotlinx-serialization-bom/1.6.3/kotlinx-serialization-bom-1.6.3.pom
2025-03-19 13:38:12,823 [Worker-3: Import Getting Started Content] INFO  o.e.m.c.i.e.AbstractTransferListenerAdapter - Downloading https://repo.maven.apache.org/maven2/org/apache/logging/log4j/log4j-bom/2.24.3/log4j-bom-2.24.3.pom
2025-03-19 13:38:12,849 [Worker-3: Import Getting Started Content] INFO  o.e.m.c.i.e.AbstractTransferListenerAdapter - Downloaded https://repo.maven.apache.org/maven2/org/apache/logging/log4j/log4j-bom/2.24.3/log4j-bom-2.24.3.pom
2025-03-19 13:38:12,881 [Worker-3: Import Getting Started Content] INFO  o.e.m.c.i.e.AbstractTransferListenerAdapter - Downloading https://repo.maven.apache.org/maven2/org/apache/logging/logging-parent/11.3.0/logging-parent-11.3.0.pom
2025-03-19 13:38:12,935 [Worker-3: Import Getting Started Content] INFO  o.e.m.c.i.e.AbstractTransferListenerAdapter - Downloaded https://repo.maven.apache.org/maven2/org/apache/logging/logging-parent/11.3.0/logging-parent-11.3.0.pom
2025-03-19 13:38:12,990 [Worker-3: Import Getting Started Content] INFO  o.e.m.c.i.e.AbstractTransferListenerAdapter - Downloading https://repo.maven.apache.org/maven2/io/micrometer/micrometer-bom/1.14.4/micrometer-bom-1.14.4.pom
2025-03-19 13:38:13,015 [Worker-3: Import Getting Started Content] INFO  o.e.m.c.i.e.AbstractTransferListenerAdapter - Downloaded https://repo.maven.apache.org/maven2/io/micrometer/micrometer-bom/1.14.4/micrometer-bom-1.14.4.pom
2025-03-19 13:38:13,047 [Worker-3: Import Getting Started Content] INFO  o.e.m.c.i.e.AbstractTransferListenerAdapter - Downloading https://repo.maven.apache.org/maven2/io/micrometer/micrometer-tracing-bom/1.4.3/micrometer-tracing-bom-1.4.3.pom
2025-03-19 13:38:13,070 [Worker-3: Import Getting Started Content] INFO  o.e.m.c.i.e.AbstractTransferListenerAdapter - Downloaded https://repo.maven.apache.org/maven2/io/micrometer/micrometer-tracing-bom/1.4.3/micrometer-tracing-bom-1.4.3.pom
2025-03-19 13:38:13,090 [Worker-3: Import Getting Started Content] INFO  o.e.m.c.i.e.AbstractTransferListenerAdapter - Downloading https://repo.maven.apache.org/maven2/org/mockito/mockito-bom/5.14.2/mockito-bom-5.14.2.pom
2025-03-19 13:38:13,116 [Worker-3: Import Getting Started Content] INFO  o.e.m.c.i.e.AbstractTransferListenerAdapter - Downloaded https://repo.maven.apache.org/maven2/org/mockito/mockito-bom/5.14.2/mockito-bom-5.14.2.pom
2025-03-19 13:38:13,141 [Worker-3: Import Getting Started Content] INFO  o.e.m.c.i.e.AbstractTransferListenerAdapter - Downloading https://repo.maven.apache.org/maven2/io/netty/netty-bom/4.1.118.Final/netty-bom-4.1.118.Final.pom
2025-03-19 13:38:13,168 [Worker-3: Import Getting Started Content] INFO  o.e.m.c.i.e.AbstractTransferListenerAdapter - Downloaded https://repo.maven.apache.org/maven2/io/netty/netty-bom/4.1.118.Final/netty-bom-4.1.118.Final.pom
2025-03-19 13:38:13,199 [Worker-3: Import Getting Started Content] INFO  o.e.m.c.i.e.AbstractTransferListenerAdapter - Downloading https://repo.maven.apache.org/maven2/org/sonatype/oss/oss-parent/7/oss-parent-7.pom
2025-03-19 13:38:13,223 [Worker-3: Import Getting Started Content] INFO  o.e.m.c.i.e.AbstractTransferListenerAdapter - Downloaded https://repo.maven.apache.org/maven2/org/sonatype/oss/oss-parent/7/oss-parent-7.pom
2025-03-19 13:38:13,248 [Worker-3: Import Getting Started Content] INFO  o.e.m.c.i.e.AbstractTransferListenerAdapter - Downloading https://repo.maven.apache.org/maven2/io/opentelemetry/opentelemetry-bom/1.43.0/opentelemetry-bom-1.43.0.pom
2025-03-19 13:38:13,271 [Worker-3: Import Getting Started Content] INFO  o.e.m.c.i.e.AbstractTransferListenerAdapter - Downloaded https://repo.maven.apache.org/maven2/io/opentelemetry/opentelemetry-bom/1.43.0/opentelemetry-bom-1.43.0.pom
2025-03-19 13:38:13,299 [Worker-3: Import Getting Started Content] INFO  o.e.m.c.i.e.AbstractTransferListenerAdapter - Downloading https://repo.maven.apache.org/maven2/io/prometheus/prometheus-metrics-bom/1.3.6/prometheus-metrics-bom-1.3.6.pom
2025-03-19 13:38:13,321 [Worker-3: Import Getting Started Content] INFO  o.e.m.c.i.e.AbstractTransferListenerAdapter - Downloaded https://repo.maven.apache.org/maven2/io/prometheus/prometheus-metrics-bom/1.3.6/prometheus-metrics-bom-1.3.6.pom
2025-03-19 13:38:13,351 [Worker-3: Import Getting Started Content] INFO  o.e.m.c.i.e.AbstractTransferListenerAdapter - Downloading https://repo.maven.apache.org/maven2/io/prometheus/client_java/1.3.6/client_java-1.3.6.pom
2025-03-19 13:38:13,377 [Worker-3: Import Getting Started Content] INFO  o.e.m.c.i.e.AbstractTransferListenerAdapter - Downloaded https://repo.maven.apache.org/maven2/io/prometheus/client_java/1.3.6/client_java-1.3.6.pom
2025-03-19 13:38:13,411 [Worker-3: Import Getting Started Content] INFO  o.e.m.c.i.e.AbstractTransferListenerAdapter - Downloading https://repo.maven.apache.org/maven2/io/prometheus/simpleclient_bom/0.16.0/simpleclient_bom-0.16.0.pom
2025-03-19 13:38:13,434 [Worker-3: Import Getting Started Content] INFO  o.e.m.c.i.e.AbstractTransferListenerAdapter - Downloaded https://repo.maven.apache.org/maven2/io/prometheus/simpleclient_bom/0.16.0/simpleclient_bom-0.16.0.pom
2025-03-19 13:38:13,458 [Worker-3: Import Getting Started Content] INFO  o.e.m.c.i.e.AbstractTransferListenerAdapter - Downloading https://repo.maven.apache.org/maven2/io/prometheus/parent/0.16.0/parent-0.16.0.pom
2025-03-19 13:38:13,484 [Worker-3: Import Getting Started Content] INFO  o.e.m.c.i.e.AbstractTransferListenerAdapter - Downloaded https://repo.maven.apache.org/maven2/io/prometheus/parent/0.16.0/parent-0.16.0.pom
2025-03-19 13:38:13,519 [Worker-3: Import Getting Started Content] INFO  o.e.m.c.i.e.AbstractTransferListenerAdapter - Downloading https://repo.maven.apache.org/maven2/org/apache/pulsar/pulsar-bom/3.3.4/pulsar-bom-3.3.4.pom
2025-03-19 13:38:13,548 [Worker-3: Import Getting Started Content] INFO  o.e.m.c.i.e.AbstractTransferListenerAdapter - Downloaded https://repo.maven.apache.org/maven2/org/apache/pulsar/pulsar-bom/3.3.4/pulsar-bom-3.3.4.pom
2025-03-19 13:38:13,581 [Worker-3: Import Getting Started Content] INFO  o.e.m.c.i.e.AbstractTransferListenerAdapter - Downloading https://repo.maven.apache.org/maven2/org/apache/apache/29/apache-29.pom
2025-03-19 13:38:13,611 [Worker-3: Import Getting Started Content] INFO  o.e.m.c.i.e.AbstractTransferListenerAdapter - Downloaded https://repo.maven.apache.org/maven2/org/apache/apache/29/apache-29.pom
2025-03-19 13:38:13,644 [Worker-3: Import Getting Started Content] INFO  o.e.m.c.i.e.AbstractTransferListenerAdapter - Downloading https://repo.maven.apache.org/maven2/com/querydsl/querydsl-bom/5.1.0/querydsl-bom-5.1.0.pom
2025-03-19 13:38:13,667 [Worker-3: Import Getting Started Content] INFO  o.e.m.c.i.e.AbstractTransferListenerAdapter - Downloaded https://repo.maven.apache.org/maven2/com/querydsl/querydsl-bom/5.1.0/querydsl-bom-5.1.0.pom
2025-03-19 13:38:13,690 [Worker-3: Import Getting Started Content] INFO  o.e.m.c.i.e.AbstractTransferListenerAdapter - Downloading https://repo.maven.apache.org/maven2/io/projectreactor/reactor-bom/2024.0.3/reactor-bom-2024.0.3.pom
2025-03-19 13:38:13,713 [Worker-3: Import Getting Started Content] INFO  o.e.m.c.i.e.AbstractTransferListenerAdapter - Downloaded https://repo.maven.apache.org/maven2/io/projectreactor/reactor-bom/2024.0.3/reactor-bom-2024.0.3.pom
2025-03-19 13:38:13,734 [Worker-3: Import Getting Started Content] INFO  o.e.m.c.i.e.AbstractTransferListenerAdapter - Downloading https://repo.maven.apache.org/maven2/io/rest-assured/rest-assured-bom/5.5.1/rest-assured-bom-5.5.1.pom
2025-03-19 13:38:13,762 [Worker-3: Import Getting Started Content] INFO  o.e.m.c.i.e.AbstractTransferListenerAdapter - Downloaded https://repo.maven.apache.org/maven2/io/rest-assured/rest-assured-bom/5.5.1/rest-assured-bom-5.5.1.pom
2025-03-19 13:38:13,788 [Worker-3: Import Getting Started Content] INFO  o.e.m.c.i.e.AbstractTransferListenerAdapter - Downloading https://repo.maven.apache.org/maven2/io/rsocket/rsocket-bom/1.1.5/rsocket-bom-1.1.5.pom
2025-03-19 13:38:13,812 [Worker-3: Import Getting Started Content] INFO  o.e.m.c.i.e.AbstractTransferListenerAdapter - Downloaded https://repo.maven.apache.org/maven2/io/rsocket/rsocket-bom/1.1.5/rsocket-bom-1.1.5.pom
2025-03-19 13:38:13,833 [Worker-3: Import Getting Started Content] INFO  o.e.m.c.i.e.AbstractTransferListenerAdapter - Downloading https://repo.maven.apache.org/maven2/org/seleniumhq/selenium/selenium-bom/4.25.0/selenium-bom-4.25.0.pom
2025-03-19 13:38:13,858 [Worker-3: Import Getting Started Content] INFO  o.e.m.c.i.e.AbstractTransferListenerAdapter - Downloaded https://repo.maven.apache.org/maven2/org/seleniumhq/selenium/selenium-bom/4.25.0/selenium-bom-4.25.0.pom
2025-03-19 13:38:13,885 [Worker-3: Import Getting Started Content] INFO  o.e.m.c.i.e.AbstractTransferListenerAdapter - Downloading https://repo.maven.apache.org/maven2/org/springframework/amqp/spring-amqp-bom/3.2.3/spring-amqp-bom-3.2.3.pom
2025-03-19 13:38:13,909 [Worker-3: Import Getting Started Content] INFO  o.e.m.c.i.e.AbstractTransferListenerAdapter - Downloaded https://repo.maven.apache.org/maven2/org/springframework/amqp/spring-amqp-bom/3.2.3/spring-amqp-bom-3.2.3.pom
2025-03-19 13:38:13,931 [Worker-3: Import Getting Started Content] INFO  o.e.m.c.i.e.AbstractTransferListenerAdapter - Downloading https://repo.maven.apache.org/maven2/org/springframework/batch/spring-batch-bom/5.2.1/spring-batch-bom-5.2.1.pom
2025-03-19 13:38:13,955 [Worker-3: Import Getting Started Content] INFO  o.e.m.c.i.e.AbstractTransferListenerAdapter - Downloaded https://repo.maven.apache.org/maven2/org/springframework/batch/spring-batch-bom/5.2.1/spring-batch-bom-5.2.1.pom
2025-03-19 13:38:13,978 [Worker-3: Import Getting Started Content] INFO  o.e.m.c.i.e.AbstractTransferListenerAdapter - Downloading https://repo.maven.apache.org/maven2/org/springframework/data/spring-data-bom/2024.1.3/spring-data-bom-2024.1.3.pom
2025-03-19 13:38:14,003 [Worker-3: Import Getting Started Content] INFO  o.e.m.c.i.e.AbstractTransferListenerAdapter - Downloaded https://repo.maven.apache.org/maven2/org/springframework/data/spring-data-bom/2024.1.3/spring-data-bom-2024.1.3.pom
2025-03-19 13:38:14,032 [Worker-3: Import Getting Started Content] INFO  o.e.m.c.i.e.AbstractTransferListenerAdapter - Downloading https://repo.maven.apache.org/maven2/org/springframework/spring-framework-bom/6.2.3/spring-framework-bom-6.2.3.pom
2025-03-19 13:38:14,056 [Worker-3: Import Getting Started Content] INFO  o.e.m.c.i.e.AbstractTransferListenerAdapter - Downloaded https://repo.maven.apache.org/maven2/org/springframework/spring-framework-bom/6.2.3/spring-framework-bom-6.2.3.pom
2025-03-19 13:38:14,082 [Worker-3: Import Getting Started Content] INFO  o.e.m.c.i.e.AbstractTransferListenerAdapter - Downloading https://repo.maven.apache.org/maven2/org/springframework/integration/spring-integration-bom/6.4.2/spring-integration-bom-6.4.2.pom
2025-03-19 13:38:14,107 [Worker-3: Import Getting Started Content] INFO  o.e.m.c.i.e.AbstractTransferListenerAdapter - Downloaded https://repo.maven.apache.org/maven2/org/springframework/integration/spring-integration-bom/6.4.2/spring-integration-bom-6.4.2.pom
2025-03-19 13:38:14,138 [Worker-3: Import Getting Started Content] INFO  o.e.m.c.i.e.AbstractTransferListenerAdapter - Downloading https://repo.maven.apache.org/maven2/org/springframework/pulsar/spring-pulsar-bom/1.2.3/spring-pulsar-bom-1.2.3.pom
2025-03-19 13:38:14,163 [Worker-3: Import Getting Started Content] INFO  o.e.m.c.i.e.AbstractTransferListenerAdapter - Downloaded https://repo.maven.apache.org/maven2/org/springframework/pulsar/spring-pulsar-bom/1.2.3/spring-pulsar-bom-1.2.3.pom
2025-03-19 13:38:14,192 [Worker-3: Import Getting Started Content] INFO  o.e.m.c.i.e.AbstractTransferListenerAdapter - Downloading https://repo.maven.apache.org/maven2/org/springframework/restdocs/spring-restdocs-bom/3.0.3/spring-restdocs-bom-3.0.3.pom
2025-03-19 13:38:14,217 [Worker-3: Import Getting Started Content] INFO  o.e.m.c.i.e.AbstractTransferListenerAdapter - Downloaded https://repo.maven.apache.org/maven2/org/springframework/restdocs/spring-restdocs-bom/3.0.3/spring-restdocs-bom-3.0.3.pom
2025-03-19 13:38:14,239 [Worker-3: Import Getting Started Content] INFO  o.e.m.c.i.e.AbstractTransferListenerAdapter - Downloading https://repo.maven.apache.org/maven2/org/springframework/security/spring-security-bom/6.4.3/spring-security-bom-6.4.3.pom
2025-03-19 13:38:14,263 [Worker-3: Import Getting Started Content] INFO  o.e.m.c.i.e.AbstractTransferListenerAdapter - Downloaded https://repo.maven.apache.org/maven2/org/springframework/security/spring-security-bom/6.4.3/spring-security-bom-6.4.3.pom
2025-03-19 13:38:14,294 [Worker-3: Import Getting Started Content] INFO  o.e.m.c.i.e.AbstractTransferListenerAdapter - Downloading https://repo.maven.apache.org/maven2/org/springframework/session/spring-session-bom/3.4.2/spring-session-bom-3.4.2.pom
2025-03-19 13:38:14,320 [Worker-3: Import Getting Started Content] INFO  o.e.m.c.i.e.AbstractTransferListenerAdapter - Downloaded https://repo.maven.apache.org/maven2/org/springframework/session/spring-session-bom/3.4.2/spring-session-bom-3.4.2.pom
2025-03-19 13:38:14,358 [Worker-3: Import Getting Started Content] INFO  o.e.m.c.i.e.AbstractTransferListenerAdapter - Downloading https://repo.maven.apache.org/maven2/org/springframework/ws/spring-ws-bom/4.0.11/spring-ws-bom-4.0.11.pom
2025-03-19 13:38:14,383 [Worker-3: Import Getting Started Content] INFO  o.e.m.c.i.e.AbstractTransferListenerAdapter - Downloaded https://repo.maven.apache.org/maven2/org/springframework/ws/spring-ws-bom/4.0.11/spring-ws-bom-4.0.11.pom
2025-03-19 13:38:14,410 [Worker-3: Import Getting Started Content] INFO  o.e.m.c.i.e.AbstractTransferListenerAdapter - Downloading https://repo.maven.apache.org/maven2/org/testcontainers/testcontainers-bom/1.20.5/testcontainers-bom-1.20.5.pom
2025-03-19 13:38:14,435 [Worker-3: Import Getting Started Content] INFO  o.e.m.c.i.e.AbstractTransferListenerAdapter - Downloaded https://repo.maven.apache.org/maven2/org/testcontainers/testcontainers-bom/1.20.5/testcontainers-bom-1.20.5.pom
2025-03-19 13:38:14,738 [Worker-3: Import Getting Started Content] INFO  o.e.m.c.i.e.AbstractTransferListenerAdapter - Downloading https://repo.maven.apache.org/maven2/org/springframework/boot/spring-boot-maven-plugin/3.4.3/spring-boot-maven-plugin-3.4.3.pom
2025-03-19 13:38:14,765 [Worker-3: Import Getting Started Content] INFO  o.e.m.c.i.e.AbstractTransferListenerAdapter - Downloaded https://repo.maven.apache.org/maven2/org/springframework/boot/spring-boot-maven-plugin/3.4.3/spring-boot-maven-plugin-3.4.3.pom
2025-03-19 13:38:14,796 [Worker-3: Import Getting Started Content] INFO  o.e.m.c.i.e.AbstractTransferListenerAdapter - Downloading https://repo.maven.apache.org/maven2/org/springframework/boot/spring-boot-maven-plugin/3.4.3/spring-boot-maven-plugin-3.4.3.jar
2025-03-19 13:38:14,837 [Worker-3: Import Getting Started Content] INFO  o.e.m.c.i.e.AbstractTransferListenerAdapter - Downloaded https://repo.maven.apache.org/maven2/org/springframework/boot/spring-boot-maven-plugin/3.4.3/spring-boot-maven-plugin-3.4.3.jar
2025-03-19 13:38:14,912 [Worker-3: Import Getting Started Content] INFO  o.e.m.c.i.e.AbstractTransferListenerAdapter - Downloading https://repo.maven.apache.org/maven2/org/apache/maven/plugins/maven-clean-plugin/3.4.1/maven-clean-plugin-3.4.1.jar
2025-03-19 13:38:15,247 [Worker-3: Import Getting Started Content] INFO  o.e.m.c.i.e.AbstractTransferListenerAdapter - Downloaded https://repo.maven.apache.org/maven2/org/apache/maven/plugins/maven-clean-plugin/3.4.1/maven-clean-plugin-3.4.1.jar
2025-03-19 13:38:15,437 [Worker-3: Import Getting Started Content] INFO  o.e.m.c.i.e.AbstractTransferListenerAdapter - Downloading https://repo.maven.apache.org/maven2/org/apache/maven/plugins/maven-resources-plugin/3.3.1/maven-resources-plugin-3.3.1.jar
2025-03-19 13:38:15,719 [Worker-3: Import Getting Started Content] INFO  o.e.m.c.i.e.AbstractTransferListenerAdapter - Downloaded https://repo.maven.apache.org/maven2/org/apache/maven/plugins/maven-resources-plugin/3.3.1/maven-resources-plugin-3.3.1.jar
2025-03-19 13:38:15,891 [Worker-3: Import Getting Started Content] INFO  o.e.m.c.i.e.AbstractTransferListenerAdapter - Downloading https://repo.maven.apache.org/maven2/org/apache/maven/plugins/maven-compiler-plugin/3.13.0/maven-compiler-plugin-3.13.0.jar
2025-03-19 13:38:15,952 [Worker-3: Import Getting Started Content] INFO  o.e.m.c.i.e.AbstractTransferListenerAdapter - Downloaded https://repo.maven.apache.org/maven2/org/apache/maven/plugins/maven-compiler-plugin/3.13.0/maven-compiler-plugin-3.13.0.jar
2025-03-19 13:38:15,999 [Worker-3: Import Getting Started Content] INFO  o.e.m.c.i.e.AbstractTransferListenerAdapter - Downloading https://repo.maven.apache.org/maven2/org/apache/maven/plugins/maven-surefire-plugin/3.5.2/maven-surefire-plugin-3.5.2.jar
2025-03-19 13:38:16,208 [Worker-3: Import Getting Started Content] INFO  o.e.m.c.i.e.AbstractTransferListenerAdapter - Downloaded https://repo.maven.apache.org/maven2/org/apache/maven/plugins/maven-surefire-plugin/3.5.2/maven-surefire-plugin-3.5.2.jar
2025-03-19 13:38:16,346 [Worker-3: Import Getting Started Content] INFO  o.e.m.c.i.e.AbstractTransferListenerAdapter - Downloading https://repo.maven.apache.org/maven2/org/apache/maven/plugins/maven-jar-plugin/3.4.2/maven-jar-plugin-3.4.2.jar
2025-03-19 13:38:16,661 [Worker-3: Import Getting Started Content] INFO  o.e.m.c.i.e.AbstractTransferListenerAdapter - Downloaded https://repo.maven.apache.org/maven2/org/apache/maven/plugins/maven-jar-plugin/3.4.2/maven-jar-plugin-3.4.2.jar
2025-03-19 13:38:16,835 [Worker-3: Import Getting Started Content] INFO  o.e.m.c.i.e.AbstractTransferListenerAdapter - Downloading https://repo.maven.apache.org/maven2/org/apache/maven/plugins/maven-install-plugin/3.1.3/maven-install-plugin-3.1.3.jar
2025-03-19 13:38:17,092 [Worker-3: Import Getting Started Content] INFO  o.e.m.c.i.e.AbstractTransferListenerAdapter - Downloaded https://repo.maven.apache.org/maven2/org/apache/maven/plugins/maven-install-plugin/3.1.3/maven-install-plugin-3.1.3.jar
2025-03-19 13:38:17,242 [Worker-3: Import Getting Started Content] INFO  o.e.m.c.i.e.AbstractTransferListenerAdapter - Downloading https://repo.maven.apache.org/maven2/org/apache/maven/plugins/maven-deploy-plugin/3.1.3/maven-deploy-plugin-3.1.3.jar
2025-03-19 13:38:17,565 [Worker-3: Import Getting Started Content] INFO  o.e.m.c.i.e.AbstractTransferListenerAdapter - Downloaded https://repo.maven.apache.org/maven2/org/apache/maven/plugins/maven-deploy-plugin/3.1.3/maven-deploy-plugin-3.1.3.jar
2025-03-19 13:38:17,755 [Worker-3: Import Getting Started Content] INFO  o.e.m.c.i.e.AbstractTransferListenerAdapter - Downloading https://repo.maven.apache.org/maven2/org/apache/maven/plugins/maven-site-plugin/3.12.1/maven-site-plugin-3.12.1.jar
2025-03-19 13:38:17,806 [Worker-3: Import Getting Started Content] INFO  o.e.m.c.i.e.AbstractTransferListenerAdapter - Downloaded https://repo.maven.apache.org/maven2/org/apache/maven/plugins/maven-site-plugin/3.12.1/maven-site-plugin-3.12.1.jar
2025-03-19 13:38:17,876 [Worker-3: Import Getting Started Content] INFO  o.e.m.c.i.e.AbstractTransferListenerAdapter - Downloading https://repo.maven.apache.org/maven2/org/apache/maven/plugins/maven-compiler-plugin/3.13.0/maven-compiler-plugin-3.13.0.pom
2025-03-19 13:38:17,916 [Worker-3: Import Getting Started Content] INFO  o.e.m.c.i.e.AbstractTransferListenerAdapter - Downloaded https://repo.maven.apache.org/maven2/org/apache/maven/plugins/maven-compiler-plugin/3.13.0/maven-compiler-plugin-3.13.0.pom
2025-03-19 13:38:17,955 [Worker-3: Import Getting Started Content] INFO  o.e.m.c.i.e.AbstractTransferListenerAdapter - Downloading https://repo.maven.apache.org/maven2/org/apache/maven/plugins/maven-plugins/41/maven-plugins-41.pom
2025-03-19 13:38:17,997 [Worker-3: Import Getting Started Content] INFO  o.e.m.c.i.e.AbstractTransferListenerAdapter - Downloaded https://repo.maven.apache.org/maven2/org/apache/maven/plugins/maven-plugins/41/maven-plugins-41.pom
2025-03-19 13:38:18,039 [Worker-3: Import Getting Started Content] INFO  o.e.m.c.i.e.AbstractTransferListenerAdapter - Downloading https://repo.maven.apache.org/maven2/org/apache/maven/maven-parent/41/maven-parent-41.pom
2025-03-19 13:38:18,071 [Worker-3: Import Getting Started Content] INFO  o.e.m.c.i.e.AbstractTransferListenerAdapter - Downloaded https://repo.maven.apache.org/maven2/org/apache/maven/maven-parent/41/maven-parent-41.pom
2025-03-19 13:38:18,108 [Worker-3: Import Getting Started Content] INFO  o.e.m.c.i.e.AbstractTransferListenerAdapter - Downloading https://repo.maven.apache.org/maven2/org/apache/apache/31/apache-31.pom
2025-03-19 13:38:18,142 [Worker-3: Import Getting Started Content] INFO  o.e.m.c.i.e.AbstractTransferListenerAdapter - Downloaded https://repo.maven.apache.org/maven2/org/apache/apache/31/apache-31.pom
2025-03-19 13:38:18,212 [Worker-3: Import Getting Started Content] INFO  o.e.m.c.i.e.AbstractTransferListenerAdapter - Downloading https://repo.maven.apache.org/maven2/org/apache/maven/shared/maven-shared-utils/3.4.2/maven-shared-utils-3.4.2.pom
2025-03-19 13:38:18,259 [Worker-3: Import Getting Started Content] INFO  o.e.m.c.i.e.AbstractTransferListenerAdapter - Downloaded https://repo.maven.apache.org/maven2/org/apache/maven/shared/maven-shared-utils/3.4.2/maven-shared-utils-3.4.2.pom
2025-03-19 13:38:18,283 [Worker-3: Import Getting Started Content] INFO  o.e.m.c.i.e.AbstractTransferListenerAdapter - Downloading https://repo.maven.apache.org/maven2/org/apache/maven/shared/maven-shared-components/39/maven-shared-components-39.pom
2025-03-19 13:38:18,317 [Worker-3: Import Getting Started Content] INFO  o.e.m.c.i.e.AbstractTransferListenerAdapter - Downloaded https://repo.maven.apache.org/maven2/org/apache/maven/shared/maven-shared-components/39/maven-shared-components-39.pom
2025-03-19 13:38:18,347 [Worker-3: Import Getting Started Content] INFO  o.e.m.c.i.e.AbstractTransferListenerAdapter - Downloading https://repo.maven.apache.org/maven2/org/apache/maven/maven-parent/39/maven-parent-39.pom
2025-03-19 13:38:18,381 [Worker-3: Import Getting Started Content] INFO  o.e.m.c.i.e.AbstractTransferListenerAdapter - Downloaded https://repo.maven.apache.org/maven2/org/apache/maven/maven-parent/39/maven-parent-39.pom
2025-03-19 13:38:18,423 [Worker-3: Import Getting Started Content] INFO  o.e.m.c.i.e.AbstractTransferListenerAdapter - Downloading https://repo.maven.apache.org/maven2/org/slf4j/slf4j-api/1.7.36/slf4j-api-1.7.36.pom
2025-03-19 13:38:18,453 [Worker-3: Import Getting Started Content] INFO  o.e.m.c.i.e.AbstractTransferListenerAdapter - Downloaded https://repo.maven.apache.org/maven2/org/slf4j/slf4j-api/1.7.36/slf4j-api-1.7.36.pom
2025-03-19 13:38:18,476 [Worker-3: Import Getting Started Content] INFO  o.e.m.c.i.e.AbstractTransferListenerAdapter - Downloading https://repo.maven.apache.org/maven2/org/slf4j/slf4j-parent/1.7.36/slf4j-parent-1.7.36.pom
2025-03-19 13:38:18,510 [Worker-3: Import Getting Started Content] INFO  o.e.m.c.i.e.AbstractTransferListenerAdapter - Downloaded https://repo.maven.apache.org/maven2/org/slf4j/slf4j-parent/1.7.36/slf4j-parent-1.7.36.pom
2025-03-19 13:38:18,547 [Worker-3: Import Getting Started Content] INFO  o.e.m.c.i.e.AbstractTransferListenerAdapter - Downloading https://repo.maven.apache.org/maven2/commons-io/commons-io/2.11.0/commons-io-2.11.0.pom
2025-03-19 13:38:18,579 [Worker-3: Import Getting Started Content] INFO  o.e.m.c.i.e.AbstractTransferListenerAdapter - Downloaded https://repo.maven.apache.org/maven2/commons-io/commons-io/2.11.0/commons-io-2.11.0.pom
2025-03-19 13:38:18,616 [Worker-3: Import Getting Started Content] INFO  o.e.m.c.i.e.AbstractTransferListenerAdapter - Downloading https://repo.maven.apache.org/maven2/org/apache/commons/commons-parent/52/commons-parent-52.pom
2025-03-19 13:38:18,653 [Worker-3: Import Getting Started Content] INFO  o.e.m.c.i.e.AbstractTransferListenerAdapter - Downloaded https://repo.maven.apache.org/maven2/org/apache/commons/commons-parent/52/commons-parent-52.pom
2025-03-19 13:38:18,688 [Worker-3: Import Getting Started Content] INFO  o.e.m.c.i.e.AbstractTransferListenerAdapter - Downloading https://repo.maven.apache.org/maven2/org/apache/apache/23/apache-23.pom
2025-03-19 13:38:18,721 [Worker-3: Import Getting Started Content] INFO  o.e.m.c.i.e.AbstractTransferListenerAdapter - Downloaded https://repo.maven.apache.org/maven2/org/apache/apache/23/apache-23.pom
2025-03-19 13:38:18,763 [Worker-3: Import Getting Started Content] INFO  o.e.m.c.i.e.AbstractTransferListenerAdapter - Downloading https://repo.maven.apache.org/maven2/org/junit/junit-bom/5.7.2/junit-bom-5.7.2.pom
2025-03-19 13:38:18,791 [Worker-3: Import Getting Started Content] INFO  o.e.m.c.i.e.AbstractTransferListenerAdapter - Downloaded https://repo.maven.apache.org/maven2/org/junit/junit-bom/5.7.2/junit-bom-5.7.2.pom
2025-03-19 13:38:18,830 [Worker-3: Import Getting Started Content] INFO  o.e.m.c.i.e.AbstractTransferListenerAdapter - Downloading https://repo.maven.apache.org/maven2/org/apache/maven/shared/maven-shared-incremental/1.1/maven-shared-incremental-1.1.pom
2025-03-19 13:38:18,860 [Worker-3: Import Getting Started Content] INFO  o.e.m.c.i.e.AbstractTransferListenerAdapter - Downloaded https://repo.maven.apache.org/maven2/org/apache/maven/shared/maven-shared-incremental/1.1/maven-shared-incremental-1.1.pom
2025-03-19 13:38:18,897 [Worker-3: Import Getting Started Content] INFO  o.e.m.c.i.e.AbstractTransferListenerAdapter - Downloading https://repo.maven.apache.org/maven2/org/apache/maven/shared/maven-shared-components/19/maven-shared-components-19.pom
2025-03-19 13:38:18,927 [Worker-3: Import Getting Started Content] INFO  o.e.m.c.i.e.AbstractTransferListenerAdapter - Downloaded https://repo.maven.apache.org/maven2/org/apache/maven/shared/maven-shared-components/19/maven-shared-components-19.pom
2025-03-19 13:38:18,953 [Worker-3: Import Getting Started Content] INFO  o.e.m.c.i.e.AbstractTransferListenerAdapter - Downloading https://repo.maven.apache.org/maven2/org/apache/maven/maven-parent/23/maven-parent-23.pom
2025-03-19 13:38:18,987 [Worker-3: Import Getting Started Content] INFO  o.e.m.c.i.e.AbstractTransferListenerAdapter - Downloaded https://repo.maven.apache.org/maven2/org/apache/maven/maven-parent/23/maven-parent-23.pom
2025-03-19 13:38:19,029 [Worker-3: Import Getting Started Content] INFO  o.e.m.c.i.e.AbstractTransferListenerAdapter - Downloading https://repo.maven.apache.org/maven2/org/apache/apache/13/apache-13.pom
2025-03-19 13:38:19,061 [Worker-3: Import Getting Started Content] INFO  o.e.m.c.i.e.AbstractTransferListenerAdapter - Downloaded https://repo.maven.apache.org/maven2/org/apache/apache/13/apache-13.pom
2025-03-19 13:38:19,101 [Worker-3: Import Getting Started Content] INFO  o.e.m.c.i.e.AbstractTransferListenerAdapter - Downloading https://repo.maven.apache.org/maven2/org/codehaus/plexus/plexus-java/1.2.0/plexus-java-1.2.0.pom
2025-03-19 13:38:19,127 [Worker-3: Import Getting Started Content] INFO  o.e.m.c.i.e.AbstractTransferListenerAdapter - Downloaded https://repo.maven.apache.org/maven2/org/codehaus/plexus/plexus-java/1.2.0/plexus-java-1.2.0.pom
2025-03-19 13:38:19,150 [Worker-3: Import Getting Started Content] INFO  o.e.m.c.i.e.AbstractTransferListenerAdapter - Downloading https://repo.maven.apache.org/maven2/org/codehaus/plexus/plexus-languages/1.2.0/plexus-languages-1.2.0.pom
2025-03-19 13:38:19,179 [Worker-3: Import Getting Started Content] INFO  o.e.m.c.i.e.AbstractTransferListenerAdapter - Downloaded https://repo.maven.apache.org/maven2/org/codehaus/plexus/plexus-languages/1.2.0/plexus-languages-1.2.0.pom
2025-03-19 13:38:19,213 [Worker-3: Import Getting Started Content] INFO  o.e.m.c.i.e.AbstractTransferListenerAdapter - Downloading https://repo.maven.apache.org/maven2/org/codehaus/plexus/plexus/15/plexus-15.pom
2025-03-19 13:38:19,244 [Worker-3: Import Getting Started Content] INFO  o.e.m.c.i.e.AbstractTransferListenerAdapter - Downloaded https://repo.maven.apache.org/maven2/org/codehaus/plexus/plexus/15/plexus-15.pom
2025-03-19 13:38:19,284 [Worker-3: Import Getting Started Content] INFO  o.e.m.c.i.e.AbstractTransferListenerAdapter - Downloading https://repo.maven.apache.org/maven2/org/junit/junit-bom/5.10.0/junit-bom-5.10.0.pom
2025-03-19 13:38:19,312 [Worker-3: Import Getting Started Content] INFO  o.e.m.c.i.e.AbstractTransferListenerAdapter - Downloaded https://repo.maven.apache.org/maven2/org/junit/junit-bom/5.10.0/junit-bom-5.10.0.pom
2025-03-19 13:38:19,338 [Worker-3: Import Getting Started Content] INFO  o.e.m.c.i.e.AbstractTransferListenerAdapter - Downloading https://repo.maven.apache.org/maven2/org/ow2/asm/asm/9.6/asm-9.6.pom
2025-03-19 13:38:19,364 [Worker-3: Import Getting Started Content] INFO  o.e.m.c.i.e.AbstractTransferListenerAdapter - Downloaded https://repo.maven.apache.org/maven2/org/ow2/asm/asm/9.6/asm-9.6.pom
2025-03-19 13:38:19,399 [Worker-3: Import Getting Started Content] INFO  o.e.m.c.i.e.AbstractTransferListenerAdapter - Downloading https://repo.maven.apache.org/maven2/org/ow2/ow2/1.5.1/ow2-1.5.1.pom
2025-03-19 13:38:19,431 [Worker-3: Import Getting Started Content] INFO  o.e.m.c.i.e.AbstractTransferListenerAdapter - Downloaded https://repo.maven.apache.org/maven2/org/ow2/ow2/1.5.1/ow2-1.5.1.pom
2025-03-19 13:38:19,475 [Worker-3: Import Getting Started Content] INFO  o.e.m.c.i.e.AbstractTransferListenerAdapter - Downloading https://repo.maven.apache.org/maven2/com/thoughtworks/qdox/qdox/2.0.3/qdox-2.0.3.pom
2025-03-19 13:38:19,507 [Worker-3: Import Getting Started Content] INFO  o.e.m.c.i.e.AbstractTransferListenerAdapter - Downloaded https://repo.maven.apache.org/maven2/com/thoughtworks/qdox/qdox/2.0.3/qdox-2.0.3.pom
2025-03-19 13:38:19,548 [Worker-3: Import Getting Started Content] INFO  o.e.m.c.i.e.AbstractTransferListenerAdapter - Downloading https://repo.maven.apache.org/maven2/org/sonatype/oss/oss-parent/9/oss-parent-9.pom
2025-03-19 13:38:19,577 [Worker-3: Import Getting Started Content] INFO  o.e.m.c.i.e.AbstractTransferListenerAdapter - Downloaded https://repo.maven.apache.org/maven2/org/sonatype/oss/oss-parent/9/oss-parent-9.pom
2025-03-19 13:38:19,602 [Worker-3: Import Getting Started Content] INFO  o.e.m.c.i.e.AbstractTransferListenerAdapter - Downloading https://repo.maven.apache.org/maven2/org/codehaus/plexus/plexus-compiler-api/2.15.0/plexus-compiler-api-2.15.0.pom
2025-03-19 13:38:19,629 [Worker-3: Import Getting Started Content] INFO  o.e.m.c.i.e.AbstractTransferListenerAdapter - Downloaded https://repo.maven.apache.org/maven2/org/codehaus/plexus/plexus-compiler-api/2.15.0/plexus-compiler-api-2.15.0.pom
2025-03-19 13:38:19,657 [Worker-3: Import Getting Started Content] INFO  o.e.m.c.i.e.AbstractTransferListenerAdapter - Downloading https://repo.maven.apache.org/maven2/org/codehaus/plexus/plexus-compiler/2.15.0/plexus-compiler-2.15.0.pom
2025-03-19 13:38:19,685 [Worker-3: Import Getting Started Content] INFO  o.e.m.c.i.e.AbstractTransferListenerAdapter - Downloaded https://repo.maven.apache.org/maven2/org/codehaus/plexus/plexus-compiler/2.15.0/plexus-compiler-2.15.0.pom
2025-03-19 13:38:19,710 [Worker-3: Import Getting Started Content] INFO  o.e.m.c.i.e.AbstractTransferListenerAdapter - Downloading https://repo.maven.apache.org/maven2/org/codehaus/plexus/plexus/17/plexus-17.pom
2025-03-19 13:38:19,741 [Worker-3: Import Getting Started Content] INFO  o.e.m.c.i.e.AbstractTransferListenerAdapter - Downloaded https://repo.maven.apache.org/maven2/org/codehaus/plexus/plexus/17/plexus-17.pom
2025-03-19 13:38:19,776 [Worker-3: Import Getting Started Content] INFO  o.e.m.c.i.e.AbstractTransferListenerAdapter - Downloading https://repo.maven.apache.org/maven2/org/junit/junit-bom/5.10.2/junit-bom-5.10.2.pom
2025-03-19 13:38:19,806 [Worker-3: Import Getting Started Content] INFO  o.e.m.c.i.e.AbstractTransferListenerAdapter - Downloaded https://repo.maven.apache.org/maven2/org/junit/junit-bom/5.10.2/junit-bom-5.10.2.pom
2025-03-19 13:38:19,832 [Worker-3: Import Getting Started Content] INFO  o.e.m.c.i.e.AbstractTransferListenerAdapter - Downloading https://repo.maven.apache.org/maven2/org/codehaus/plexus/plexus-utils/4.0.0/plexus-utils-4.0.0.pom
2025-03-19 13:38:19,863 [Worker-3: Import Getting Started Content] INFO  o.e.m.c.i.e.AbstractTransferListenerAdapter - Downloaded https://repo.maven.apache.org/maven2/org/codehaus/plexus/plexus-utils/4.0.0/plexus-utils-4.0.0.pom
2025-03-19 13:38:19,895 [Worker-3: Import Getting Started Content] INFO  o.e.m.c.i.e.AbstractTransferListenerAdapter - Downloading https://repo.maven.apache.org/maven2/org/codehaus/plexus/plexus/13/plexus-13.pom
2025-03-19 13:38:19,926 [Worker-3: Import Getting Started Content] INFO  o.e.m.c.i.e.AbstractTransferListenerAdapter - Downloaded https://repo.maven.apache.org/maven2/org/codehaus/plexus/plexus/13/plexus-13.pom
2025-03-19 13:38:19,962 [Worker-3: Import Getting Started Content] INFO  o.e.m.c.i.e.AbstractTransferListenerAdapter - Downloading https://repo.maven.apache.org/maven2/org/junit/junit-bom/5.9.3/junit-bom-5.9.3.pom
2025-03-19 13:38:19,990 [Worker-3: Import Getting Started Content] INFO  o.e.m.c.i.e.AbstractTransferListenerAdapter - Downloaded https://repo.maven.apache.org/maven2/org/junit/junit-bom/5.9.3/junit-bom-5.9.3.pom
2025-03-19 13:38:20,015 [Worker-3: Import Getting Started Content] INFO  o.e.m.c.i.e.AbstractTransferListenerAdapter - Downloading https://repo.maven.apache.org/maven2/org/codehaus/plexus/plexus-compiler-manager/2.15.0/plexus-compiler-manager-2.15.0.pom
2025-03-19 13:38:20,043 [Worker-3: Import Getting Started Content] INFO  o.e.m.c.i.e.AbstractTransferListenerAdapter - Downloaded https://repo.maven.apache.org/maven2/org/codehaus/plexus/plexus-compiler-manager/2.15.0/plexus-compiler-manager-2.15.0.pom
2025-03-19 13:38:20,069 [Worker-3: Import Getting Started Content] INFO  o.e.m.c.i.e.AbstractTransferListenerAdapter - Downloading https://repo.maven.apache.org/maven2/javax/inject/javax.inject/1/javax.inject-1.pom
2025-03-19 13:38:20,097 [Worker-3: Import Getting Started Content] INFO  o.e.m.c.i.e.AbstractTransferListenerAdapter - Downloaded https://repo.maven.apache.org/maven2/javax/inject/javax.inject/1/javax.inject-1.pom
2025-03-19 13:38:20,123 [Worker-3: Import Getting Started Content] INFO  o.e.m.c.i.e.AbstractTransferListenerAdapter - Downloading https://repo.maven.apache.org/maven2/org/codehaus/plexus/plexus-xml/3.0.0/plexus-xml-3.0.0.pom
2025-03-19 13:38:20,155 [Worker-3: Import Getting Started Content] INFO  o.e.m.c.i.e.AbstractTransferListenerAdapter - Downloaded https://repo.maven.apache.org/maven2/org/codehaus/plexus/plexus-xml/3.0.0/plexus-xml-3.0.0.pom
2025-03-19 13:38:20,188 [Worker-3: Import Getting Started Content] INFO  o.e.m.c.i.e.AbstractTransferListenerAdapter - Downloading https://repo.maven.apache.org/maven2/org/codehaus/plexus/plexus-compiler-javac/2.15.0/plexus-compiler-javac-2.15.0.pom
2025-03-19 13:38:20,215 [Worker-3: Import Getting Started Content] INFO  o.e.m.c.i.e.AbstractTransferListenerAdapter - Downloaded https://repo.maven.apache.org/maven2/org/codehaus/plexus/plexus-compiler-javac/2.15.0/plexus-compiler-javac-2.15.0.pom
2025-03-19 13:38:20,248 [Worker-3: Import Getting Started Content] INFO  o.e.m.c.i.e.AbstractTransferListenerAdapter - Downloading https://repo.maven.apache.org/maven2/org/codehaus/plexus/plexus-compilers/2.15.0/plexus-compilers-2.15.0.pom
2025-03-19 13:38:20,277 [Worker-3: Import Getting Started Content] INFO  o.e.m.c.i.e.AbstractTransferListenerAdapter - Downloaded https://repo.maven.apache.org/maven2/org/codehaus/plexus/plexus-compilers/2.15.0/plexus-compilers-2.15.0.pom
2025-03-19 13:38:20,316 [Worker-3: Import Getting Started Content] INFO  o.e.m.c.i.e.AbstractTransferListenerAdapter - Downloading https://repo.maven.apache.org/maven2/org/apache/maven/shared/maven-shared-utils/3.4.2/maven-shared-utils-3.4.2.jar
2025-03-19 13:38:20,371 [Worker-3: Import Getting Started Content] INFO  o.e.m.c.i.e.AbstractTransferListenerAdapter - Downloaded https://repo.maven.apache.org/maven2/org/apache/maven/shared/maven-shared-utils/3.4.2/maven-shared-utils-3.4.2.jar
2025-03-19 13:38:20,397 [BasicRepositoryConnector-repo.maven.apache.org-0-4] INFO  o.e.m.c.i.e.AbstractTransferListenerAdapter - Downloading https://repo.maven.apache.org/maven2/org/ow2/asm/asm/9.6/asm-9.6.jar
2025-03-19 13:38:20,444 [BasicRepositoryConnector-repo.maven.apache.org-0-4] INFO  o.e.m.c.i.e.AbstractTransferListenerAdapter - Downloaded https://repo.maven.apache.org/maven2/org/ow2/asm/asm/9.6/asm-9.6.jar
2025-03-19 13:38:20,456 [BasicRepositoryConnector-repo.maven.apache.org-0-0] INFO  o.e.m.c.i.e.AbstractTransferListenerAdapter - Downloading https://repo.maven.apache.org/maven2/org/slf4j/slf4j-api/1.7.36/slf4j-api-1.7.36.jar
2025-03-19 13:38:20,456 [BasicRepositoryConnector-repo.maven.apache.org-0-2] INFO  o.e.m.c.i.e.AbstractTransferListenerAdapter - Downloading https://repo.maven.apache.org/maven2/org/apache/maven/shared/maven-shared-incremental/1.1/maven-shared-incremental-1.1.jar
2025-03-19 13:38:20,479 [BasicRepositoryConnector-repo.maven.apache.org-0-1] INFO  o.e.m.c.i.e.AbstractTransferListenerAdapter - Downloading https://repo.maven.apache.org/maven2/commons-io/commons-io/2.11.0/commons-io-2.11.0.jar
2025-03-19 13:38:20,480 [BasicRepositoryConnector-repo.maven.apache.org-0-3] INFO  o.e.m.c.i.e.AbstractTransferListenerAdapter - Downloading https://repo.maven.apache.org/maven2/org/codehaus/plexus/plexus-java/1.2.0/plexus-java-1.2.0.jar
2025-03-19 13:38:20,480 [BasicRepositoryConnector-repo.maven.apache.org-0-4] INFO  o.e.m.c.i.e.AbstractTransferListenerAdapter - Downloading https://repo.maven.apache.org/maven2/com/thoughtworks/qdox/qdox/2.0.3/qdox-2.0.3.jar
2025-03-19 13:38:20,567 [BasicRepositoryConnector-repo.maven.apache.org-0-3] INFO  o.e.m.c.i.e.AbstractTransferListenerAdapter - Downloaded https://repo.maven.apache.org/maven2/org/codehaus/plexus/plexus-java/1.2.0/plexus-java-1.2.0.jar
2025-03-19 13:38:20,568 [BasicRepositoryConnector-repo.maven.apache.org-0-4] INFO  o.e.m.c.i.e.AbstractTransferListenerAdapter - Downloaded https://repo.maven.apache.org/maven2/com/thoughtworks/qdox/qdox/2.0.3/qdox-2.0.3.jar
2025-03-19 13:38:20,593 [BasicRepositoryConnector-repo.maven.apache.org-0-3] INFO  o.e.m.c.i.e.AbstractTransferListenerAdapter - Downloading https://repo.maven.apache.org/maven2/org/codehaus/plexus/plexus-compiler-api/2.15.0/plexus-compiler-api-2.15.0.jar
2025-03-19 13:38:20,603 [BasicRepositoryConnector-repo.maven.apache.org-0-4] INFO  o.e.m.c.i.e.AbstractTransferListenerAdapter - Downloading https://repo.maven.apache.org/maven2/org/codehaus/plexus/plexus-compiler-manager/2.15.0/plexus-compiler-manager-2.15.0.jar
2025-03-19 13:38:20,701 [BasicRepositoryConnector-repo.maven.apache.org-0-4] INFO  o.e.m.c.i.e.AbstractTransferListenerAdapter - Downloaded https://repo.maven.apache.org/maven2/org/codehaus/plexus/plexus-compiler-manager/2.15.0/plexus-compiler-manager-2.15.0.jar
2025-03-19 13:38:20,733 [BasicRepositoryConnector-repo.maven.apache.org-0-4] INFO  o.e.m.c.i.e.AbstractTransferListenerAdapter - Downloading https://repo.maven.apache.org/maven2/javax/inject/javax.inject/1/javax.inject-1.jar
2025-03-19 13:38:20,748 [BasicRepositoryConnector-repo.maven.apache.org-0-2] INFO  o.e.m.c.i.e.AbstractTransferListenerAdapter - Downloaded https://repo.maven.apache.org/maven2/org/apache/maven/shared/maven-shared-incremental/1.1/maven-shared-incremental-1.1.jar
2025-03-19 13:38:20,761 [BasicRepositoryConnector-repo.maven.apache.org-0-4] INFO  o.e.m.c.i.e.AbstractTransferListenerAdapter - Downloaded https://repo.maven.apache.org/maven2/javax/inject/javax.inject/1/javax.inject-1.jar
2025-03-19 13:38:20,779 [BasicRepositoryConnector-repo.maven.apache.org-0-2] INFO  o.e.m.c.i.e.AbstractTransferListenerAdapter - Downloading https://repo.maven.apache.org/maven2/org/codehaus/plexus/plexus-xml/3.0.0/plexus-xml-3.0.0.jar
2025-03-19 13:38:20,786 [BasicRepositoryConnector-repo.maven.apache.org-0-4] INFO  o.e.m.c.i.e.AbstractTransferListenerAdapter - Downloading https://repo.maven.apache.org/maven2/org/codehaus/plexus/plexus-compiler-javac/2.15.0/plexus-compiler-javac-2.15.0.jar
2025-03-19 13:38:20,815 [BasicRepositoryConnector-repo.maven.apache.org-0-1] INFO  o.e.m.c.i.e.AbstractTransferListenerAdapter - Downloaded https://repo.maven.apache.org/maven2/commons-io/commons-io/2.11.0/commons-io-2.11.0.jar
2025-03-19 13:38:20,854 [BasicRepositoryConnector-repo.maven.apache.org-0-1] INFO  o.e.m.c.i.e.AbstractTransferListenerAdapter - Downloading https://repo.maven.apache.org/maven2/org/codehaus/plexus/plexus-utils/4.0.0/plexus-utils-4.0.0.jar
2025-03-19 13:38:20,865 [BasicRepositoryConnector-repo.maven.apache.org-0-2] INFO  o.e.m.c.i.e.AbstractTransferListenerAdapter - Downloaded https://repo.maven.apache.org/maven2/org/codehaus/plexus/plexus-xml/3.0.0/plexus-xml-3.0.0.jar
2025-03-19 13:38:20,967 [BasicRepositoryConnector-repo.maven.apache.org-0-1] INFO  o.e.m.c.i.e.AbstractTransferListenerAdapter - Downloaded https://repo.maven.apache.org/maven2/org/codehaus/plexus/plexus-utils/4.0.0/plexus-utils-4.0.0.jar
2025-03-19 13:38:21,072 [BasicRepositoryConnector-repo.maven.apache.org-0-4] INFO  o.e.m.c.i.e.AbstractTransferListenerAdapter - Downloaded https://repo.maven.apache.org/maven2/org/codehaus/plexus/plexus-compiler-javac/2.15.0/plexus-compiler-javac-2.15.0.jar
2025-03-19 13:38:21,112 [BasicRepositoryConnector-repo.maven.apache.org-0-3] INFO  o.e.m.c.i.e.AbstractTransferListenerAdapter - Downloaded https://repo.maven.apache.org/maven2/org/codehaus/plexus/plexus-compiler-api/2.15.0/plexus-compiler-api-2.15.0.jar
2025-03-19 13:38:21,176 [BasicRepositoryConnector-repo.maven.apache.org-0-0] INFO  o.e.m.c.i.e.AbstractTransferListenerAdapter - Downloaded https://repo.maven.apache.org/maven2/org/slf4j/slf4j-api/1.7.36/slf4j-api-1.7.36.jar
2025-03-19 13:38:22,300 [Worker-3: Import Getting Started Content] INFO  o.e.m.c.i.l.LifecycleMappingFactory - Using org.eclipse.m2e.jdt.JarLifecycleMapping lifecycle mapping for MavenProject: com.example:ShopmeCommon:0.0.1-SNAPSHOT @ C:\ShopmeEcommerce\ShopmeProject\ShopmeCommon\pom.xml.
2025-03-19 13:38:22,332 [Worker-3: Import Getting Started Content] INFO  o.e.m.c.i.e.AbstractTransferListenerAdapter - Downloading https://repo.maven.apache.org/maven2/org/springframework/boot/spring-boot-starter-data-jpa/3.4.3/spring-boot-starter-data-jpa-3.4.3.pom
2025-03-19 13:38:22,367 [Worker-3: Import Getting Started Content] INFO  o.e.m.c.i.e.AbstractTransferListenerAdapter - Downloaded https://repo.maven.apache.org/maven2/org/springframework/boot/spring-boot-starter-data-jpa/3.4.3/spring-boot-starter-data-jpa-3.4.3.pom
2025-03-19 13:38:22,394 [Worker-3: Import Getting Started Content] INFO  o.e.m.c.i.e.AbstractTransferListenerAdapter - Downloading https://repo.maven.apache.org/maven2/org/springframework/boot/spring-boot-starter/3.4.3/spring-boot-starter-3.4.3.pom
2025-03-19 13:38:22,418 [Worker-3: Import Getting Started Content] INFO  o.e.m.c.i.e.AbstractTransferListenerAdapter - Downloaded https://repo.maven.apache.org/maven2/org/springframework/boot/spring-boot-starter/3.4.3/spring-boot-starter-3.4.3.pom
2025-03-19 13:38:22,445 [Worker-3: Import Getting Started Content] INFO  o.e.m.c.i.e.AbstractTransferListenerAdapter - Downloading https://repo.maven.apache.org/maven2/org/springframework/boot/spring-boot/3.4.3/spring-boot-3.4.3.pom
2025-03-19 13:38:22,470 [Worker-3: Import Getting Started Content] INFO  o.e.m.c.i.e.AbstractTransferListenerAdapter - Downloaded https://repo.maven.apache.org/maven2/org/springframework/boot/spring-boot/3.4.3/spring-boot-3.4.3.pom
2025-03-19 13:38:22,493 [Worker-3: Import Getting Started Content] INFO  o.e.m.c.i.e.AbstractTransferListenerAdapter - Downloading https://repo.maven.apache.org/maven2/org/springframework/spring-core/6.2.3/spring-core-6.2.3.pom
2025-03-19 13:38:22,516 [Worker-3: Import Getting Started Content] INFO  o.e.m.c.i.e.AbstractTransferListenerAdapter - Downloaded https://repo.maven.apache.org/maven2/org/springframework/spring-core/6.2.3/spring-core-6.2.3.pom
2025-03-19 13:38:22,539 [Worker-3: Import Getting Started Content] INFO  o.e.m.c.i.e.AbstractTransferListenerAdapter - Downloading https://repo.maven.apache.org/maven2/org/springframework/spring-jcl/6.2.3/spring-jcl-6.2.3.pom
2025-03-19 13:38:22,563 [Worker-3: Import Getting Started Content] INFO  o.e.m.c.i.e.AbstractTransferListenerAdapter - Downloaded https://repo.maven.apache.org/maven2/org/springframework/spring-jcl/6.2.3/spring-jcl-6.2.3.pom
2025-03-19 13:38:22,590 [Worker-3: Import Getting Started Content] INFO  o.e.m.c.i.e.AbstractTransferListenerAdapter - Downloading https://repo.maven.apache.org/maven2/org/springframework/spring-context/6.2.3/spring-context-6.2.3.pom
2025-03-19 13:38:22,614 [Worker-3: Import Getting Started Content] INFO  o.e.m.c.i.e.AbstractTransferListenerAdapter - Downloaded https://repo.maven.apache.org/maven2/org/springframework/spring-context/6.2.3/spring-context-6.2.3.pom
2025-03-19 13:38:22,656 [Worker-3: Import Getting Started Content] INFO  o.e.m.c.i.e.AbstractTransferListenerAdapter - Downloading https://repo.maven.apache.org/maven2/org/springframework/spring-aop/6.2.3/spring-aop-6.2.3.pom
2025-03-19 13:38:22,683 [Worker-3: Import Getting Started Content] INFO  o.e.m.c.i.e.AbstractTransferListenerAdapter - Downloaded https://repo.maven.apache.org/maven2/org/springframework/spring-aop/6.2.3/spring-aop-6.2.3.pom
2025-03-19 13:38:22,709 [Worker-3: Import Getting Started Content] INFO  o.e.m.c.i.e.AbstractTransferListenerAdapter - Downloading https://repo.maven.apache.org/maven2/org/springframework/spring-beans/6.2.3/spring-beans-6.2.3.pom
2025-03-19 13:38:22,734 [Worker-3: Import Getting Started Content] INFO  o.e.m.c.i.e.AbstractTransferListenerAdapter - Downloaded https://repo.maven.apache.org/maven2/org/springframework/spring-beans/6.2.3/spring-beans-6.2.3.pom
2025-03-19 13:38:22,760 [Worker-3: Import Getting Started Content] INFO  o.e.m.c.i.e.AbstractTransferListenerAdapter - Downloading https://repo.maven.apache.org/maven2/org/springframework/spring-expression/6.2.3/spring-expression-6.2.3.pom
2025-03-19 13:38:22,784 [Worker-3: Import Getting Started Content] INFO  o.e.m.c.i.e.AbstractTransferListenerAdapter - Downloaded https://repo.maven.apache.org/maven2/org/springframework/spring-expression/6.2.3/spring-expression-6.2.3.pom
2025-03-19 13:38:22,809 [Worker-3: Import Getting Started Content] INFO  o.e.m.c.i.e.AbstractTransferListenerAdapter - Downloading https://repo.maven.apache.org/maven2/io/micrometer/micrometer-observation/1.14.4/micrometer-observation-1.14.4.pom
2025-03-19 13:38:22,832 [Worker-3: Import Getting Started Content] INFO  o.e.m.c.i.e.AbstractTransferListenerAdapter - Downloaded https://repo.maven.apache.org/maven2/io/micrometer/micrometer-observation/1.14.4/micrometer-observation-1.14.4.pom
2025-03-19 13:38:22,858 [Worker-3: Import Getting Started Content] INFO  o.e.m.c.i.e.AbstractTransferListenerAdapter - Downloading https://repo.maven.apache.org/maven2/io/micrometer/micrometer-commons/1.14.4/micrometer-commons-1.14.4.pom
2025-03-19 13:38:22,889 [Worker-3: Import Getting Started Content] INFO  o.e.m.c.i.e.AbstractTransferListenerAdapter - Downloaded https://repo.maven.apache.org/maven2/io/micrometer/micrometer-commons/1.14.4/micrometer-commons-1.14.4.pom
2025-03-19 13:38:22,912 [Worker-3: Import Getting Started Content] INFO  o.e.m.c.i.e.AbstractTransferListenerAdapter - Downloading https://repo.maven.apache.org/maven2/org/springframework/boot/spring-boot-autoconfigure/3.4.3/spring-boot-autoconfigure-3.4.3.pom
2025-03-19 13:38:22,936 [Worker-3: Import Getting Started Content] INFO  o.e.m.c.i.e.AbstractTransferListenerAdapter - Downloaded https://repo.maven.apache.org/maven2/org/springframework/boot/spring-boot-autoconfigure/3.4.3/spring-boot-autoconfigure-3.4.3.pom
2025-03-19 13:38:22,958 [Worker-3: Import Getting Started Content] INFO  o.e.m.c.i.e.AbstractTransferListenerAdapter - Downloading https://repo.maven.apache.org/maven2/org/springframework/boot/spring-boot-starter-logging/3.4.3/spring-boot-starter-logging-3.4.3.pom
2025-03-19 13:38:22,984 [Worker-3: Import Getting Started Content] INFO  o.e.m.c.i.e.AbstractTransferListenerAdapter - Downloaded https://repo.maven.apache.org/maven2/org/springframework/boot/spring-boot-starter-logging/3.4.3/spring-boot-starter-logging-3.4.3.pom
2025-03-19 13:38:23,006 [Worker-3: Import Getting Started Content] INFO  o.e.m.c.i.e.AbstractTransferListenerAdapter - Downloading https://repo.maven.apache.org/maven2/ch/qos/logback/logback-classic/1.5.16/logback-classic-1.5.16.pom
2025-03-19 13:38:23,037 [Worker-3: Import Getting Started Content] INFO  o.e.m.c.i.e.AbstractTransferListenerAdapter - Downloaded https://repo.maven.apache.org/maven2/ch/qos/logback/logback-classic/1.5.16/logback-classic-1.5.16.pom
2025-03-19 13:38:23,068 [Worker-3: Import Getting Started Content] INFO  o.e.m.c.i.e.AbstractTransferListenerAdapter - Downloading https://repo.maven.apache.org/maven2/ch/qos/logback/logback-parent/1.5.16/logback-parent-1.5.16.pom
2025-03-19 13:38:23,097 [Worker-3: Import Getting Started Content] INFO  o.e.m.c.i.e.AbstractTransferListenerAdapter - Downloaded https://repo.maven.apache.org/maven2/ch/qos/logback/logback-parent/1.5.16/logback-parent-1.5.16.pom
2025-03-19 13:38:23,131 [Worker-3: Import Getting Started Content] INFO  o.e.m.c.i.e.AbstractTransferListenerAdapter - Downloading https://repo.maven.apache.org/maven2/ch/qos/logback/logback-core/1.5.16/logback-core-1.5.16.pom
2025-03-19 13:38:23,155 [Worker-3: Import Getting Started Content] INFO  o.e.m.c.i.e.AbstractTransferListenerAdapter - Downloaded https://repo.maven.apache.org/maven2/ch/qos/logback/logback-core/1.5.16/logback-core-1.5.16.pom
2025-03-19 13:38:23,179 [Worker-3: Import Getting Started Content] INFO  o.e.m.c.i.e.AbstractTransferListenerAdapter - Downloading https://repo.maven.apache.org/maven2/org/slf4j/slf4j-api/2.0.16/slf4j-api-2.0.16.pom
2025-03-19 13:38:23,202 [Worker-3: Import Getting Started Content] INFO  o.e.m.c.i.e.AbstractTransferListenerAdapter - Downloaded https://repo.maven.apache.org/maven2/org/slf4j/slf4j-api/2.0.16/slf4j-api-2.0.16.pom
2025-03-19 13:38:23,221 [Worker-3: Import Getting Started Content] INFO  o.e.m.c.i.e.AbstractTransferListenerAdapter - Downloading https://repo.maven.apache.org/maven2/org/slf4j/slf4j-parent/2.0.16/slf4j-parent-2.0.16.pom
2025-03-19 13:38:23,248 [Worker-3: Import Getting Started Content] INFO  o.e.m.c.i.e.AbstractTransferListenerAdapter - Downloaded https://repo.maven.apache.org/maven2/org/slf4j/slf4j-parent/2.0.16/slf4j-parent-2.0.16.pom
2025-03-19 13:38:23,280 [Worker-3: Import Getting Started Content] INFO  o.e.m.c.i.e.AbstractTransferListenerAdapter - Downloading https://repo.maven.apache.org/maven2/org/slf4j/slf4j-bom/2.0.16/slf4j-bom-2.0.16.pom
2025-03-19 13:38:23,306 [Worker-3: Import Getting Started Content] INFO  o.e.m.c.i.e.AbstractTransferListenerAdapter - Downloaded https://repo.maven.apache.org/maven2/org/slf4j/slf4j-bom/2.0.16/slf4j-bom-2.0.16.pom
2025-03-19 13:38:23,334 [Worker-3: Import Getting Started Content] INFO  o.e.m.c.i.e.AbstractTransferListenerAdapter - Downloading https://repo.maven.apache.org/maven2/org/apache/logging/log4j/log4j-to-slf4j/2.24.3/log4j-to-slf4j-2.24.3.pom
2025-03-19 13:38:23,357 [Worker-3: Import Getting Started Content] INFO  o.e.m.c.i.e.AbstractTransferListenerAdapter - Downloaded https://repo.maven.apache.org/maven2/org/apache/logging/log4j/log4j-to-slf4j/2.24.3/log4j-to-slf4j-2.24.3.pom
2025-03-19 13:38:23,380 [Worker-3: Import Getting Started Content] INFO  o.e.m.c.i.e.AbstractTransferListenerAdapter - Downloading https://repo.maven.apache.org/maven2/org/apache/logging/log4j/log4j/2.24.3/log4j-2.24.3.pom
2025-03-19 13:38:23,431 [Worker-3: Import Getting Started Content] INFO  o.e.m.c.i.e.AbstractTransferListenerAdapter - Downloaded https://repo.maven.apache.org/maven2/org/apache/logging/log4j/log4j/2.24.3/log4j-2.24.3.pom
2025-03-19 13:38:23,478 [Worker-3: Import Getting Started Content] INFO  o.e.m.c.i.e.AbstractTransferListenerAdapter - Downloading https://repo.maven.apache.org/maven2/org/apache/groovy/groovy-bom/4.0.22/groovy-bom-4.0.22.pom
2025-03-19 13:38:23,508 [Worker-3: Import Getting Started Content] INFO  o.e.m.c.i.e.AbstractTransferListenerAdapter - Downloaded https://repo.maven.apache.org/maven2/org/apache/groovy/groovy-bom/4.0.22/groovy-bom-4.0.22.pom
2025-03-19 13:38:23,542 [Worker-3: Import Getting Started Content] INFO  o.e.m.c.i.e.AbstractTransferListenerAdapter - Downloading https://repo.maven.apache.org/maven2/com/fasterxml/jackson/jackson-bom/2.17.2/jackson-bom-2.17.2.pom
2025-03-19 13:38:23,572 [Worker-3: Import Getting Started Content] INFO  o.e.m.c.i.e.AbstractTransferListenerAdapter - Downloaded https://repo.maven.apache.org/maven2/com/fasterxml/jackson/jackson-bom/2.17.2/jackson-bom-2.17.2.pom
2025-03-19 13:38:23,605 [Worker-3: Import Getting Started Content] INFO  o.e.m.c.i.e.AbstractTransferListenerAdapter - Downloading https://repo.maven.apache.org/maven2/com/fasterxml/jackson/jackson-parent/2.17/jackson-parent-2.17.pom
2025-03-19 13:38:23,631 [Worker-3: Import Getting Started Content] INFO  o.e.m.c.i.e.AbstractTransferListenerAdapter - Downloaded https://repo.maven.apache.org/maven2/com/fasterxml/jackson/jackson-parent/2.17/jackson-parent-2.17.pom
2025-03-19 13:38:23,655 [Worker-3: Import Getting Started Content] INFO  o.e.m.c.i.e.AbstractTransferListenerAdapter - Downloading https://repo.maven.apache.org/maven2/com/fasterxml/oss-parent/58/oss-parent-58.pom
2025-03-19 13:38:23,685 [Worker-3: Import Getting Started Content] INFO  o.e.m.c.i.e.AbstractTransferListenerAdapter - Downloaded https://repo.maven.apache.org/maven2/com/fasterxml/oss-parent/58/oss-parent-58.pom
2025-03-19 13:38:23,725 [Worker-3: Import Getting Started Content] INFO  o.e.m.c.i.e.AbstractTransferListenerAdapter - Downloading https://repo.maven.apache.org/maven2/jakarta/platform/jakarta.jakartaee-bom/9.1.0/jakarta.jakartaee-bom-9.1.0.pom
2025-03-19 13:38:23,752 [Worker-3: Import Getting Started Content] INFO  o.e.m.c.i.e.AbstractTransferListenerAdapter - Downloaded https://repo.maven.apache.org/maven2/jakarta/platform/jakarta.jakartaee-bom/9.1.0/jakarta.jakartaee-bom-9.1.0.pom
2025-03-19 13:38:23,783 [Worker-3: Import Getting Started Content] INFO  o.e.m.c.i.e.AbstractTransferListenerAdapter - Downloading https://repo.maven.apache.org/maven2/jakarta/platform/jakartaee-api-parent/9.1.0/jakartaee-api-parent-9.1.0.pom
2025-03-19 13:38:23,812 [Worker-3: Import Getting Started Content] INFO  o.e.m.c.i.e.AbstractTransferListenerAdapter - Downloaded https://repo.maven.apache.org/maven2/jakarta/platform/jakartaee-api-parent/9.1.0/jakartaee-api-parent-9.1.0.pom
2025-03-19 13:38:23,841 [Worker-3: Import Getting Started Content] INFO  o.e.m.c.i.e.AbstractTransferListenerAdapter - Downloading https://repo.maven.apache.org/maven2/org/eclipse/ee4j/project/1.0.7/project-1.0.7.pom
2025-03-19 13:38:23,870 [Worker-3: Import Getting Started Content] INFO  o.e.m.c.i.e.AbstractTransferListenerAdapter - Downloaded https://repo.maven.apache.org/maven2/org/eclipse/ee4j/project/1.0.7/project-1.0.7.pom
2025-03-19 13:38:23,907 [Worker-3: Import Getting Started Content] INFO  o.e.m.c.i.e.AbstractTransferListenerAdapter - Downloading https://repo.maven.apache.org/maven2/org/junit/junit-bom/5.10.3/junit-bom-5.10.3.pom
2025-03-19 13:38:23,931 [Worker-3: Import Getting Started Content] INFO  o.e.m.c.i.e.AbstractTransferListenerAdapter - Downloaded https://repo.maven.apache.org/maven2/org/junit/junit-bom/5.10.3/junit-bom-5.10.3.pom
2025-03-19 13:38:23,954 [Worker-3: Import Getting Started Content] INFO  o.e.m.c.i.e.AbstractTransferListenerAdapter - Downloading https://repo.maven.apache.org/maven2/org/mockito/mockito-bom/4.11.0/mockito-bom-4.11.0.pom
2025-03-19 13:38:23,981 [Worker-3: Import Getting Started Content] INFO  o.e.m.c.i.e.AbstractTransferListenerAdapter - Downloaded https://repo.maven.apache.org/maven2/org/mockito/mockito-bom/4.11.0/mockito-bom-4.11.0.pom
2025-03-19 13:38:24,019 [Worker-3: Import Getting Started Content] INFO  o.e.m.c.i.e.AbstractTransferListenerAdapter - Downloading https://repo.maven.apache.org/maven2/org/springframework/spring-framework-bom/5.3.39/spring-framework-bom-5.3.39.pom
2025-03-19 13:38:24,044 [Worker-3: Import Getting Started Content] INFO  o.e.m.c.i.e.AbstractTransferListenerAdapter - Downloaded https://repo.maven.apache.org/maven2/org/springframework/spring-framework-bom/5.3.39/spring-framework-bom-5.3.39.pom
2025-03-19 13:38:24,068 [Worker-3: Import Getting Started Content] INFO  o.e.m.c.i.e.AbstractTransferListenerAdapter - Downloading https://repo.maven.apache.org/maven2/org/apache/logging/log4j/log4j-api/2.24.3/log4j-api-2.24.3.pom
2025-03-19 13:38:24,091 [Worker-3: Import Getting Started Content] INFO  o.e.m.c.i.e.AbstractTransferListenerAdapter - Downloaded https://repo.maven.apache.org/maven2/org/apache/logging/log4j/log4j-api/2.24.3/log4j-api-2.24.3.pom
2025-03-19 13:38:24,117 [Worker-3: Import Getting Started Content] INFO  o.e.m.c.i.e.AbstractTransferListenerAdapter - Downloading https://repo.maven.apache.org/maven2/org/slf4j/jul-to-slf4j/2.0.16/jul-to-slf4j-2.0.16.pom
2025-03-19 13:38:24,139 [Worker-3: Import Getting Started Content] INFO  o.e.m.c.i.e.AbstractTransferListenerAdapter - Downloaded https://repo.maven.apache.org/maven2/org/slf4j/jul-to-slf4j/2.0.16/jul-to-slf4j-2.0.16.pom
2025-03-19 13:38:24,186 [Worker-3: Import Getting Started Content] INFO  o.e.m.c.i.e.AbstractTransferListenerAdapter - Downloading https://repo.maven.apache.org/maven2/jakarta/annotation/jakarta.annotation-api/2.1.1/jakarta.annotation-api-2.1.1.pom
2025-03-19 13:38:24,217 [Worker-3: Import Getting Started Content] INFO  o.e.m.c.i.e.AbstractTransferListenerAdapter - Downloaded https://repo.maven.apache.org/maven2/jakarta/annotation/jakarta.annotation-api/2.1.1/jakarta.annotation-api-2.1.1.pom
2025-03-19 13:38:24,252 [Worker-3: Import Getting Started Content] INFO  o.e.m.c.i.e.AbstractTransferListenerAdapter - Downloading https://repo.maven.apache.org/maven2/org/yaml/snakeyaml/2.3/snakeyaml-2.3.pom
2025-03-19 13:38:24,281 [Worker-3: Import Getting Started Content] INFO  o.e.m.c.i.e.AbstractTransferListenerAdapter - Downloaded https://repo.maven.apache.org/maven2/org/yaml/snakeyaml/2.3/snakeyaml-2.3.pom
2025-03-19 13:38:24,314 [Worker-3: Import Getting Started Content] INFO  o.e.m.c.i.e.AbstractTransferListenerAdapter - Downloading https://repo.maven.apache.org/maven2/org/springframework/boot/spring-boot-starter-jdbc/3.4.3/spring-boot-starter-jdbc-3.4.3.pom
2025-03-19 13:38:24,340 [Worker-3: Import Getting Started Content] INFO  o.e.m.c.i.e.AbstractTransferListenerAdapter - Downloaded https://repo.maven.apache.org/maven2/org/springframework/boot/spring-boot-starter-jdbc/3.4.3/spring-boot-starter-jdbc-3.4.3.pom
2025-03-19 13:38:24,370 [Worker-3: Import Getting Started Content] INFO  o.e.m.c.i.e.AbstractTransferListenerAdapter - Downloading https://repo.maven.apache.org/maven2/com/zaxxer/HikariCP/5.1.0/HikariCP-5.1.0.pom
2025-03-19 13:38:24,397 [Worker-3: Import Getting Started Content] INFO  o.e.m.c.i.e.AbstractTransferListenerAdapter - Downloaded https://repo.maven.apache.org/maven2/com/zaxxer/HikariCP/5.1.0/HikariCP-5.1.0.pom
2025-03-19 13:38:24,432 [Worker-3: Import Getting Started Content] INFO  o.e.m.c.i.e.AbstractTransferListenerAdapter - Downloading https://repo.maven.apache.org/maven2/org/springframework/spring-jdbc/6.2.3/spring-jdbc-6.2.3.pom
2025-03-19 13:38:24,457 [Worker-3: Import Getting Started Content] INFO  o.e.m.c.i.e.AbstractTransferListenerAdapter - Downloaded https://repo.maven.apache.org/maven2/org/springframework/spring-jdbc/6.2.3/spring-jdbc-6.2.3.pom
2025-03-19 13:38:24,481 [Worker-3: Import Getting Started Content] INFO  o.e.m.c.i.e.AbstractTransferListenerAdapter - Downloading https://repo.maven.apache.org/maven2/org/springframework/spring-tx/6.2.3/spring-tx-6.2.3.pom
2025-03-19 13:38:24,506 [Worker-3: Import Getting Started Content] INFO  o.e.m.c.i.e.AbstractTransferListenerAdapter - Downloaded https://repo.maven.apache.org/maven2/org/springframework/spring-tx/6.2.3/spring-tx-6.2.3.pom
2025-03-19 13:38:24,528 [Worker-3: Import Getting Started Content] INFO  o.e.m.c.i.e.AbstractTransferListenerAdapter - Downloading https://repo.maven.apache.org/maven2/org/hibernate/orm/hibernate-core/6.6.8.Final/hibernate-core-6.6.8.Final.pom
2025-03-19 13:38:24,552 [Worker-3: Import Getting Started Content] INFO  o.e.m.c.i.e.AbstractTransferListenerAdapter - Downloaded https://repo.maven.apache.org/maven2/org/hibernate/orm/hibernate-core/6.6.8.Final/hibernate-core-6.6.8.Final.pom
2025-03-19 13:38:24,576 [Worker-3: Import Getting Started Content] INFO  o.e.m.c.i.e.AbstractTransferListenerAdapter - Downloading https://repo.maven.apache.org/maven2/jakarta/persistence/jakarta.persistence-api/3.1.0/jakarta.persistence-api-3.1.0.pom
2025-03-19 13:38:24,607 [Worker-3: Import Getting Started Content] INFO  o.e.m.c.i.e.AbstractTransferListenerAdapter - Downloaded https://repo.maven.apache.org/maven2/jakarta/persistence/jakarta.persistence-api/3.1.0/jakarta.persistence-api-3.1.0.pom
2025-03-19 13:38:24,638 [Worker-3: Import Getting Started Content] INFO  o.e.m.c.i.e.AbstractTransferListenerAdapter - Downloading https://repo.maven.apache.org/maven2/jakarta/transaction/jakarta.transaction-api/2.0.1/jakarta.transaction-api-2.0.1.pom
2025-03-19 13:38:24,673 [Worker-3: Import Getting Started Content] INFO  o.e.m.c.i.e.AbstractTransferListenerAdapter - Downloaded https://repo.maven.apache.org/maven2/jakarta/transaction/jakarta.transaction-api/2.0.1/jakarta.transaction-api-2.0.1.pom
2025-03-19 13:38:24,705 [Worker-3: Import Getting Started Content] INFO  o.e.m.c.i.e.AbstractTransferListenerAdapter - Downloading https://repo.maven.apache.org/maven2/org/eclipse/ee4j/project/1.0.6/project-1.0.6.pom
2025-03-19 13:38:24,734 [Worker-3: Import Getting Started Content] INFO  o.e.m.c.i.e.AbstractTransferListenerAdapter - Downloaded https://repo.maven.apache.org/maven2/org/eclipse/ee4j/project/1.0.6/project-1.0.6.pom
2025-03-19 13:38:24,775 [Worker-3: Import Getting Started Content] INFO  o.e.m.c.i.e.AbstractTransferListenerAdapter - Downloading https://repo.maven.apache.org/maven2/org/jboss/logging/jboss-logging/3.6.1.Final/jboss-logging-3.6.1.Final.pom
2025-03-19 13:38:24,809 [Worker-3: Import Getting Started Content] INFO  o.e.m.c.i.e.AbstractTransferListenerAdapter - Downloaded https://repo.maven.apache.org/maven2/org/jboss/logging/jboss-logging/3.6.1.Final/jboss-logging-3.6.1.Final.pom
2025-03-19 13:38:24,846 [Worker-3: Import Getting Started Content] INFO  o.e.m.c.i.e.AbstractTransferListenerAdapter - Downloading https://repo.maven.apache.org/maven2/org/jboss/logging/logging-parent/1.0.3.Final/logging-parent-1.0.3.Final.pom
2025-03-19 13:38:24,872 [Worker-3: Import Getting Started Content] INFO  o.e.m.c.i.e.AbstractTransferListenerAdapter - Downloaded https://repo.maven.apache.org/maven2/org/jboss/logging/logging-parent/1.0.3.Final/logging-parent-1.0.3.Final.pom
2025-03-19 13:38:24,913 [Worker-3: Import Getting Started Content] INFO  o.e.m.c.i.e.AbstractTransferListenerAdapter - Downloading https://repo.maven.apache.org/maven2/org/jboss/jboss-parent/42/jboss-parent-42.pom
2025-03-19 13:38:24,975 [Worker-3: Import Getting Started Content] INFO  o.e.m.c.i.e.AbstractTransferListenerAdapter - Downloaded https://repo.maven.apache.org/maven2/org/jboss/jboss-parent/42/jboss-parent-42.pom
2025-03-19 13:38:25,010 [Worker-3: Import Getting Started Content] INFO  o.e.m.c.i.e.AbstractTransferListenerAdapter - Downloading https://repo.maven.apache.org/maven2/org/junit/junit-bom/5.11.0/junit-bom-5.11.0.pom
2025-03-19 13:38:25,033 [Worker-3: Import Getting Started Content] INFO  o.e.m.c.i.e.AbstractTransferListenerAdapter - Downloaded https://repo.maven.apache.org/maven2/org/junit/junit-bom/5.11.0/junit-bom-5.11.0.pom
2025-03-19 13:38:25,057 [Worker-3: Import Getting Started Content] INFO  o.e.m.c.i.e.AbstractTransferListenerAdapter - Downloading https://repo.maven.apache.org/maven2/org/hibernate/common/hibernate-commons-annotations/7.0.3.Final/hibernate-commons-annotations-7.0.3.Final.pom
2025-03-19 13:38:25,082 [Worker-3: Import Getting Started Content] INFO  o.e.m.c.i.e.AbstractTransferListenerAdapter - Downloaded https://repo.maven.apache.org/maven2/org/hibernate/common/hibernate-commons-annotations/7.0.3.Final/hibernate-commons-annotations-7.0.3.Final.pom
2025-03-19 13:38:25,110 [Worker-3: Import Getting Started Content] INFO  o.e.m.c.i.e.AbstractTransferListenerAdapter - Downloading https://repo.maven.apache.org/maven2/io/smallrye/jandex/3.2.0/jandex-3.2.0.pom
2025-03-19 13:38:25,135 [Worker-3: Import Getting Started Content] INFO  o.e.m.c.i.e.AbstractTransferListenerAdapter - Downloaded https://repo.maven.apache.org/maven2/io/smallrye/jandex/3.2.0/jandex-3.2.0.pom
2025-03-19 13:38:25,161 [Worker-3: Import Getting Started Content] INFO  o.e.m.c.i.e.AbstractTransferListenerAdapter - Downloading https://repo.maven.apache.org/maven2/io/smallrye/jandex-parent/3.2.0/jandex-parent-3.2.0.pom
2025-03-19 13:38:25,185 [Worker-3: Import Getting Started Content] INFO  o.e.m.c.i.e.AbstractTransferListenerAdapter - Downloaded https://repo.maven.apache.org/maven2/io/smallrye/jandex-parent/3.2.0/jandex-parent-3.2.0.pom
2025-03-19 13:38:25,211 [Worker-3: Import Getting Started Content] INFO  o.e.m.c.i.e.AbstractTransferListenerAdapter - Downloading https://repo.maven.apache.org/maven2/io/smallrye/smallrye-build-parent/42/smallrye-build-parent-42.pom
2025-03-19 13:38:25,251 [Worker-3: Import Getting Started Content] INFO  o.e.m.c.i.e.AbstractTransferListenerAdapter - Downloaded https://repo.maven.apache.org/maven2/io/smallrye/smallrye-build-parent/42/smallrye-build-parent-42.pom
2025-03-19 13:38:25,290 [Worker-3: Import Getting Started Content] INFO  o.e.m.c.i.e.AbstractTransferListenerAdapter - Downloading https://repo.maven.apache.org/maven2/com/fasterxml/classmate/1.7.0/classmate-1.7.0.pom
2025-03-19 13:38:25,316 [Worker-3: Import Getting Started Content] INFO  o.e.m.c.i.e.AbstractTransferListenerAdapter - Downloaded https://repo.maven.apache.org/maven2/com/fasterxml/classmate/1.7.0/classmate-1.7.0.pom
2025-03-19 13:38:25,346 [Worker-3: Import Getting Started Content] INFO  o.e.m.c.i.e.AbstractTransferListenerAdapter - Downloading https://repo.maven.apache.org/maven2/com/fasterxml/oss-parent/56/oss-parent-56.pom
2025-03-19 13:38:25,378 [Worker-3: Import Getting Started Content] INFO  o.e.m.c.i.e.AbstractTransferListenerAdapter - Downloaded https://repo.maven.apache.org/maven2/com/fasterxml/oss-parent/56/oss-parent-56.pom
2025-03-19 13:38:25,413 [Worker-3: Import Getting Started Content] INFO  o.e.m.c.i.e.AbstractTransferListenerAdapter - Downloading https://repo.maven.apache.org/maven2/net/bytebuddy/byte-buddy/1.15.11/byte-buddy-1.15.11.pom
2025-03-19 13:38:25,440 [Worker-3: Import Getting Started Content] INFO  o.e.m.c.i.e.AbstractTransferListenerAdapter - Downloaded https://repo.maven.apache.org/maven2/net/bytebuddy/byte-buddy/1.15.11/byte-buddy-1.15.11.pom
2025-03-19 13:38:25,479 [Worker-3: Import Getting Started Content] INFO  o.e.m.c.i.e.AbstractTransferListenerAdapter - Downloading https://repo.maven.apache.org/maven2/net/bytebuddy/byte-buddy-parent/1.15.11/byte-buddy-parent-1.15.11.pom
2025-03-19 13:38:25,519 [Worker-3: Import Getting Started Content] INFO  o.e.m.c.i.e.AbstractTransferListenerAdapter - Downloaded https://repo.maven.apache.org/maven2/net/bytebuddy/byte-buddy-parent/1.15.11/byte-buddy-parent-1.15.11.pom
2025-03-19 13:38:25,558 [Worker-3: Import Getting Started Content] INFO  o.e.m.c.i.e.AbstractTransferListenerAdapter - Downloading https://repo.maven.apache.org/maven2/jakarta/xml/bind/jakarta.xml.bind-api/4.0.2/jakarta.xml.bind-api-4.0.2.pom
2025-03-19 13:38:25,585 [Worker-3: Import Getting Started Content] INFO  o.e.m.c.i.e.AbstractTransferListenerAdapter - Downloaded https://repo.maven.apache.org/maven2/jakarta/xml/bind/jakarta.xml.bind-api/4.0.2/jakarta.xml.bind-api-4.0.2.pom
2025-03-19 13:38:25,623 [Worker-3: Import Getting Started Content] INFO  o.e.m.c.i.e.AbstractTransferListenerAdapter - Downloading https://repo.maven.apache.org/maven2/jakarta/xml/bind/jakarta.xml.bind-api-parent/4.0.2/jakarta.xml.bind-api-parent-4.0.2.pom
2025-03-19 13:38:25,650 [Worker-3: Import Getting Started Content] INFO  o.e.m.c.i.e.AbstractTransferListenerAdapter - Downloaded https://repo.maven.apache.org/maven2/jakarta/xml/bind/jakarta.xml.bind-api-parent/4.0.2/jakarta.xml.bind-api-parent-4.0.2.pom
2025-03-19 13:38:25,687 [Worker-3: Import Getting Started Content] INFO  o.e.m.c.i.e.AbstractTransferListenerAdapter - Downloading https://repo.maven.apache.org/maven2/jakarta/activation/jakarta.activation-api/2.1.3/jakarta.activation-api-2.1.3.pom
2025-03-19 13:38:25,717 [Worker-3: Import Getting Started Content] INFO  o.e.m.c.i.e.AbstractTransferListenerAdapter - Downloaded https://repo.maven.apache.org/maven2/jakarta/activation/jakarta.activation-api/2.1.3/jakarta.activation-api-2.1.3.pom
2025-03-19 13:38:25,750 [Worker-3: Import Getting Started Content] INFO  o.e.m.c.i.e.AbstractTransferListenerAdapter - Downloading https://repo.maven.apache.org/maven2/org/glassfish/jaxb/jaxb-runtime/4.0.5/jaxb-runtime-4.0.5.pom
2025-03-19 13:38:25,780 [Worker-3: Import Getting Started Content] INFO  o.e.m.c.i.e.AbstractTransferListenerAdapter - Downloaded https://repo.maven.apache.org/maven2/org/glassfish/jaxb/jaxb-runtime/4.0.5/jaxb-runtime-4.0.5.pom
2025-03-19 13:38:25,819 [Worker-3: Import Getting Started Content] INFO  o.e.m.c.i.e.AbstractTransferListenerAdapter - Downloading https://repo.maven.apache.org/maven2/com/sun/xml/bind/mvn/jaxb-runtime-parent/4.0.5/jaxb-runtime-parent-4.0.5.pom
2025-03-19 13:38:25,852 [Worker-3: Import Getting Started Content] INFO  o.e.m.c.i.e.AbstractTransferListenerAdapter - Downloaded https://repo.maven.apache.org/maven2/com/sun/xml/bind/mvn/jaxb-runtime-parent/4.0.5/jaxb-runtime-parent-4.0.5.pom
2025-03-19 13:38:25,890 [Worker-3: Import Getting Started Content] INFO  o.e.m.c.i.e.AbstractTransferListenerAdapter - Downloading https://repo.maven.apache.org/maven2/com/sun/xml/bind/mvn/jaxb-parent/4.0.5/jaxb-parent-4.0.5.pom
2025-03-19 13:38:25,919 [Worker-3: Import Getting Started Content] INFO  o.e.m.c.i.e.AbstractTransferListenerAdapter - Downloaded https://repo.maven.apache.org/maven2/com/sun/xml/bind/mvn/jaxb-parent/4.0.5/jaxb-parent-4.0.5.pom
2025-03-19 13:38:25,961 [Worker-3: Import Getting Started Content] INFO  o.e.m.c.i.e.AbstractTransferListenerAdapter - Downloading https://repo.maven.apache.org/maven2/com/sun/xml/bind/jaxb-bom-ext/4.0.5/jaxb-bom-ext-4.0.5.pom
2025-03-19 13:38:25,985 [Worker-3: Import Getting Started Content] INFO  o.e.m.c.i.e.AbstractTransferListenerAdapter - Downloaded https://repo.maven.apache.org/maven2/com/sun/xml/bind/jaxb-bom-ext/4.0.5/jaxb-bom-ext-4.0.5.pom
2025-03-19 13:38:26,011 [Worker-3: Import Getting Started Content] INFO  o.e.m.c.i.e.AbstractTransferListenerAdapter - Downloading https://repo.maven.apache.org/maven2/org/glassfish/jaxb/jaxb-core/4.0.5/jaxb-core-4.0.5.pom
2025-03-19 13:38:26,035 [Worker-3: Import Getting Started Content] INFO  o.e.m.c.i.e.AbstractTransferListenerAdapter - Downloaded https://repo.maven.apache.org/maven2/org/glassfish/jaxb/jaxb-core/4.0.5/jaxb-core-4.0.5.pom
2025-03-19 13:38:26,060 [Worker-3: Import Getting Started Content] INFO  o.e.m.c.i.e.AbstractTransferListenerAdapter - Downloading https://repo.maven.apache.org/maven2/org/eclipse/angus/angus-activation/2.0.2/angus-activation-2.0.2.pom
2025-03-19 13:38:26,094 [Worker-3: Import Getting Started Content] INFO  o.e.m.c.i.e.AbstractTransferListenerAdapter - Downloaded https://repo.maven.apache.org/maven2/org/eclipse/angus/angus-activation/2.0.2/angus-activation-2.0.2.pom
2025-03-19 13:38:26,113 [Worker-3: Import Getting Started Content] INFO  o.e.m.c.i.e.AbstractTransferListenerAdapter - Downloading https://repo.maven.apache.org/maven2/org/eclipse/angus/angus-activation-project/2.0.2/angus-activation-project-2.0.2.pom
2025-03-19 13:38:26,145 [Worker-3: Import Getting Started Content] INFO  o.e.m.c.i.e.AbstractTransferListenerAdapter - Downloaded https://repo.maven.apache.org/maven2/org/eclipse/angus/angus-activation-project/2.0.2/angus-activation-project-2.0.2.pom
2025-03-19 13:38:26,181 [Worker-3: Import Getting Started Content] INFO  o.e.m.c.i.e.AbstractTransferListenerAdapter - Downloading https://repo.maven.apache.org/maven2/org/glassfish/jaxb/txw2/4.0.5/txw2-4.0.5.pom
2025-03-19 13:38:26,203 [Worker-3: Import Getting Started Content] INFO  o.e.m.c.i.e.AbstractTransferListenerAdapter - Downloaded https://repo.maven.apache.org/maven2/org/glassfish/jaxb/txw2/4.0.5/txw2-4.0.5.pom
2025-03-19 13:38:26,235 [Worker-3: Import Getting Started Content] INFO  o.e.m.c.i.e.AbstractTransferListenerAdapter - Downloading https://repo.maven.apache.org/maven2/com/sun/xml/bind/mvn/jaxb-txw-parent/4.0.5/jaxb-txw-parent-4.0.5.pom
2025-03-19 13:38:26,257 [Worker-3: Import Getting Started Content] INFO  o.e.m.c.i.e.AbstractTransferListenerAdapter - Downloaded https://repo.maven.apache.org/maven2/com/sun/xml/bind/mvn/jaxb-txw-parent/4.0.5/jaxb-txw-parent-4.0.5.pom
2025-03-19 13:38:26,293 [Worker-3: Import Getting Started Content] INFO  o.e.m.c.i.e.AbstractTransferListenerAdapter - Downloading https://repo.maven.apache.org/maven2/com/sun/istack/istack-commons-runtime/4.1.2/istack-commons-runtime-4.1.2.pom
2025-03-19 13:38:26,317 [Worker-3: Import Getting Started Content] INFO  o.e.m.c.i.e.AbstractTransferListenerAdapter - Downloaded https://repo.maven.apache.org/maven2/com/sun/istack/istack-commons-runtime/4.1.2/istack-commons-runtime-4.1.2.pom
2025-03-19 13:38:26,349 [Worker-3: Import Getting Started Content] INFO  o.e.m.c.i.e.AbstractTransferListenerAdapter - Downloading https://repo.maven.apache.org/maven2/com/sun/istack/istack-commons/4.1.2/istack-commons-4.1.2.pom
2025-03-19 13:38:26,374 [Worker-3: Import Getting Started Content] INFO  o.e.m.c.i.e.AbstractTransferListenerAdapter - Downloaded https://repo.maven.apache.org/maven2/com/sun/istack/istack-commons/4.1.2/istack-commons-4.1.2.pom
2025-03-19 13:38:26,410 [Worker-3: Import Getting Started Content] INFO  o.e.m.c.i.e.AbstractTransferListenerAdapter - Downloading https://repo.maven.apache.org/maven2/jakarta/inject/jakarta.inject-api/2.0.1/jakarta.inject-api-2.0.1.pom
2025-03-19 13:38:26,433 [Worker-3: Import Getting Started Content] INFO  o.e.m.c.i.e.AbstractTransferListenerAdapter - Downloaded https://repo.maven.apache.org/maven2/jakarta/inject/jakarta.inject-api/2.0.1/jakarta.inject-api-2.0.1.pom
2025-03-19 13:38:26,465 [Worker-3: Import Getting Started Content] INFO  o.e.m.c.i.e.AbstractTransferListenerAdapter - Downloading https://repo.maven.apache.org/maven2/org/antlr/antlr4-runtime/4.13.0/antlr4-runtime-4.13.0.pom
2025-03-19 13:38:26,487 [Worker-3: Import Getting Started Content] INFO  o.e.m.c.i.e.AbstractTransferListenerAdapter - Downloaded https://repo.maven.apache.org/maven2/org/antlr/antlr4-runtime/4.13.0/antlr4-runtime-4.13.0.pom
2025-03-19 13:38:26,510 [Worker-3: Import Getting Started Content] INFO  o.e.m.c.i.e.AbstractTransferListenerAdapter - Downloading https://repo.maven.apache.org/maven2/org/antlr/antlr4-master/4.13.0/antlr4-master-4.13.0.pom
2025-03-19 13:38:26,537 [Worker-3: Import Getting Started Content] INFO  o.e.m.c.i.e.AbstractTransferListenerAdapter - Downloaded https://repo.maven.apache.org/maven2/org/antlr/antlr4-master/4.13.0/antlr4-master-4.13.0.pom
2025-03-19 13:38:26,562 [Worker-3: Import Getting Started Content] INFO  o.e.m.c.i.e.AbstractTransferListenerAdapter - Downloading https://repo.maven.apache.org/maven2/org/springframework/data/spring-data-jpa/3.4.3/spring-data-jpa-3.4.3.pom
2025-03-19 13:38:26,588 [Worker-3: Import Getting Started Content] INFO  o.e.m.c.i.e.AbstractTransferListenerAdapter - Downloaded https://repo.maven.apache.org/maven2/org/springframework/data/spring-data-jpa/3.4.3/spring-data-jpa-3.4.3.pom
2025-03-19 13:38:26,619 [Worker-3: Import Getting Started Content] INFO  o.e.m.c.i.e.AbstractTransferListenerAdapter - Downloading https://repo.maven.apache.org/maven2/org/springframework/data/spring-data-jpa-parent/3.4.3/spring-data-jpa-parent-3.4.3.pom
2025-03-19 13:38:26,641 [Worker-3: Import Getting Started Content] INFO  o.e.m.c.i.e.AbstractTransferListenerAdapter - Downloaded https://repo.maven.apache.org/maven2/org/springframework/data/spring-data-jpa-parent/3.4.3/spring-data-jpa-parent-3.4.3.pom
2025-03-19 13:38:26,673 [Worker-3: Import Getting Started Content] INFO  o.e.m.c.i.e.AbstractTransferListenerAdapter - Downloading https://repo.maven.apache.org/maven2/org/springframework/data/build/spring-data-parent/3.4.3/spring-data-parent-3.4.3.pom
2025-03-19 13:38:26,714 [Worker-3: Import Getting Started Content] INFO  o.e.m.c.i.e.AbstractTransferListenerAdapter - Downloaded https://repo.maven.apache.org/maven2/org/springframework/data/build/spring-data-parent/3.4.3/spring-data-parent-3.4.3.pom
2025-03-19 13:38:26,753 [Worker-3: Import Getting Started Content] INFO  o.e.m.c.i.e.AbstractTransferListenerAdapter - Downloading https://repo.maven.apache.org/maven2/org/springframework/data/build/spring-data-build/3.4.3/spring-data-build-3.4.3.pom
2025-03-19 13:38:26,777 [Worker-3: Import Getting Started Content] INFO  o.e.m.c.i.e.AbstractTransferListenerAdapter - Downloaded https://repo.maven.apache.org/maven2/org/springframework/data/build/spring-data-build/3.4.3/spring-data-build-3.4.3.pom
2025-03-19 13:38:26,802 [Worker-3: Import Getting Started Content] INFO  o.e.m.c.i.e.AbstractTransferListenerAdapter - Downloading https://repo.maven.apache.org/maven2/org/testcontainers/testcontainers-bom/1.20.4/testcontainers-bom-1.20.4.pom
2025-03-19 13:38:26,828 [Worker-3: Import Getting Started Content] INFO  o.e.m.c.i.e.AbstractTransferListenerAdapter - Downloaded https://repo.maven.apache.org/maven2/org/testcontainers/testcontainers-bom/1.20.4/testcontainers-bom-1.20.4.pom
2025-03-19 13:38:26,870 [Worker-3: Import Getting Started Content] INFO  o.e.m.c.i.e.AbstractTransferListenerAdapter - Downloading https://repo.maven.apache.org/maven2/org/jetbrains/kotlinx/kotlinx-coroutines-bom/1.9.0/kotlinx-coroutines-bom-1.9.0.pom
2025-03-19 13:38:26,893 [Worker-3: Import Getting Started Content] INFO  o.e.m.c.i.e.AbstractTransferListenerAdapter - Downloaded https://repo.maven.apache.org/maven2/org/jetbrains/kotlinx/kotlinx-coroutines-bom/1.9.0/kotlinx-coroutines-bom-1.9.0.pom
2025-03-19 13:38:26,924 [Worker-3: Import Getting Started Content] INFO  o.e.m.c.i.e.AbstractTransferListenerAdapter - Downloading https://repo.maven.apache.org/maven2/org/springframework/data/spring-data-commons/3.4.3/spring-data-commons-3.4.3.pom
2025-03-19 13:38:26,957 [Worker-3: Import Getting Started Content] INFO  o.e.m.c.i.e.AbstractTransferListenerAdapter - Downloaded https://repo.maven.apache.org/maven2/org/springframework/data/spring-data-commons/3.4.3/spring-data-commons-3.4.3.pom
2025-03-19 13:38:27,001 [Worker-3: Import Getting Started Content] INFO  o.e.m.c.i.e.AbstractTransferListenerAdapter - Downloading https://repo.maven.apache.org/maven2/org/springframework/spring-orm/6.2.3/spring-orm-6.2.3.pom
2025-03-19 13:38:27,028 [Worker-3: Import Getting Started Content] INFO  o.e.m.c.i.e.AbstractTransferListenerAdapter - Downloaded https://repo.maven.apache.org/maven2/org/springframework/spring-orm/6.2.3/spring-orm-6.2.3.pom
2025-03-19 13:38:27,058 [Worker-3: Import Getting Started Content] INFO  o.e.m.c.i.e.AbstractTransferListenerAdapter - Downloading https://repo.maven.apache.org/maven2/org/springframework/spring-aspects/6.2.3/spring-aspects-6.2.3.pom
2025-03-19 13:38:27,082 [Worker-3: Import Getting Started Content] INFO  o.e.m.c.i.e.AbstractTransferListenerAdapter - Downloaded https://repo.maven.apache.org/maven2/org/springframework/spring-aspects/6.2.3/spring-aspects-6.2.3.pom
2025-03-19 13:38:27,102 [Worker-3: Import Getting Started Content] INFO  o.e.m.c.i.e.AbstractTransferListenerAdapter - Downloading https://repo.maven.apache.org/maven2/org/aspectj/aspectjweaver/1.9.22.1/aspectjweaver-1.9.22.1.pom
2025-03-19 13:38:27,129 [Worker-3: Import Getting Started Content] INFO  o.e.m.c.i.e.AbstractTransferListenerAdapter - Downloaded https://repo.maven.apache.org/maven2/org/aspectj/aspectjweaver/1.9.22.1/aspectjweaver-1.9.22.1.pom
2025-03-19 13:38:27,167 [Worker-3: Import Getting Started Content] INFO  o.e.m.c.i.e.AbstractTransferListenerAdapter - Downloading https://repo.maven.apache.org/maven2/org/springframework/boot/spring-boot-starter-test/3.4.3/spring-boot-starter-test-3.4.3.pom
2025-03-19 13:38:27,193 [Worker-3: Import Getting Started Content] INFO  o.e.m.c.i.e.AbstractTransferListenerAdapter - Downloaded https://repo.maven.apache.org/maven2/org/springframework/boot/spring-boot-starter-test/3.4.3/spring-boot-starter-test-3.4.3.pom
2025-03-19 13:38:27,222 [Worker-3: Import Getting Started Content] INFO  o.e.m.c.i.e.AbstractTransferListenerAdapter - Downloading https://repo.maven.apache.org/maven2/org/springframework/boot/spring-boot-test/3.4.3/spring-boot-test-3.4.3.pom
2025-03-19 13:38:27,248 [Worker-3: Import Getting Started Content] INFO  o.e.m.c.i.e.AbstractTransferListenerAdapter - Downloaded https://repo.maven.apache.org/maven2/org/springframework/boot/spring-boot-test/3.4.3/spring-boot-test-3.4.3.pom
2025-03-19 13:38:27,281 [Worker-3: Import Getting Started Content] INFO  o.e.m.c.i.e.AbstractTransferListenerAdapter - Downloading https://repo.maven.apache.org/maven2/org/springframework/spring-test/6.2.3/spring-test-6.2.3.pom
2025-03-19 13:38:27,305 [Worker-3: Import Getting Started Content] INFO  o.e.m.c.i.e.AbstractTransferListenerAdapter - Downloaded https://repo.maven.apache.org/maven2/org/springframework/spring-test/6.2.3/spring-test-6.2.3.pom
2025-03-19 13:38:27,329 [Worker-3: Import Getting Started Content] INFO  o.e.m.c.i.e.AbstractTransferListenerAdapter - Downloading https://repo.maven.apache.org/maven2/org/springframework/boot/spring-boot-test-autoconfigure/3.4.3/spring-boot-test-autoconfigure-3.4.3.pom
2025-03-19 13:38:27,354 [Worker-3: Import Getting Started Content] INFO  o.e.m.c.i.e.AbstractTransferListenerAdapter - Downloaded https://repo.maven.apache.org/maven2/org/springframework/boot/spring-boot-test-autoconfigure/3.4.3/spring-boot-test-autoconfigure-3.4.3.pom
2025-03-19 13:38:27,376 [Worker-3: Import Getting Started Content] INFO  o.e.m.c.i.e.AbstractTransferListenerAdapter - Downloading https://repo.maven.apache.org/maven2/com/jayway/jsonpath/json-path/2.9.0/json-path-2.9.0.pom
2025-03-19 13:38:27,403 [Worker-3: Import Getting Started Content] INFO  o.e.m.c.i.e.AbstractTransferListenerAdapter - Downloaded https://repo.maven.apache.org/maven2/com/jayway/jsonpath/json-path/2.9.0/json-path-2.9.0.pom
2025-03-19 13:38:27,428 [Worker-3: Import Getting Started Content] INFO  o.e.m.c.i.e.AbstractTransferListenerAdapter - Downloading https://repo.maven.apache.org/maven2/net/minidev/json-smart/2.5.2/json-smart-2.5.2.pom
2025-03-19 13:38:27,463 [Worker-3: Import Getting Started Content] INFO  o.e.m.c.i.e.AbstractTransferListenerAdapter - Downloaded https://repo.maven.apache.org/maven2/net/minidev/json-smart/2.5.2/json-smart-2.5.2.pom
2025-03-19 13:38:27,505 [Worker-3: Import Getting Started Content] INFO  o.e.m.c.i.e.AbstractTransferListenerAdapter - Downloading https://repo.maven.apache.org/maven2/net/minidev/accessors-smart/2.5.2/accessors-smart-2.5.2.pom
2025-03-19 13:38:27,533 [Worker-3: Import Getting Started Content] INFO  o.e.m.c.i.e.AbstractTransferListenerAdapter - Downloaded https://repo.maven.apache.org/maven2/net/minidev/accessors-smart/2.5.2/accessors-smart-2.5.2.pom
2025-03-19 13:38:27,568 [Worker-3: Import Getting Started Content] INFO  o.e.m.c.i.e.AbstractTransferListenerAdapter - Downloading https://repo.maven.apache.org/maven2/org/ow2/asm/asm/9.7.1/asm-9.7.1.pom
2025-03-19 13:38:27,598 [Worker-3: Import Getting Started Content] INFO  o.e.m.c.i.e.AbstractTransferListenerAdapter - Downloaded https://repo.maven.apache.org/maven2/org/ow2/asm/asm/9.7.1/asm-9.7.1.pom
2025-03-19 13:38:27,621 [Worker-3: Import Getting Started Content] INFO  o.e.m.c.i.e.AbstractTransferListenerAdapter - Downloading https://repo.maven.apache.org/maven2/org/assertj/assertj-core/3.26.3/assertj-core-3.26.3.pom
2025-03-19 13:38:27,645 [Worker-3: Import Getting Started Content] INFO  o.e.m.c.i.e.AbstractTransferListenerAdapter - Downloaded https://repo.maven.apache.org/maven2/org/assertj/assertj-core/3.26.3/assertj-core-3.26.3.pom
2025-03-19 13:38:27,681 [Worker-3: Import Getting Started Content] INFO  o.e.m.c.i.e.AbstractTransferListenerAdapter - Downloading https://repo.maven.apache.org/maven2/org/awaitility/awaitility/4.2.2/awaitility-4.2.2.pom
2025-03-19 13:38:27,705 [Worker-3: Import Getting Started Content] INFO  o.e.m.c.i.e.AbstractTransferListenerAdapter - Downloaded https://repo.maven.apache.org/maven2/org/awaitility/awaitility/4.2.2/awaitility-4.2.2.pom
2025-03-19 13:38:27,738 [Worker-3: Import Getting Started Content] INFO  o.e.m.c.i.e.AbstractTransferListenerAdapter - Downloading https://repo.maven.apache.org/maven2/org/awaitility/awaitility-parent/4.2.2/awaitility-parent-4.2.2.pom
2025-03-19 13:38:27,763 [Worker-3: Import Getting Started Content] INFO  o.e.m.c.i.e.AbstractTransferListenerAdapter - Downloaded https://repo.maven.apache.org/maven2/org/awaitility/awaitility-parent/4.2.2/awaitility-parent-4.2.2.pom
2025-03-19 13:38:27,795 [Worker-3: Import Getting Started Content] INFO  o.e.m.c.i.e.AbstractTransferListenerAdapter - Downloading https://repo.maven.apache.org/maven2/org/hamcrest/hamcrest/2.2/hamcrest-2.2.pom
2025-03-19 13:38:27,819 [Worker-3: Import Getting Started Content] INFO  o.e.m.c.i.e.AbstractTransferListenerAdapter - Downloaded https://repo.maven.apache.org/maven2/org/hamcrest/hamcrest/2.2/hamcrest-2.2.pom
2025-03-19 13:38:27,840 [Worker-3: Import Getting Started Content] INFO  o.e.m.c.i.e.AbstractTransferListenerAdapter - Downloading https://repo.maven.apache.org/maven2/org/junit/jupiter/junit-jupiter/5.11.4/junit-jupiter-5.11.4.pom
2025-03-19 13:38:27,864 [Worker-3: Import Getting Started Content] INFO  o.e.m.c.i.e.AbstractTransferListenerAdapter - Downloaded https://repo.maven.apache.org/maven2/org/junit/jupiter/junit-jupiter/5.11.4/junit-jupiter-5.11.4.pom
2025-03-19 13:38:27,890 [Worker-3: Import Getting Started Content] INFO  o.e.m.c.i.e.AbstractTransferListenerAdapter - Downloading https://repo.maven.apache.org/maven2/org/junit/jupiter/junit-jupiter-api/5.11.4/junit-jupiter-api-5.11.4.pom
2025-03-19 13:38:27,917 [Worker-3: Import Getting Started Content] INFO  o.e.m.c.i.e.AbstractTransferListenerAdapter - Downloaded https://repo.maven.apache.org/maven2/org/junit/jupiter/junit-jupiter-api/5.11.4/junit-jupiter-api-5.11.4.pom
2025-03-19 13:38:27,948 [Worker-3: Import Getting Started Content] INFO  o.e.m.c.i.e.AbstractTransferListenerAdapter - Downloading https://repo.maven.apache.org/maven2/org/opentest4j/opentest4j/1.3.0/opentest4j-1.3.0.pom
2025-03-19 13:38:27,970 [Worker-3: Import Getting Started Content] INFO  o.e.m.c.i.e.AbstractTransferListenerAdapter - Downloaded https://repo.maven.apache.org/maven2/org/opentest4j/opentest4j/1.3.0/opentest4j-1.3.0.pom
2025-03-19 13:38:27,996 [Worker-3: Import Getting Started Content] INFO  o.e.m.c.i.e.AbstractTransferListenerAdapter - Downloading https://repo.maven.apache.org/maven2/org/junit/platform/junit-platform-commons/1.11.4/junit-platform-commons-1.11.4.pom
2025-03-19 13:38:28,019 [Worker-3: Import Getting Started Content] INFO  o.e.m.c.i.e.AbstractTransferListenerAdapter - Downloaded https://repo.maven.apache.org/maven2/org/junit/platform/junit-platform-commons/1.11.4/junit-platform-commons-1.11.4.pom
2025-03-19 13:38:28,042 [Worker-3: Import Getting Started Content] INFO  o.e.m.c.i.e.AbstractTransferListenerAdapter - Downloading https://repo.maven.apache.org/maven2/org/apiguardian/apiguardian-api/1.1.2/apiguardian-api-1.1.2.pom
2025-03-19 13:38:28,066 [Worker-3: Import Getting Started Content] INFO  o.e.m.c.i.e.AbstractTransferListenerAdapter - Downloaded https://repo.maven.apache.org/maven2/org/apiguardian/apiguardian-api/1.1.2/apiguardian-api-1.1.2.pom
2025-03-19 13:38:28,105 [Worker-3: Import Getting Started Content] INFO  o.e.m.c.i.e.AbstractTransferListenerAdapter - Downloading https://repo.maven.apache.org/maven2/org/junit/jupiter/junit-jupiter-params/5.11.4/junit-jupiter-params-5.11.4.pom
2025-03-19 13:38:28,131 [Worker-3: Import Getting Started Content] INFO  o.e.m.c.i.e.AbstractTransferListenerAdapter - Downloaded https://repo.maven.apache.org/maven2/org/junit/jupiter/junit-jupiter-params/5.11.4/junit-jupiter-params-5.11.4.pom
2025-03-19 13:38:28,158 [Worker-3: Import Getting Started Content] INFO  o.e.m.c.i.e.AbstractTransferListenerAdapter - Downloading https://repo.maven.apache.org/maven2/org/junit/jupiter/junit-jupiter-engine/5.11.4/junit-jupiter-engine-5.11.4.pom
2025-03-19 13:38:28,181 [Worker-3: Import Getting Started Content] INFO  o.e.m.c.i.e.AbstractTransferListenerAdapter - Downloaded https://repo.maven.apache.org/maven2/org/junit/jupiter/junit-jupiter-engine/5.11.4/junit-jupiter-engine-5.11.4.pom
2025-03-19 13:38:28,213 [Worker-3: Import Getting Started Content] INFO  o.e.m.c.i.e.AbstractTransferListenerAdapter - Downloading https://repo.maven.apache.org/maven2/org/junit/platform/junit-platform-engine/1.11.4/junit-platform-engine-1.11.4.pom
2025-03-19 13:38:28,236 [Worker-3: Import Getting Started Content] INFO  o.e.m.c.i.e.AbstractTransferListenerAdapter - Downloaded https://repo.maven.apache.org/maven2/org/junit/platform/junit-platform-engine/1.11.4/junit-platform-engine-1.11.4.pom
2025-03-19 13:38:28,265 [Worker-3: Import Getting Started Content] INFO  o.e.m.c.i.e.AbstractTransferListenerAdapter - Downloading https://repo.maven.apache.org/maven2/org/mockito/mockito-core/5.14.2/mockito-core-5.14.2.pom
2025-03-19 13:38:28,290 [Worker-3: Import Getting Started Content] INFO  o.e.m.c.i.e.AbstractTransferListenerAdapter - Downloaded https://repo.maven.apache.org/maven2/org/mockito/mockito-core/5.14.2/mockito-core-5.14.2.pom
2025-03-19 13:38:28,319 [Worker-3: Import Getting Started Content] INFO  o.e.m.c.i.e.AbstractTransferListenerAdapter - Downloading https://repo.maven.apache.org/maven2/net/bytebuddy/byte-buddy-agent/1.15.11/byte-buddy-agent-1.15.11.pom
2025-03-19 13:38:28,347 [Worker-3: Import Getting Started Content] INFO  o.e.m.c.i.e.AbstractTransferListenerAdapter - Downloaded https://repo.maven.apache.org/maven2/net/bytebuddy/byte-buddy-agent/1.15.11/byte-buddy-agent-1.15.11.pom
2025-03-19 13:38:28,379 [Worker-3: Import Getting Started Content] INFO  o.e.m.c.i.e.AbstractTransferListenerAdapter - Downloading https://repo.maven.apache.org/maven2/org/objenesis/objenesis/3.3/objenesis-3.3.pom
2025-03-19 13:38:28,401 [Worker-3: Import Getting Started Content] INFO  o.e.m.c.i.e.AbstractTransferListenerAdapter - Downloaded https://repo.maven.apache.org/maven2/org/objenesis/objenesis/3.3/objenesis-3.3.pom
2025-03-19 13:38:28,429 [Worker-3: Import Getting Started Content] INFO  o.e.m.c.i.e.AbstractTransferListenerAdapter - Downloading https://repo.maven.apache.org/maven2/org/objenesis/objenesis-parent/3.3/objenesis-parent-3.3.pom
2025-03-19 13:38:28,458 [Worker-3: Import Getting Started Content] INFO  o.e.m.c.i.e.AbstractTransferListenerAdapter - Downloaded https://repo.maven.apache.org/maven2/org/objenesis/objenesis-parent/3.3/objenesis-parent-3.3.pom
2025-03-19 13:38:28,493 [Worker-3: Import Getting Started Content] INFO  o.e.m.c.i.e.AbstractTransferListenerAdapter - Downloading https://repo.maven.apache.org/maven2/org/mockito/mockito-junit-jupiter/5.14.2/mockito-junit-jupiter-5.14.2.pom
2025-03-19 13:38:28,517 [Worker-3: Import Getting Started Content] INFO  o.e.m.c.i.e.AbstractTransferListenerAdapter - Downloaded https://repo.maven.apache.org/maven2/org/mockito/mockito-junit-jupiter/5.14.2/mockito-junit-jupiter-5.14.2.pom
2025-03-19 13:38:28,544 [Worker-3: Import Getting Started Content] INFO  o.e.m.c.i.e.AbstractTransferListenerAdapter - Downloading https://repo.maven.apache.org/maven2/org/skyscreamer/jsonassert/1.5.3/jsonassert-1.5.3.pom
2025-03-19 13:38:28,568 [Worker-3: Import Getting Started Content] INFO  o.e.m.c.i.e.AbstractTransferListenerAdapter - Downloaded https://repo.maven.apache.org/maven2/org/skyscreamer/jsonassert/1.5.3/jsonassert-1.5.3.pom
2025-03-19 13:38:28,595 [Worker-3: Import Getting Started Content] INFO  o.e.m.c.i.e.AbstractTransferListenerAdapter - Downloading https://repo.maven.apache.org/maven2/com/vaadin/external/google/android-json/0.0.20131108.vaadin1/android-json-0.0.20131108.vaadin1.pom
2025-03-19 13:38:28,620 [Worker-3: Import Getting Started Content] INFO  o.e.m.c.i.e.AbstractTransferListenerAdapter - Downloaded https://repo.maven.apache.org/maven2/com/vaadin/external/google/android-json/0.0.20131108.vaadin1/android-json-0.0.20131108.vaadin1.pom
2025-03-19 13:38:28,641 [Worker-3: Import Getting Started Content] INFO  o.e.m.c.i.e.AbstractTransferListenerAdapter - Downloading https://repo.maven.apache.org/maven2/org/xmlunit/xmlunit-core/2.10.0/xmlunit-core-2.10.0.pom
2025-03-19 13:38:28,663 [Worker-3: Import Getting Started Content] INFO  o.e.m.c.i.e.AbstractTransferListenerAdapter - Downloaded https://repo.maven.apache.org/maven2/org/xmlunit/xmlunit-core/2.10.0/xmlunit-core-2.10.0.pom
2025-03-19 13:38:28,688 [Worker-3: Import Getting Started Content] INFO  o.e.m.c.i.e.AbstractTransferListenerAdapter - Downloading https://repo.maven.apache.org/maven2/org/xmlunit/xmlunit-parent/2.10.0/xmlunit-parent-2.10.0.pom
2025-03-19 13:38:28,720 [Worker-3: Import Getting Started Content] INFO  o.e.m.c.i.e.AbstractTransferListenerAdapter - Downloaded https://repo.maven.apache.org/maven2/org/xmlunit/xmlunit-parent/2.10.0/xmlunit-parent-2.10.0.pom
2025-03-19 13:38:28,776 [Worker-3: Import Getting Started Content] INFO  o.e.m.c.i.e.AbstractTransferListenerAdapter - Downloading https://repo.maven.apache.org/maven2/org/springframework/boot/spring-boot-starter-data-jpa/3.4.3/spring-boot-starter-data-jpa-3.4.3.jar
2025-03-19 13:38:28,823 [Worker-3: Import Getting Started Content] INFO  o.e.m.c.i.e.AbstractTransferListenerAdapter - Downloaded https://repo.maven.apache.org/maven2/org/springframework/boot/spring-boot-starter-data-jpa/3.4.3/spring-boot-starter-data-jpa-3.4.3.jar
2025-03-19 13:38:28,852 [BasicRepositoryConnector-repo.maven.apache.org-1-0] INFO  o.e.m.c.i.e.AbstractTransferListenerAdapter - Downloading https://repo.maven.apache.org/maven2/org/springframework/boot/spring-boot-starter/3.4.3/spring-boot-starter-3.4.3.jar
2025-03-19 13:38:28,852 [BasicRepositoryConnector-repo.maven.apache.org-1-3] INFO  o.e.m.c.i.e.AbstractTransferListenerAdapter - Downloading https://repo.maven.apache.org/maven2/org/springframework/boot/spring-boot-starter-logging/3.4.3/spring-boot-starter-logging-3.4.3.jar
2025-03-19 13:38:28,854 [BasicRepositoryConnector-repo.maven.apache.org-1-2] INFO  o.e.m.c.i.e.AbstractTransferListenerAdapter - Downloading https://repo.maven.apache.org/maven2/org/springframework/boot/spring-boot-autoconfigure/3.4.3/spring-boot-autoconfigure-3.4.3.jar
2025-03-19 13:38:28,855 [BasicRepositoryConnector-repo.maven.apache.org-1-4] INFO  o.e.m.c.i.e.AbstractTransferListenerAdapter - Downloading https://repo.maven.apache.org/maven2/ch/qos/logback/logback-classic/1.5.16/logback-classic-1.5.16.jar
2025-03-19 13:38:28,872 [BasicRepositoryConnector-repo.maven.apache.org-1-1] INFO  o.e.m.c.i.e.AbstractTransferListenerAdapter - Downloading https://repo.maven.apache.org/maven2/org/springframework/boot/spring-boot/3.4.3/spring-boot-3.4.3.jar
2025-03-19 13:38:28,910 [BasicRepositoryConnector-repo.maven.apache.org-1-0] INFO  o.e.m.c.i.e.AbstractTransferListenerAdapter - Downloaded https://repo.maven.apache.org/maven2/org/springframework/boot/spring-boot-starter/3.4.3/spring-boot-starter-3.4.3.jar
2025-03-19 13:38:28,929 [BasicRepositoryConnector-repo.maven.apache.org-1-3] INFO  o.e.m.c.i.e.AbstractTransferListenerAdapter - Downloaded https://repo.maven.apache.org/maven2/org/springframework/boot/spring-boot-starter-logging/3.4.3/spring-boot-starter-logging-3.4.3.jar
2025-03-19 13:38:28,949 [BasicRepositoryConnector-repo.maven.apache.org-1-0] INFO  o.e.m.c.i.e.AbstractTransferListenerAdapter - Downloading https://repo.maven.apache.org/maven2/ch/qos/logback/logback-core/1.5.16/logback-core-1.5.16.jar
2025-03-19 13:38:28,981 [BasicRepositoryConnector-repo.maven.apache.org-1-4] INFO  o.e.m.c.i.e.AbstractTransferListenerAdapter - Downloaded https://repo.maven.apache.org/maven2/ch/qos/logback/logback-classic/1.5.16/logback-classic-1.5.16.jar
2025-03-19 13:38:29,007 [BasicRepositoryConnector-repo.maven.apache.org-1-3] INFO  o.e.m.c.i.e.AbstractTransferListenerAdapter - Downloading https://repo.maven.apache.org/maven2/org/apache/logging/log4j/log4j-to-slf4j/2.24.3/log4j-to-slf4j-2.24.3.jar
2025-03-19 13:38:29,036 [BasicRepositoryConnector-repo.maven.apache.org-1-4] INFO  o.e.m.c.i.e.AbstractTransferListenerAdapter - Downloading https://repo.maven.apache.org/maven2/org/apache/logging/log4j/log4j-api/2.24.3/log4j-api-2.24.3.jar
2025-03-19 13:38:29,070 [BasicRepositoryConnector-repo.maven.apache.org-1-0] INFO  o.e.m.c.i.e.AbstractTransferListenerAdapter - Downloaded https://repo.maven.apache.org/maven2/ch/qos/logback/logback-core/1.5.16/logback-core-1.5.16.jar
2025-03-19 13:38:29,093 [BasicRepositoryConnector-repo.maven.apache.org-1-0] INFO  o.e.m.c.i.e.AbstractTransferListenerAdapter - Downloading https://repo.maven.apache.org/maven2/org/slf4j/jul-to-slf4j/2.0.16/jul-to-slf4j-2.0.16.jar
2025-03-19 13:38:29,119 [BasicRepositoryConnector-repo.maven.apache.org-1-4] INFO  o.e.m.c.i.e.AbstractTransferListenerAdapter - Downloaded https://repo.maven.apache.org/maven2/org/apache/logging/log4j/log4j-api/2.24.3/log4j-api-2.24.3.jar
2025-03-19 13:38:29,138 [BasicRepositoryConnector-repo.maven.apache.org-1-4] INFO  o.e.m.c.i.e.AbstractTransferListenerAdapter - Downloading https://repo.maven.apache.org/maven2/jakarta/annotation/jakarta.annotation-api/2.1.1/jakarta.annotation-api-2.1.1.jar
2025-03-19 13:38:29,162 [BasicRepositoryConnector-repo.maven.apache.org-1-0] INFO  o.e.m.c.i.e.AbstractTransferListenerAdapter - Downloaded https://repo.maven.apache.org/maven2/org/slf4j/jul-to-slf4j/2.0.16/jul-to-slf4j-2.0.16.jar
2025-03-19 13:38:29,190 [BasicRepositoryConnector-repo.maven.apache.org-1-0] INFO  o.e.m.c.i.e.AbstractTransferListenerAdapter - Downloading https://repo.maven.apache.org/maven2/org/yaml/snakeyaml/2.3/snakeyaml-2.3.jar
2025-03-19 13:38:29,257 [BasicRepositoryConnector-repo.maven.apache.org-1-0] INFO  o.e.m.c.i.e.AbstractTransferListenerAdapter - Downloaded https://repo.maven.apache.org/maven2/org/yaml/snakeyaml/2.3/snakeyaml-2.3.jar
2025-03-19 13:38:29,286 [BasicRepositoryConnector-repo.maven.apache.org-1-0] INFO  o.e.m.c.i.e.AbstractTransferListenerAdapter - Downloading https://repo.maven.apache.org/maven2/org/springframework/boot/spring-boot-starter-jdbc/3.4.3/spring-boot-starter-jdbc-3.4.3.jar
2025-03-19 13:38:29,338 [BasicRepositoryConnector-repo.maven.apache.org-1-3] INFO  o.e.m.c.i.e.AbstractTransferListenerAdapter - Downloaded https://repo.maven.apache.org/maven2/org/apache/logging/log4j/log4j-to-slf4j/2.24.3/log4j-to-slf4j-2.24.3.jar
2025-03-19 13:38:29,363 [BasicRepositoryConnector-repo.maven.apache.org-1-0] INFO  o.e.m.c.i.e.AbstractTransferListenerAdapter - Downloaded https://repo.maven.apache.org/maven2/org/springframework/boot/spring-boot-starter-jdbc/3.4.3/spring-boot-starter-jdbc-3.4.3.jar
2025-03-19 13:38:29,365 [BasicRepositoryConnector-repo.maven.apache.org-1-3] INFO  o.e.m.c.i.e.AbstractTransferListenerAdapter - Downloading https://repo.maven.apache.org/maven2/com/zaxxer/HikariCP/5.1.0/HikariCP-5.1.0.jar
2025-03-19 13:38:29,417 [BasicRepositoryConnector-repo.maven.apache.org-1-3] INFO  o.e.m.c.i.e.AbstractTransferListenerAdapter - Downloaded https://repo.maven.apache.org/maven2/com/zaxxer/HikariCP/5.1.0/HikariCP-5.1.0.jar
2025-03-19 13:38:29,430 [BasicRepositoryConnector-repo.maven.apache.org-1-0] INFO  o.e.m.c.i.e.AbstractTransferListenerAdapter - Downloading https://repo.maven.apache.org/maven2/org/springframework/spring-jdbc/6.2.3/spring-jdbc-6.2.3.jar
2025-03-19 13:38:29,470 [BasicRepositoryConnector-repo.maven.apache.org-1-3] INFO  o.e.m.c.i.e.AbstractTransferListenerAdapter - Downloading https://repo.maven.apache.org/maven2/org/hibernate/orm/hibernate-core/6.6.8.Final/hibernate-core-6.6.8.Final.jar
2025-03-19 13:38:29,485 [BasicRepositoryConnector-repo.maven.apache.org-1-4] INFO  o.e.m.c.i.e.AbstractTransferListenerAdapter - Downloaded https://repo.maven.apache.org/maven2/jakarta/annotation/jakarta.annotation-api/2.1.1/jakarta.annotation-api-2.1.1.jar
2025-03-19 13:38:29,503 [BasicRepositoryConnector-repo.maven.apache.org-1-0] INFO  o.e.m.c.i.e.AbstractTransferListenerAdapter - Downloaded https://repo.maven.apache.org/maven2/org/springframework/spring-jdbc/6.2.3/spring-jdbc-6.2.3.jar
2025-03-19 13:38:29,531 [BasicRepositoryConnector-repo.maven.apache.org-1-4] INFO  o.e.m.c.i.e.AbstractTransferListenerAdapter - Downloading https://repo.maven.apache.org/maven2/jakarta/persistence/jakarta.persistence-api/3.1.0/jakarta.persistence-api-3.1.0.jar
2025-03-19 13:38:29,535 [BasicRepositoryConnector-repo.maven.apache.org-1-0] INFO  o.e.m.c.i.e.AbstractTransferListenerAdapter - Downloading https://repo.maven.apache.org/maven2/jakarta/transaction/jakarta.transaction-api/2.0.1/jakarta.transaction-api-2.0.1.jar
2025-03-19 13:38:29,570 [BasicRepositoryConnector-repo.maven.apache.org-1-4] INFO  o.e.m.c.i.e.AbstractTransferListenerAdapter - Downloaded https://repo.maven.apache.org/maven2/jakarta/persistence/jakarta.persistence-api/3.1.0/jakarta.persistence-api-3.1.0.jar
2025-03-19 13:38:29,617 [BasicRepositoryConnector-repo.maven.apache.org-1-4] INFO  o.e.m.c.i.e.AbstractTransferListenerAdapter - Downloading https://repo.maven.apache.org/maven2/org/jboss/logging/jboss-logging/3.6.1.Final/jboss-logging-3.6.1.Final.jar
2025-03-19 13:38:29,681 [BasicRepositoryConnector-repo.maven.apache.org-1-4] INFO  o.e.m.c.i.e.AbstractTransferListenerAdapter - Downloaded https://repo.maven.apache.org/maven2/org/jboss/logging/jboss-logging/3.6.1.Final/jboss-logging-3.6.1.Final.jar
2025-03-19 13:38:29,721 [BasicRepositoryConnector-repo.maven.apache.org-1-4] INFO  o.e.m.c.i.e.AbstractTransferListenerAdapter - Downloading https://repo.maven.apache.org/maven2/org/hibernate/common/hibernate-commons-annotations/7.0.3.Final/hibernate-commons-annotations-7.0.3.Final.jar
2025-03-19 13:38:29,795 [BasicRepositoryConnector-repo.maven.apache.org-1-4] INFO  o.e.m.c.i.e.AbstractTransferListenerAdapter - Downloaded https://repo.maven.apache.org/maven2/org/hibernate/common/hibernate-commons-annotations/7.0.3.Final/hibernate-commons-annotations-7.0.3.Final.jar
2025-03-19 13:38:29,827 [BasicRepositoryConnector-repo.maven.apache.org-1-4] INFO  o.e.m.c.i.e.AbstractTransferListenerAdapter - Downloading https://repo.maven.apache.org/maven2/io/smallrye/jandex/3.2.0/jandex-3.2.0.jar
2025-03-19 13:38:29,977 [BasicRepositoryConnector-repo.maven.apache.org-1-0] INFO  o.e.m.c.i.e.AbstractTransferListenerAdapter - Downloaded https://repo.maven.apache.org/maven2/jakarta/transaction/jakarta.transaction-api/2.0.1/jakarta.transaction-api-2.0.1.jar
2025-03-19 13:38:30,021 [BasicRepositoryConnector-repo.maven.apache.org-1-0] INFO  o.e.m.c.i.e.AbstractTransferListenerAdapter - Downloading https://repo.maven.apache.org/maven2/com/fasterxml/classmate/1.7.0/classmate-1.7.0.jar
2025-03-19 13:38:30,067 [BasicRepositoryConnector-repo.maven.apache.org-1-0] INFO  o.e.m.c.i.e.AbstractTransferListenerAdapter - Downloaded https://repo.maven.apache.org/maven2/com/fasterxml/classmate/1.7.0/classmate-1.7.0.jar
2025-03-19 13:38:30,104 [BasicRepositoryConnector-repo.maven.apache.org-1-0] INFO  o.e.m.c.i.e.AbstractTransferListenerAdapter - Downloading https://repo.maven.apache.org/maven2/net/bytebuddy/byte-buddy/1.15.11/byte-buddy-1.15.11.jar
2025-03-19 13:38:30,122 [BasicRepositoryConnector-repo.maven.apache.org-1-3] INFO  o.e.m.c.i.e.AbstractTransferListenerAdapter - Downloaded https://repo.maven.apache.org/maven2/org/hibernate/orm/hibernate-core/6.6.8.Final/hibernate-core-6.6.8.Final.jar
2025-03-19 13:38:30,153 [BasicRepositoryConnector-repo.maven.apache.org-1-3] INFO  o.e.m.c.i.e.AbstractTransferListenerAdapter - Downloading https://repo.maven.apache.org/maven2/org/glassfish/jaxb/jaxb-runtime/4.0.5/jaxb-runtime-4.0.5.jar
2025-03-19 13:38:30,235 [BasicRepositoryConnector-repo.maven.apache.org-1-4] INFO  o.e.m.c.i.e.AbstractTransferListenerAdapter - Downloaded https://repo.maven.apache.org/maven2/io/smallrye/jandex/3.2.0/jandex-3.2.0.jar
2025-03-19 13:38:30,293 [BasicRepositoryConnector-repo.maven.apache.org-1-3] INFO  o.e.m.c.i.e.AbstractTransferListenerAdapter - Downloaded https://repo.maven.apache.org/maven2/org/glassfish/jaxb/jaxb-runtime/4.0.5/jaxb-runtime-4.0.5.jar
2025-03-19 13:38:30,306 [BasicRepositoryConnector-repo.maven.apache.org-1-4] INFO  o.e.m.c.i.e.AbstractTransferListenerAdapter - Downloading https://repo.maven.apache.org/maven2/org/glassfish/jaxb/jaxb-core/4.0.5/jaxb-core-4.0.5.jar
2025-03-19 13:38:30,353 [BasicRepositoryConnector-repo.maven.apache.org-1-3] INFO  o.e.m.c.i.e.AbstractTransferListenerAdapter - Downloading https://repo.maven.apache.org/maven2/org/eclipse/angus/angus-activation/2.0.2/angus-activation-2.0.2.jar
2025-03-19 13:38:30,466 [BasicRepositoryConnector-repo.maven.apache.org-1-4] INFO  o.e.m.c.i.e.AbstractTransferListenerAdapter - Downloaded https://repo.maven.apache.org/maven2/org/glassfish/jaxb/jaxb-core/4.0.5/jaxb-core-4.0.5.jar
2025-03-19 13:38:30,553 [BasicRepositoryConnector-repo.maven.apache.org-1-4] INFO  o.e.m.c.i.e.AbstractTransferListenerAdapter - Downloading https://repo.maven.apache.org/maven2/org/glassfish/jaxb/txw2/4.0.5/txw2-4.0.5.jar
2025-03-19 13:38:30,610 [BasicRepositoryConnector-repo.maven.apache.org-1-4] INFO  o.e.m.c.i.e.AbstractTransferListenerAdapter - Downloaded https://repo.maven.apache.org/maven2/org/glassfish/jaxb/txw2/4.0.5/txw2-4.0.5.jar
2025-03-19 13:38:30,630 [BasicRepositoryConnector-repo.maven.apache.org-1-4] INFO  o.e.m.c.i.e.AbstractTransferListenerAdapter - Downloading https://repo.maven.apache.org/maven2/com/sun/istack/istack-commons-runtime/4.1.2/istack-commons-runtime-4.1.2.jar
2025-03-19 13:38:30,658 [BasicRepositoryConnector-repo.maven.apache.org-1-0] INFO  o.e.m.c.i.e.AbstractTransferListenerAdapter - Downloaded https://repo.maven.apache.org/maven2/net/bytebuddy/byte-buddy/1.15.11/byte-buddy-1.15.11.jar
2025-03-19 13:38:30,689 [BasicRepositoryConnector-repo.maven.apache.org-1-0] INFO  o.e.m.c.i.e.AbstractTransferListenerAdapter - Downloading https://repo.maven.apache.org/maven2/jakarta/inject/jakarta.inject-api/2.0.1/jakarta.inject-api-2.0.1.jar
2025-03-19 13:38:30,701 [BasicRepositoryConnector-repo.maven.apache.org-1-2] INFO  o.e.m.c.i.e.AbstractTransferListenerAdapter - Downloaded https://repo.maven.apache.org/maven2/org/springframework/boot/spring-boot-autoconfigure/3.4.3/spring-boot-autoconfigure-3.4.3.jar
2025-03-19 13:38:30,704 [BasicRepositoryConnector-repo.maven.apache.org-1-1] INFO  o.e.m.c.i.e.AbstractTransferListenerAdapter - Downloaded https://repo.maven.apache.org/maven2/org/springframework/boot/spring-boot/3.4.3/spring-boot-3.4.3.jar
2025-03-19 13:38:30,720 [BasicRepositoryConnector-repo.maven.apache.org-1-2] INFO  o.e.m.c.i.e.AbstractTransferListenerAdapter - Downloading https://repo.maven.apache.org/maven2/org/antlr/antlr4-runtime/4.13.0/antlr4-runtime-4.13.0.jar
2025-03-19 13:38:30,726 [BasicRepositoryConnector-repo.maven.apache.org-1-1] INFO  o.e.m.c.i.e.AbstractTransferListenerAdapter - Downloading https://repo.maven.apache.org/maven2/org/springframework/data/spring-data-jpa/3.4.3/spring-data-jpa-3.4.3.jar
2025-03-19 13:38:30,737 [BasicRepositoryConnector-repo.maven.apache.org-1-3] INFO  o.e.m.c.i.e.AbstractTransferListenerAdapter - Downloaded https://repo.maven.apache.org/maven2/org/eclipse/angus/angus-activation/2.0.2/angus-activation-2.0.2.jar
2025-03-19 13:38:30,770 [BasicRepositoryConnector-repo.maven.apache.org-1-3] INFO  o.e.m.c.i.e.AbstractTransferListenerAdapter - Downloading https://repo.maven.apache.org/maven2/org/springframework/data/spring-data-commons/3.4.3/spring-data-commons-3.4.3.jar
2025-03-19 13:38:30,911 [BasicRepositoryConnector-repo.maven.apache.org-1-0] INFO  o.e.m.c.i.e.AbstractTransferListenerAdapter - Downloaded https://repo.maven.apache.org/maven2/jakarta/inject/jakarta.inject-api/2.0.1/jakarta.inject-api-2.0.1.jar
2025-03-19 13:38:30,914 [BasicRepositoryConnector-repo.maven.apache.org-1-2] INFO  o.e.m.c.i.e.AbstractTransferListenerAdapter - Downloaded https://repo.maven.apache.org/maven2/org/antlr/antlr4-runtime/4.13.0/antlr4-runtime-4.13.0.jar
2025-03-19 13:38:30,938 [BasicRepositoryConnector-repo.maven.apache.org-1-0] INFO  o.e.m.c.i.e.AbstractTransferListenerAdapter - Downloading https://repo.maven.apache.org/maven2/org/springframework/spring-orm/6.2.3/spring-orm-6.2.3.jar
2025-03-19 13:38:30,945 [BasicRepositoryConnector-repo.maven.apache.org-1-2] INFO  o.e.m.c.i.e.AbstractTransferListenerAdapter - Downloading https://repo.maven.apache.org/maven2/org/springframework/spring-context/6.2.3/spring-context-6.2.3.jar
2025-03-19 13:38:31,105 [BasicRepositoryConnector-repo.maven.apache.org-1-2] INFO  o.e.m.c.i.e.AbstractTransferListenerAdapter - Downloaded https://repo.maven.apache.org/maven2/org/springframework/spring-context/6.2.3/spring-context-6.2.3.jar
2025-03-19 13:38:31,126 [BasicRepositoryConnector-repo.maven.apache.org-1-2] INFO  o.e.m.c.i.e.AbstractTransferListenerAdapter - Downloading https://repo.maven.apache.org/maven2/org/springframework/spring-expression/6.2.3/spring-expression-6.2.3.jar
2025-03-19 13:38:31,155 [BasicRepositoryConnector-repo.maven.apache.org-1-0] INFO  o.e.m.c.i.e.AbstractTransferListenerAdapter - Downloaded https://repo.maven.apache.org/maven2/org/springframework/spring-orm/6.2.3/spring-orm-6.2.3.jar
2025-03-19 13:38:31,169 [BasicRepositoryConnector-repo.maven.apache.org-1-0] INFO  o.e.m.c.i.e.AbstractTransferListenerAdapter - Downloading https://repo.maven.apache.org/maven2/io/micrometer/micrometer-observation/1.14.4/micrometer-observation-1.14.4.jar
2025-03-19 13:38:31,179 [BasicRepositoryConnector-repo.maven.apache.org-1-4] INFO  o.e.m.c.i.e.AbstractTransferListenerAdapter - Downloaded https://repo.maven.apache.org/maven2/com/sun/istack/istack-commons-runtime/4.1.2/istack-commons-runtime-4.1.2.jar
2025-03-19 13:38:31,185 [BasicRepositoryConnector-repo.maven.apache.org-1-2] INFO  o.e.m.c.i.e.AbstractTransferListenerAdapter - Downloaded https://repo.maven.apache.org/maven2/org/springframework/spring-expression/6.2.3/spring-expression-6.2.3.jar
2025-03-19 13:38:31,199 [BasicRepositoryConnector-repo.maven.apache.org-1-4] INFO  o.e.m.c.i.e.AbstractTransferListenerAdapter - Downloading https://repo.maven.apache.org/maven2/io/micrometer/micrometer-commons/1.14.4/micrometer-commons-1.14.4.jar
2025-03-19 13:38:31,215 [BasicRepositoryConnector-repo.maven.apache.org-1-2] INFO  o.e.m.c.i.e.AbstractTransferListenerAdapter - Downloading https://repo.maven.apache.org/maven2/org/springframework/spring-aop/6.2.3/spring-aop-6.2.3.jar
2025-03-19 13:38:31,221 [BasicRepositoryConnector-repo.maven.apache.org-1-0] INFO  o.e.m.c.i.e.AbstractTransferListenerAdapter - Downloaded https://repo.maven.apache.org/maven2/io/micrometer/micrometer-observation/1.14.4/micrometer-observation-1.14.4.jar
2025-03-19 13:38:31,270 [BasicRepositoryConnector-repo.maven.apache.org-1-0] INFO  o.e.m.c.i.e.AbstractTransferListenerAdapter - Downloading https://repo.maven.apache.org/maven2/org/springframework/spring-tx/6.2.3/spring-tx-6.2.3.jar
2025-03-19 13:38:31,316 [BasicRepositoryConnector-repo.maven.apache.org-1-0] INFO  o.e.m.c.i.e.AbstractTransferListenerAdapter - Downloaded https://repo.maven.apache.org/maven2/org/springframework/spring-tx/6.2.3/spring-tx-6.2.3.jar
2025-03-19 13:38:31,337 [BasicRepositoryConnector-repo.maven.apache.org-1-0] INFO  o.e.m.c.i.e.AbstractTransferListenerAdapter - Downloading https://repo.maven.apache.org/maven2/org/springframework/spring-beans/6.2.3/spring-beans-6.2.3.jar
2025-03-19 13:38:31,435 [BasicRepositoryConnector-repo.maven.apache.org-1-0] INFO  o.e.m.c.i.e.AbstractTransferListenerAdapter - Downloaded https://repo.maven.apache.org/maven2/org/springframework/spring-beans/6.2.3/spring-beans-6.2.3.jar
2025-03-19 13:38:31,440 [BasicRepositoryConnector-repo.maven.apache.org-1-2] INFO  o.e.m.c.i.e.AbstractTransferListenerAdapter - Downloaded https://repo.maven.apache.org/maven2/org/springframework/spring-aop/6.2.3/spring-aop-6.2.3.jar
2025-03-19 13:38:31,456 [BasicRepositoryConnector-repo.maven.apache.org-1-0] INFO  o.e.m.c.i.e.AbstractTransferListenerAdapter - Downloading https://repo.maven.apache.org/maven2/org/slf4j/slf4j-api/2.0.16/slf4j-api-2.0.16.jar
2025-03-19 13:38:31,468 [BasicRepositoryConnector-repo.maven.apache.org-1-3] INFO  o.e.m.c.i.e.AbstractTransferListenerAdapter - Downloaded https://repo.maven.apache.org/maven2/org/springframework/data/spring-data-commons/3.4.3/spring-data-commons-3.4.3.jar
2025-03-19 13:38:31,470 [BasicRepositoryConnector-repo.maven.apache.org-1-2] INFO  o.e.m.c.i.e.AbstractTransferListenerAdapter - Downloading https://repo.maven.apache.org/maven2/org/springframework/spring-aspects/6.2.3/spring-aspects-6.2.3.jar
2025-03-19 13:38:31,493 [BasicRepositoryConnector-repo.maven.apache.org-1-3] INFO  o.e.m.c.i.e.AbstractTransferListenerAdapter - Downloading https://repo.maven.apache.org/maven2/org/aspectj/aspectjweaver/1.9.22.1/aspectjweaver-1.9.22.1.jar
2025-03-19 13:38:31,525 [BasicRepositoryConnector-repo.maven.apache.org-1-0] INFO  o.e.m.c.i.e.AbstractTransferListenerAdapter - Downloaded https://repo.maven.apache.org/maven2/org/slf4j/slf4j-api/2.0.16/slf4j-api-2.0.16.jar
2025-03-19 13:38:31,573 [BasicRepositoryConnector-repo.maven.apache.org-1-0] INFO  o.e.m.c.i.e.AbstractTransferListenerAdapter - Downloading https://repo.maven.apache.org/maven2/org/springframework/boot/spring-boot-starter-test/3.4.3/spring-boot-starter-test-3.4.3.jar
2025-03-19 13:38:31,647 [BasicRepositoryConnector-repo.maven.apache.org-1-1] INFO  o.e.m.c.i.e.AbstractTransferListenerAdapter - Downloaded https://repo.maven.apache.org/maven2/org/springframework/data/spring-data-jpa/3.4.3/spring-data-jpa-3.4.3.jar
2025-03-19 13:38:31,651 [BasicRepositoryConnector-repo.maven.apache.org-1-3] INFO  o.e.m.c.i.e.AbstractTransferListenerAdapter - Downloaded https://repo.maven.apache.org/maven2/org/aspectj/aspectjweaver/1.9.22.1/aspectjweaver-1.9.22.1.jar
2025-03-19 13:38:31,655 [BasicRepositoryConnector-repo.maven.apache.org-1-0] INFO  o.e.m.c.i.e.AbstractTransferListenerAdapter - Downloaded https://repo.maven.apache.org/maven2/org/springframework/boot/spring-boot-starter-test/3.4.3/spring-boot-starter-test-3.4.3.jar
2025-03-19 13:38:31,682 [BasicRepositoryConnector-repo.maven.apache.org-1-1] INFO  o.e.m.c.i.e.AbstractTransferListenerAdapter - Downloading https://repo.maven.apache.org/maven2/org/springframework/boot/spring-boot-test/3.4.3/spring-boot-test-3.4.3.jar
2025-03-19 13:38:31,683 [BasicRepositoryConnector-repo.maven.apache.org-1-3] INFO  o.e.m.c.i.e.AbstractTransferListenerAdapter - Downloading https://repo.maven.apache.org/maven2/org/springframework/boot/spring-boot-test-autoconfigure/3.4.3/spring-boot-test-autoconfigure-3.4.3.jar
2025-03-19 13:38:31,683 [BasicRepositoryConnector-repo.maven.apache.org-1-0] INFO  o.e.m.c.i.e.AbstractTransferListenerAdapter - Downloading https://repo.maven.apache.org/maven2/com/jayway/jsonpath/json-path/2.9.0/json-path-2.9.0.jar
2025-03-19 13:38:31,728 [BasicRepositoryConnector-repo.maven.apache.org-1-3] INFO  o.e.m.c.i.e.AbstractTransferListenerAdapter - Downloaded https://repo.maven.apache.org/maven2/org/springframework/boot/spring-boot-test-autoconfigure/3.4.3/spring-boot-test-autoconfigure-3.4.3.jar
2025-03-19 13:38:31,744 [BasicRepositoryConnector-repo.maven.apache.org-1-3] INFO  o.e.m.c.i.e.AbstractTransferListenerAdapter - Downloading https://repo.maven.apache.org/maven2/jakarta/xml/bind/jakarta.xml.bind-api/4.0.2/jakarta.xml.bind-api-4.0.2.jar
2025-03-19 13:38:31,810 [BasicRepositoryConnector-repo.maven.apache.org-1-1] INFO  o.e.m.c.i.e.AbstractTransferListenerAdapter - Downloaded https://repo.maven.apache.org/maven2/org/springframework/boot/spring-boot-test/3.4.3/spring-boot-test-3.4.3.jar
2025-03-19 13:38:31,818 [BasicRepositoryConnector-repo.maven.apache.org-1-3] INFO  o.e.m.c.i.e.AbstractTransferListenerAdapter - Downloaded https://repo.maven.apache.org/maven2/jakarta/xml/bind/jakarta.xml.bind-api/4.0.2/jakarta.xml.bind-api-4.0.2.jar
2025-03-19 13:38:31,832 [BasicRepositoryConnector-repo.maven.apache.org-1-0] INFO  o.e.m.c.i.e.AbstractTransferListenerAdapter - Downloaded https://repo.maven.apache.org/maven2/com/jayway/jsonpath/json-path/2.9.0/json-path-2.9.0.jar
2025-03-19 13:38:31,832 [BasicRepositoryConnector-repo.maven.apache.org-1-1] INFO  o.e.m.c.i.e.AbstractTransferListenerAdapter - Downloading https://repo.maven.apache.org/maven2/jakarta/activation/jakarta.activation-api/2.1.3/jakarta.activation-api-2.1.3.jar
2025-03-19 13:38:31,836 [BasicRepositoryConnector-repo.maven.apache.org-1-3] INFO  o.e.m.c.i.e.AbstractTransferListenerAdapter - Downloading https://repo.maven.apache.org/maven2/net/minidev/json-smart/2.5.2/json-smart-2.5.2.jar
2025-03-19 13:38:31,852 [BasicRepositoryConnector-repo.maven.apache.org-1-0] INFO  o.e.m.c.i.e.AbstractTransferListenerAdapter - Downloading https://repo.maven.apache.org/maven2/net/minidev/accessors-smart/2.5.2/accessors-smart-2.5.2.jar
2025-03-19 13:38:31,894 [BasicRepositoryConnector-repo.maven.apache.org-1-1] INFO  o.e.m.c.i.e.AbstractTransferListenerAdapter - Downloaded https://repo.maven.apache.org/maven2/jakarta/activation/jakarta.activation-api/2.1.3/jakarta.activation-api-2.1.3.jar
2025-03-19 13:38:31,911 [BasicRepositoryConnector-repo.maven.apache.org-1-3] INFO  o.e.m.c.i.e.AbstractTransferListenerAdapter - Downloaded https://repo.maven.apache.org/maven2/net/minidev/json-smart/2.5.2/json-smart-2.5.2.jar
2025-03-19 13:38:31,924 [BasicRepositoryConnector-repo.maven.apache.org-1-1] INFO  o.e.m.c.i.e.AbstractTransferListenerAdapter - Downloading https://repo.maven.apache.org/maven2/org/ow2/asm/asm/9.7.1/asm-9.7.1.jar
2025-03-19 13:38:31,948 [BasicRepositoryConnector-repo.maven.apache.org-1-3] INFO  o.e.m.c.i.e.AbstractTransferListenerAdapter - Downloading https://repo.maven.apache.org/maven2/org/assertj/assertj-core/3.26.3/assertj-core-3.26.3.jar
2025-03-19 13:38:32,017 [BasicRepositoryConnector-repo.maven.apache.org-1-1] INFO  o.e.m.c.i.e.AbstractTransferListenerAdapter - Downloaded https://repo.maven.apache.org/maven2/org/ow2/asm/asm/9.7.1/asm-9.7.1.jar
2025-03-19 13:38:32,022 [BasicRepositoryConnector-repo.maven.apache.org-1-3] INFO  o.e.m.c.i.e.AbstractTransferListenerAdapter - Downloaded https://repo.maven.apache.org/maven2/org/assertj/assertj-core/3.26.3/assertj-core-3.26.3.jar
2025-03-19 13:38:32,037 [BasicRepositoryConnector-repo.maven.apache.org-1-3] INFO  o.e.m.c.i.e.AbstractTransferListenerAdapter - Downloading https://repo.maven.apache.org/maven2/org/hamcrest/hamcrest/2.2/hamcrest-2.2.jar
2025-03-19 13:38:32,052 [BasicRepositoryConnector-repo.maven.apache.org-1-1] INFO  o.e.m.c.i.e.AbstractTransferListenerAdapter - Downloading https://repo.maven.apache.org/maven2/org/awaitility/awaitility/4.2.2/awaitility-4.2.2.jar
2025-03-19 13:38:32,088 [BasicRepositoryConnector-repo.maven.apache.org-1-1] INFO  o.e.m.c.i.e.AbstractTransferListenerAdapter - Downloaded https://repo.maven.apache.org/maven2/org/awaitility/awaitility/4.2.2/awaitility-4.2.2.jar
2025-03-19 13:38:32,092 [BasicRepositoryConnector-repo.maven.apache.org-1-4] INFO  o.e.m.c.i.e.AbstractTransferListenerAdapter - Downloaded https://repo.maven.apache.org/maven2/io/micrometer/micrometer-commons/1.14.4/micrometer-commons-1.14.4.jar
2025-03-19 13:38:32,110 [BasicRepositoryConnector-repo.maven.apache.org-1-1] INFO  o.e.m.c.i.e.AbstractTransferListenerAdapter - Downloading https://repo.maven.apache.org/maven2/org/junit/jupiter/junit-jupiter/5.11.4/junit-jupiter-5.11.4.jar
2025-03-19 13:38:32,117 [BasicRepositoryConnector-repo.maven.apache.org-1-3] INFO  o.e.m.c.i.e.AbstractTransferListenerAdapter - Downloaded https://repo.maven.apache.org/maven2/org/hamcrest/hamcrest/2.2/hamcrest-2.2.jar
2025-03-19 13:38:32,143 [BasicRepositoryConnector-repo.maven.apache.org-1-4] INFO  o.e.m.c.i.e.AbstractTransferListenerAdapter - Downloading https://repo.maven.apache.org/maven2/org/junit/jupiter/junit-jupiter-api/5.11.4/junit-jupiter-api-5.11.4.jar
2025-03-19 13:38:32,143 [BasicRepositoryConnector-repo.maven.apache.org-1-3] INFO  o.e.m.c.i.e.AbstractTransferListenerAdapter - Downloading https://repo.maven.apache.org/maven2/org/opentest4j/opentest4j/1.3.0/opentest4j-1.3.0.jar
2025-03-19 13:38:32,200 [BasicRepositoryConnector-repo.maven.apache.org-1-4] INFO  o.e.m.c.i.e.AbstractTransferListenerAdapter - Downloaded https://repo.maven.apache.org/maven2/org/junit/jupiter/junit-jupiter-api/5.11.4/junit-jupiter-api-5.11.4.jar
2025-03-19 13:38:32,237 [BasicRepositoryConnector-repo.maven.apache.org-1-4] INFO  o.e.m.c.i.e.AbstractTransferListenerAdapter - Downloading https://repo.maven.apache.org/maven2/org/junit/platform/junit-platform-commons/1.11.4/junit-platform-commons-1.11.4.jar
2025-03-19 13:38:32,262 [BasicRepositoryConnector-repo.maven.apache.org-1-2] INFO  o.e.m.c.i.e.AbstractTransferListenerAdapter - Downloaded https://repo.maven.apache.org/maven2/org/springframework/spring-aspects/6.2.3/spring-aspects-6.2.3.jar
2025-03-19 13:38:32,282 [BasicRepositoryConnector-repo.maven.apache.org-1-2] INFO  o.e.m.c.i.e.AbstractTransferListenerAdapter - Downloading https://repo.maven.apache.org/maven2/org/apiguardian/apiguardian-api/1.1.2/apiguardian-api-1.1.2.jar
2025-03-19 13:38:32,305 [BasicRepositoryConnector-repo.maven.apache.org-1-1] INFO  o.e.m.c.i.e.AbstractTransferListenerAdapter - Downloaded https://repo.maven.apache.org/maven2/org/junit/jupiter/junit-jupiter/5.11.4/junit-jupiter-5.11.4.jar
2025-03-19 13:38:32,328 [BasicRepositoryConnector-repo.maven.apache.org-1-1] INFO  o.e.m.c.i.e.AbstractTransferListenerAdapter - Downloading https://repo.maven.apache.org/maven2/org/junit/jupiter/junit-jupiter-params/5.11.4/junit-jupiter-params-5.11.4.jar
2025-03-19 13:38:32,340 [BasicRepositoryConnector-repo.maven.apache.org-1-4] INFO  o.e.m.c.i.e.AbstractTransferListenerAdapter - Downloaded https://repo.maven.apache.org/maven2/org/junit/platform/junit-platform-commons/1.11.4/junit-platform-commons-1.11.4.jar
2025-03-19 13:38:32,387 [BasicRepositoryConnector-repo.maven.apache.org-1-4] INFO  o.e.m.c.i.e.AbstractTransferListenerAdapter - Downloading https://repo.maven.apache.org/maven2/org/junit/jupiter/junit-jupiter-engine/5.11.4/junit-jupiter-engine-5.11.4.jar
2025-03-19 13:38:32,408 [BasicRepositoryConnector-repo.maven.apache.org-1-1] INFO  o.e.m.c.i.e.AbstractTransferListenerAdapter - Downloaded https://repo.maven.apache.org/maven2/org/junit/jupiter/junit-jupiter-params/5.11.4/junit-jupiter-params-5.11.4.jar
2025-03-19 13:38:32,438 [BasicRepositoryConnector-repo.maven.apache.org-1-1] INFO  o.e.m.c.i.e.AbstractTransferListenerAdapter - Downloading https://repo.maven.apache.org/maven2/org/junit/platform/junit-platform-engine/1.11.4/junit-platform-engine-1.11.4.jar
2025-03-19 13:38:32,439 [BasicRepositoryConnector-repo.maven.apache.org-1-2] INFO  o.e.m.c.i.e.AbstractTransferListenerAdapter - Downloaded https://repo.maven.apache.org/maven2/org/apiguardian/apiguardian-api/1.1.2/apiguardian-api-1.1.2.jar
2025-03-19 13:38:32,452 [BasicRepositoryConnector-repo.maven.apache.org-1-0] INFO  o.e.m.c.i.e.AbstractTransferListenerAdapter - Downloaded https://repo.maven.apache.org/maven2/net/minidev/accessors-smart/2.5.2/accessors-smart-2.5.2.jar
2025-03-19 13:38:32,468 [BasicRepositoryConnector-repo.maven.apache.org-1-2] INFO  o.e.m.c.i.e.AbstractTransferListenerAdapter - Downloading https://repo.maven.apache.org/maven2/org/mockito/mockito-core/5.14.2/mockito-core-5.14.2.jar
2025-03-19 13:38:32,484 [BasicRepositoryConnector-repo.maven.apache.org-1-0] INFO  o.e.m.c.i.e.AbstractTransferListenerAdapter - Downloading https://repo.maven.apache.org/maven2/net/bytebuddy/byte-buddy-agent/1.15.11/byte-buddy-agent-1.15.11.jar
2025-03-19 13:38:32,507 [BasicRepositoryConnector-repo.maven.apache.org-1-1] INFO  o.e.m.c.i.e.AbstractTransferListenerAdapter - Downloaded https://repo.maven.apache.org/maven2/org/junit/platform/junit-platform-engine/1.11.4/junit-platform-engine-1.11.4.jar
2025-03-19 13:38:32,528 [BasicRepositoryConnector-repo.maven.apache.org-1-1] INFO  o.e.m.c.i.e.AbstractTransferListenerAdapter - Downloading https://repo.maven.apache.org/maven2/org/objenesis/objenesis/3.3/objenesis-3.3.jar
2025-03-19 13:38:32,533 [BasicRepositoryConnector-repo.maven.apache.org-1-3] INFO  o.e.m.c.i.e.AbstractTransferListenerAdapter - Downloaded https://repo.maven.apache.org/maven2/org/opentest4j/opentest4j/1.3.0/opentest4j-1.3.0.jar
2025-03-19 13:38:32,539 [BasicRepositoryConnector-repo.maven.apache.org-1-4] INFO  o.e.m.c.i.e.AbstractTransferListenerAdapter - Downloaded https://repo.maven.apache.org/maven2/org/junit/jupiter/junit-jupiter-engine/5.11.4/junit-jupiter-engine-5.11.4.jar
2025-03-19 13:38:32,567 [BasicRepositoryConnector-repo.maven.apache.org-1-3] INFO  o.e.m.c.i.e.AbstractTransferListenerAdapter - Downloading https://repo.maven.apache.org/maven2/org/mockito/mockito-junit-jupiter/5.14.2/mockito-junit-jupiter-5.14.2.jar
2025-03-19 13:38:32,567 [BasicRepositoryConnector-repo.maven.apache.org-1-4] INFO  o.e.m.c.i.e.AbstractTransferListenerAdapter - Downloading https://repo.maven.apache.org/maven2/org/skyscreamer/jsonassert/1.5.3/jsonassert-1.5.3.jar
2025-03-19 13:38:32,579 [BasicRepositoryConnector-repo.maven.apache.org-1-0] INFO  o.e.m.c.i.e.AbstractTransferListenerAdapter - Downloaded https://repo.maven.apache.org/maven2/net/bytebuddy/byte-buddy-agent/1.15.11/byte-buddy-agent-1.15.11.jar
2025-03-19 13:38:32,619 [BasicRepositoryConnector-repo.maven.apache.org-1-0] INFO  o.e.m.c.i.e.AbstractTransferListenerAdapter - Downloading https://repo.maven.apache.org/maven2/com/vaadin/external/google/android-json/0.0.20131108.vaadin1/android-json-0.0.20131108.vaadin1.jar
2025-03-19 13:38:32,893 [BasicRepositoryConnector-repo.maven.apache.org-1-2] INFO  o.e.m.c.i.e.AbstractTransferListenerAdapter - Downloaded https://repo.maven.apache.org/maven2/org/mockito/mockito-core/5.14.2/mockito-core-5.14.2.jar
2025-03-19 13:38:32,903 [BasicRepositoryConnector-repo.maven.apache.org-1-3] INFO  o.e.m.c.i.e.AbstractTransferListenerAdapter - Downloaded https://repo.maven.apache.org/maven2/org/mockito/mockito-junit-jupiter/5.14.2/mockito-junit-jupiter-5.14.2.jar
2025-03-19 13:38:32,928 [BasicRepositoryConnector-repo.maven.apache.org-1-2] INFO  o.e.m.c.i.e.AbstractTransferListenerAdapter - Downloading https://repo.maven.apache.org/maven2/org/springframework/spring-core/6.2.3/spring-core-6.2.3.jar
2025-03-19 13:38:32,942 [BasicRepositoryConnector-repo.maven.apache.org-1-3] INFO  o.e.m.c.i.e.AbstractTransferListenerAdapter - Downloading https://repo.maven.apache.org/maven2/org/springframework/spring-jcl/6.2.3/spring-jcl-6.2.3.jar
2025-03-19 13:38:32,943 [BasicRepositoryConnector-repo.maven.apache.org-1-0] INFO  o.e.m.c.i.e.AbstractTransferListenerAdapter - Downloaded https://repo.maven.apache.org/maven2/com/vaadin/external/google/android-json/0.0.20131108.vaadin1/android-json-0.0.20131108.vaadin1.jar
2025-03-19 13:38:32,971 [BasicRepositoryConnector-repo.maven.apache.org-1-0] INFO  o.e.m.c.i.e.AbstractTransferListenerAdapter - Downloading https://repo.maven.apache.org/maven2/org/springframework/spring-test/6.2.3/spring-test-6.2.3.jar
2025-03-19 13:38:33,164 [BasicRepositoryConnector-repo.maven.apache.org-1-4] INFO  o.e.m.c.i.e.AbstractTransferListenerAdapter - Downloaded https://repo.maven.apache.org/maven2/org/skyscreamer/jsonassert/1.5.3/jsonassert-1.5.3.jar
2025-03-19 13:38:33,190 [BasicRepositoryConnector-repo.maven.apache.org-1-4] INFO  o.e.m.c.i.e.AbstractTransferListenerAdapter - Downloading https://repo.maven.apache.org/maven2/org/xmlunit/xmlunit-core/2.10.0/xmlunit-core-2.10.0.jar
2025-03-19 13:38:33,249 [BasicRepositoryConnector-repo.maven.apache.org-1-4] INFO  o.e.m.c.i.e.AbstractTransferListenerAdapter - Downloaded https://repo.maven.apache.org/maven2/org/xmlunit/xmlunit-core/2.10.0/xmlunit-core-2.10.0.jar
2025-03-19 13:38:33,392 [BasicRepositoryConnector-repo.maven.apache.org-1-0] INFO  o.e.m.c.i.e.AbstractTransferListenerAdapter - Downloaded https://repo.maven.apache.org/maven2/org/springframework/spring-test/6.2.3/spring-test-6.2.3.jar
2025-03-19 13:38:33,462 [BasicRepositoryConnector-repo.maven.apache.org-1-3] INFO  o.e.m.c.i.e.AbstractTransferListenerAdapter - Downloaded https://repo.maven.apache.org/maven2/org/springframework/spring-jcl/6.2.3/spring-jcl-6.2.3.jar
2025-03-19 13:38:33,469 [BasicRepositoryConnector-repo.maven.apache.org-1-1] INFO  o.e.m.c.i.e.AbstractTransferListenerAdapter - Downloaded https://repo.maven.apache.org/maven2/org/objenesis/objenesis/3.3/objenesis-3.3.jar
2025-03-19 13:38:33,657 [BasicRepositoryConnector-repo.maven.apache.org-1-2] INFO  o.e.m.c.i.e.AbstractTransferListenerAdapter - Downloaded https://repo.maven.apache.org/maven2/org/springframework/spring-core/6.2.3/spring-core-6.2.3.jar
2025-03-19 13:38:34,073 [Worker-3: Import Getting Started Content] INFO  o.e.m.c.i.e.AbstractTransferListenerAdapter - Downloading https://repo.maven.apache.org/maven2/org/apache/maven/plugins/maven-resources-plugin/3.3.1/maven-resources-plugin-3.3.1.pom
2025-03-19 13:38:34,110 [Worker-3: Import Getting Started Content] INFO  o.e.m.c.i.e.AbstractTransferListenerAdapter - Downloaded https://repo.maven.apache.org/maven2/org/apache/maven/plugins/maven-resources-plugin/3.3.1/maven-resources-plugin-3.3.1.pom
2025-03-19 13:38:34,133 [Worker-3: Import Getting Started Content] INFO  o.e.m.c.i.e.AbstractTransferListenerAdapter - Downloading https://repo.maven.apache.org/maven2/org/apache/maven/plugins/maven-plugins/39/maven-plugins-39.pom
2025-03-19 13:38:34,168 [Worker-3: Import Getting Started Content] INFO  o.e.m.c.i.e.AbstractTransferListenerAdapter - Downloaded https://repo.maven.apache.org/maven2/org/apache/maven/plugins/maven-plugins/39/maven-plugins-39.pom
2025-03-19 13:38:34,202 [Worker-3: Import Getting Started Content] INFO  o.e.m.c.i.e.AbstractTransferListenerAdapter - Downloading https://repo.maven.apache.org/maven2/org/apache/maven/plugins/maven-surefire-plugin/3.5.2/maven-surefire-plugin-3.5.2.pom
2025-03-19 13:38:34,244 [Worker-3: Import Getting Started Content] INFO  o.e.m.c.i.e.AbstractTransferListenerAdapter - Downloaded https://repo.maven.apache.org/maven2/org/apache/maven/plugins/maven-surefire-plugin/3.5.2/maven-surefire-plugin-3.5.2.pom
2025-03-19 13:38:34,270 [Worker-3: Import Getting Started Content] INFO  o.e.m.c.i.e.AbstractTransferListenerAdapter - Downloading https://repo.maven.apache.org/maven2/org/apache/maven/surefire/surefire/3.5.2/surefire-3.5.2.pom
2025-03-19 13:38:34,300 [Worker-3: Import Getting Started Content] INFO  o.e.m.c.i.e.AbstractTransferListenerAdapter - Downloaded https://repo.maven.apache.org/maven2/org/apache/maven/surefire/surefire/3.5.2/surefire-3.5.2.pom
2025-03-19 13:38:34,331 [Worker-3: Import Getting Started Content] INFO  o.e.m.c.i.e.AbstractTransferListenerAdapter - Downloading https://repo.maven.apache.org/maven2/org/apache/maven/maven-parent/43/maven-parent-43.pom
2025-03-19 13:38:34,370 [Worker-3: Import Getting Started Content] INFO  o.e.m.c.i.e.AbstractTransferListenerAdapter - Downloaded https://repo.maven.apache.org/maven2/org/apache/maven/maven-parent/43/maven-parent-43.pom
2025-03-19 13:38:34,417 [Worker-3: Import Getting Started Content] INFO  o.e.m.c.i.e.AbstractTransferListenerAdapter - Downloading https://repo.maven.apache.org/maven2/org/apache/maven/plugins/maven-jar-plugin/3.4.2/maven-jar-plugin-3.4.2.pom
2025-03-19 13:38:34,443 [Worker-3: Import Getting Started Content] INFO  o.e.m.c.i.e.AbstractTransferListenerAdapter - Downloaded https://repo.maven.apache.org/maven2/org/apache/maven/plugins/maven-jar-plugin/3.4.2/maven-jar-plugin-3.4.2.pom
2025-03-19 13:38:34,467 [Worker-3: Import Getting Started Content] INFO  o.e.m.c.i.e.AbstractTransferListenerAdapter - Downloading https://repo.maven.apache.org/maven2/org/apache/maven/plugins/maven-plugins/42/maven-plugins-42.pom
2025-03-19 13:38:34,503 [Worker-3: Import Getting Started Content] INFO  o.e.m.c.i.e.AbstractTransferListenerAdapter - Downloaded https://repo.maven.apache.org/maven2/org/apache/maven/plugins/maven-plugins/42/maven-plugins-42.pom
2025-03-19 13:38:34,526 [Worker-3: Import Getting Started Content] INFO  o.e.m.c.i.e.AbstractTransferListenerAdapter - Downloading https://repo.maven.apache.org/maven2/org/apache/maven/maven-parent/42/maven-parent-42.pom
2025-03-19 13:38:34,555 [Worker-3: Import Getting Started Content] INFO  o.e.m.c.i.e.AbstractTransferListenerAdapter - Downloaded https://repo.maven.apache.org/maven2/org/apache/maven/maven-parent/42/maven-parent-42.pom
2025-03-19 13:38:34,589 [Worker-3: Import Getting Started Content] INFO  o.e.m.c.i.e.AbstractTransferListenerAdapter - Downloading https://repo.maven.apache.org/maven2/org/apache/apache/32/apache-32.pom
2025-03-19 13:38:34,618 [Worker-3: Import Getting Started Content] INFO  o.e.m.c.i.e.AbstractTransferListenerAdapter - Downloaded https://repo.maven.apache.org/maven2/org/apache/apache/32/apache-32.pom
2025-03-19 13:38:34,666 [Worker-3: Import Getting Started Content] INFO  o.e.m.c.i.e.AbstractTransferListenerAdapter - Downloading https://repo.maven.apache.org/maven2/org/apache/maven/shared/file-management/3.1.0/file-management-3.1.0.pom
2025-03-19 13:38:34,689 [Worker-3: Import Getting Started Content] INFO  o.e.m.c.i.e.AbstractTransferListenerAdapter - Downloaded https://repo.maven.apache.org/maven2/org/apache/maven/shared/file-management/3.1.0/file-management-3.1.0.pom
2025-03-19 13:38:34,715 [Worker-3: Import Getting Started Content] INFO  o.e.m.c.i.e.AbstractTransferListenerAdapter - Downloading https://repo.maven.apache.org/maven2/org/apache/maven/shared/maven-shared-components/36/maven-shared-components-36.pom
2025-03-19 13:38:34,738 [Worker-3: Import Getting Started Content] INFO  o.e.m.c.i.e.AbstractTransferListenerAdapter - Downloaded https://repo.maven.apache.org/maven2/org/apache/maven/shared/maven-shared-components/36/maven-shared-components-36.pom
2025-03-19 13:38:34,759 [Worker-3: Import Getting Started Content] INFO  o.e.m.c.i.e.AbstractTransferListenerAdapter - Downloading https://repo.maven.apache.org/maven2/org/apache/maven/maven-parent/36/maven-parent-36.pom
2025-03-19 13:38:34,789 [Worker-3: Import Getting Started Content] INFO  o.e.m.c.i.e.AbstractTransferListenerAdapter - Downloaded https://repo.maven.apache.org/maven2/org/apache/maven/maven-parent/36/maven-parent-36.pom
2025-03-19 13:38:34,826 [Worker-3: Import Getting Started Content] INFO  o.e.m.c.i.e.AbstractTransferListenerAdapter - Downloading https://repo.maven.apache.org/maven2/org/apache/apache/26/apache-26.pom
2025-03-19 13:38:34,854 [Worker-3: Import Getting Started Content] INFO  o.e.m.c.i.e.AbstractTransferListenerAdapter - Downloaded https://repo.maven.apache.org/maven2/org/apache/apache/26/apache-26.pom
2025-03-19 13:38:34,903 [Worker-3: Import Getting Started Content] INFO  o.e.m.c.i.e.AbstractTransferListenerAdapter - Downloading https://repo.maven.apache.org/maven2/org/codehaus/plexus/plexus-utils/4.0.1/plexus-utils-4.0.1.pom
2025-03-19 13:38:34,926 [Worker-3: Import Getting Started Content] INFO  o.e.m.c.i.e.AbstractTransferListenerAdapter - Downloaded https://repo.maven.apache.org/maven2/org/codehaus/plexus/plexus-utils/4.0.1/plexus-utils-4.0.1.pom
2025-03-19 13:38:34,948 [Worker-3: Import Getting Started Content] INFO  o.e.m.c.i.e.AbstractTransferListenerAdapter - Downloading https://repo.maven.apache.org/maven2/commons-io/commons-io/2.16.1/commons-io-2.16.1.pom
2025-03-19 13:38:34,977 [Worker-3: Import Getting Started Content] INFO  o.e.m.c.i.e.AbstractTransferListenerAdapter - Downloaded https://repo.maven.apache.org/maven2/commons-io/commons-io/2.16.1/commons-io-2.16.1.pom
2025-03-19 13:38:35,010 [Worker-3: Import Getting Started Content] INFO  o.e.m.c.i.e.AbstractTransferListenerAdapter - Downloading https://repo.maven.apache.org/maven2/org/apache/commons/commons-parent/69/commons-parent-69.pom
2025-03-19 13:38:35,047 [Worker-3: Import Getting Started Content] INFO  o.e.m.c.i.e.AbstractTransferListenerAdapter - Downloaded https://repo.maven.apache.org/maven2/org/apache/commons/commons-parent/69/commons-parent-69.pom
2025-03-19 13:38:35,085 [Worker-3: Import Getting Started Content] INFO  o.e.m.c.i.e.AbstractTransferListenerAdapter - Downloading https://repo.maven.apache.org/maven2/org/apache/maven/maven-archiver/3.6.2/maven-archiver-3.6.2.pom
2025-03-19 13:38:35,108 [Worker-3: Import Getting Started Content] INFO  o.e.m.c.i.e.AbstractTransferListenerAdapter - Downloaded https://repo.maven.apache.org/maven2/org/apache/maven/maven-archiver/3.6.2/maven-archiver-3.6.2.pom
2025-03-19 13:38:35,145 [Worker-3: Import Getting Started Content] INFO  o.e.m.c.i.e.AbstractTransferListenerAdapter - Downloading https://repo.maven.apache.org/maven2/org/apache/maven/shared/maven-shared-components/41/maven-shared-components-41.pom
2025-03-19 13:38:35,169 [Worker-3: Import Getting Started Content] INFO  o.e.m.c.i.e.AbstractTransferListenerAdapter - Downloaded https://repo.maven.apache.org/maven2/org/apache/maven/shared/maven-shared-components/41/maven-shared-components-41.pom
2025-03-19 13:38:35,206 [Worker-3: Import Getting Started Content] INFO  o.e.m.c.i.e.AbstractTransferListenerAdapter - Downloading https://repo.maven.apache.org/maven2/org/codehaus/plexus/plexus-archiver/4.9.2/plexus-archiver-4.9.2.pom
2025-03-19 13:38:35,228 [Worker-3: Import Getting Started Content] INFO  o.e.m.c.i.e.AbstractTransferListenerAdapter - Downloaded https://repo.maven.apache.org/maven2/org/codehaus/plexus/plexus-archiver/4.9.2/plexus-archiver-4.9.2.pom
2025-03-19 13:38:35,254 [Worker-3: Import Getting Started Content] INFO  o.e.m.c.i.e.AbstractTransferListenerAdapter - Downloading https://repo.maven.apache.org/maven2/org/codehaus/plexus/plexus-io/3.4.2/plexus-io-3.4.2.pom
2025-03-19 13:38:35,278 [Worker-3: Import Getting Started Content] INFO  o.e.m.c.i.e.AbstractTransferListenerAdapter - Downloaded https://repo.maven.apache.org/maven2/org/codehaus/plexus/plexus-io/3.4.2/plexus-io-3.4.2.pom
2025-03-19 13:38:35,304 [Worker-3: Import Getting Started Content] INFO  o.e.m.c.i.e.AbstractTransferListenerAdapter - Downloading https://repo.maven.apache.org/maven2/org/codehaus/plexus/plexus/16/plexus-16.pom
2025-03-19 13:38:35,330 [Worker-3: Import Getting Started Content] INFO  o.e.m.c.i.e.AbstractTransferListenerAdapter - Downloaded https://repo.maven.apache.org/maven2/org/codehaus/plexus/plexus/16/plexus-16.pom
2025-03-19 13:38:35,365 [Worker-3: Import Getting Started Content] INFO  o.e.m.c.i.e.AbstractTransferListenerAdapter - Downloading https://repo.maven.apache.org/maven2/org/junit/junit-bom/5.10.1/junit-bom-5.10.1.pom
2025-03-19 13:38:35,390 [Worker-3: Import Getting Started Content] INFO  o.e.m.c.i.e.AbstractTransferListenerAdapter - Downloaded https://repo.maven.apache.org/maven2/org/junit/junit-bom/5.10.1/junit-bom-5.10.1.pom
2025-03-19 13:38:35,419 [Worker-3: Import Getting Started Content] INFO  o.e.m.c.i.e.AbstractTransferListenerAdapter - Downloading https://repo.maven.apache.org/maven2/org/apache/commons/commons-compress/1.26.1/commons-compress-1.26.1.pom
2025-03-19 13:38:35,453 [Worker-3: Import Getting Started Content] INFO  o.e.m.c.i.e.AbstractTransferListenerAdapter - Downloaded https://repo.maven.apache.org/maven2/org/apache/commons/commons-compress/1.26.1/commons-compress-1.26.1.pom
2025-03-19 13:38:35,487 [Worker-3: Import Getting Started Content] INFO  o.e.m.c.i.e.AbstractTransferListenerAdapter - Downloading https://repo.maven.apache.org/maven2/org/apache/commons/commons-parent/66/commons-parent-66.pom
2025-03-19 13:38:35,524 [Worker-3: Import Getting Started Content] INFO  o.e.m.c.i.e.AbstractTransferListenerAdapter - Downloaded https://repo.maven.apache.org/maven2/org/apache/commons/commons-parent/66/commons-parent-66.pom
2025-03-19 13:38:35,562 [Worker-3: Import Getting Started Content] INFO  o.e.m.c.i.e.AbstractTransferListenerAdapter - Downloading https://repo.maven.apache.org/maven2/commons-codec/commons-codec/1.16.1/commons-codec-1.16.1.pom
2025-03-19 13:38:35,590 [Worker-3: Import Getting Started Content] INFO  o.e.m.c.i.e.AbstractTransferListenerAdapter - Downloaded https://repo.maven.apache.org/maven2/commons-codec/commons-codec/1.16.1/commons-codec-1.16.1.pom
2025-03-19 13:38:35,624 [Worker-3: Import Getting Started Content] INFO  o.e.m.c.i.e.AbstractTransferListenerAdapter - Downloading https://repo.maven.apache.org/maven2/org/apache/commons/commons-lang3/3.14.0/commons-lang3-3.14.0.pom
2025-03-19 13:38:35,652 [Worker-3: Import Getting Started Content] INFO  o.e.m.c.i.e.AbstractTransferListenerAdapter - Downloaded https://repo.maven.apache.org/maven2/org/apache/commons/commons-lang3/3.14.0/commons-lang3-3.14.0.pom
2025-03-19 13:38:35,686 [Worker-3: Import Getting Started Content] INFO  o.e.m.c.i.e.AbstractTransferListenerAdapter - Downloading https://repo.maven.apache.org/maven2/org/apache/commons/commons-parent/64/commons-parent-64.pom
2025-03-19 13:38:35,725 [Worker-3: Import Getting Started Content] INFO  o.e.m.c.i.e.AbstractTransferListenerAdapter - Downloaded https://repo.maven.apache.org/maven2/org/apache/commons/commons-parent/64/commons-parent-64.pom
2025-03-19 13:38:35,757 [Worker-3: Import Getting Started Content] INFO  o.e.m.c.i.e.AbstractTransferListenerAdapter - Downloading https://repo.maven.apache.org/maven2/org/apache/apache/30/apache-30.pom
2025-03-19 13:38:35,787 [Worker-3: Import Getting Started Content] INFO  o.e.m.c.i.e.AbstractTransferListenerAdapter - Downloaded https://repo.maven.apache.org/maven2/org/apache/apache/30/apache-30.pom
2025-03-19 13:38:35,820 [Worker-3: Import Getting Started Content] INFO  o.e.m.c.i.e.AbstractTransferListenerAdapter - Downloading https://repo.maven.apache.org/maven2/org/iq80/snappy/snappy/0.4/snappy-0.4.pom
2025-03-19 13:38:35,845 [Worker-3: Import Getting Started Content] INFO  o.e.m.c.i.e.AbstractTransferListenerAdapter - Downloaded https://repo.maven.apache.org/maven2/org/iq80/snappy/snappy/0.4/snappy-0.4.pom
2025-03-19 13:38:35,881 [Worker-3: Import Getting Started Content] INFO  o.e.m.c.i.e.AbstractTransferListenerAdapter - Downloading https://repo.maven.apache.org/maven2/org/tukaani/xz/1.9/xz-1.9.pom
2025-03-19 13:38:35,904 [Worker-3: Import Getting Started Content] INFO  o.e.m.c.i.e.AbstractTransferListenerAdapter - Downloaded https://repo.maven.apache.org/maven2/org/tukaani/xz/1.9/xz-1.9.pom
2025-03-19 13:38:35,928 [Worker-3: Import Getting Started Content] INFO  o.e.m.c.i.e.AbstractTransferListenerAdapter - Downloading https://repo.maven.apache.org/maven2/com/github/luben/zstd-jni/1.5.5-11/zstd-jni-1.5.5-11.pom
2025-03-19 13:38:35,952 [Worker-3: Import Getting Started Content] INFO  o.e.m.c.i.e.AbstractTransferListenerAdapter - Downloaded https://repo.maven.apache.org/maven2/com/github/luben/zstd-jni/1.5.5-11/zstd-jni-1.5.5-11.pom
2025-03-19 13:38:35,977 [Worker-3: Import Getting Started Content] INFO  o.e.m.c.i.e.AbstractTransferListenerAdapter - Downloading https://repo.maven.apache.org/maven2/org/codehaus/plexus/plexus-interpolation/1.27/plexus-interpolation-1.27.pom
2025-03-19 13:38:36,000 [Worker-3: Import Getting Started Content] INFO  o.e.m.c.i.e.AbstractTransferListenerAdapter - Downloaded https://repo.maven.apache.org/maven2/org/codehaus/plexus/plexus-interpolation/1.27/plexus-interpolation-1.27.pom
2025-03-19 13:38:36,036 [Worker-3: Import Getting Started Content] INFO  o.e.m.c.i.e.AbstractTransferListenerAdapter - Downloading https://repo.maven.apache.org/maven2/org/apache/maven/shared/file-management/3.1.0/file-management-3.1.0.jar
2025-03-19 13:38:36,402 [Worker-3: Import Getting Started Content] INFO  o.e.m.c.i.e.AbstractTransferListenerAdapter - Downloaded https://repo.maven.apache.org/maven2/org/apache/maven/shared/file-management/3.1.0/file-management-3.1.0.jar
2025-03-19 13:38:36,432 [BasicRepositoryConnector-repo.maven.apache.org-2-0] INFO  o.e.m.c.i.e.AbstractTransferListenerAdapter - Downloading https://repo.maven.apache.org/maven2/org/codehaus/plexus/plexus-utils/4.0.1/plexus-utils-4.0.1.jar
2025-03-19 13:38:36,446 [BasicRepositoryConnector-repo.maven.apache.org-2-3] INFO  o.e.m.c.i.e.AbstractTransferListenerAdapter - Downloading https://repo.maven.apache.org/maven2/org/codehaus/plexus/plexus-interpolation/1.27/plexus-interpolation-1.27.jar
2025-03-19 13:38:36,449 [BasicRepositoryConnector-repo.maven.apache.org-2-4] INFO  o.e.m.c.i.e.AbstractTransferListenerAdapter - Downloading https://repo.maven.apache.org/maven2/org/codehaus/plexus/plexus-archiver/4.9.2/plexus-archiver-4.9.2.jar
2025-03-19 13:38:36,488 [BasicRepositoryConnector-repo.maven.apache.org-2-1] INFO  o.e.m.c.i.e.AbstractTransferListenerAdapter - Downloading https://repo.maven.apache.org/maven2/commons-io/commons-io/2.16.1/commons-io-2.16.1.jar
2025-03-19 13:38:36,489 [BasicRepositoryConnector-repo.maven.apache.org-2-2] INFO  o.e.m.c.i.e.AbstractTransferListenerAdapter - Downloading https://repo.maven.apache.org/maven2/org/apache/maven/maven-archiver/3.6.2/maven-archiver-3.6.2.jar
2025-03-19 13:38:36,543 [BasicRepositoryConnector-repo.maven.apache.org-2-4] INFO  o.e.m.c.i.e.AbstractTransferListenerAdapter - Downloaded https://repo.maven.apache.org/maven2/org/codehaus/plexus/plexus-archiver/4.9.2/plexus-archiver-4.9.2.jar
2025-03-19 13:38:36,552 [BasicRepositoryConnector-repo.maven.apache.org-2-0] INFO  o.e.m.c.i.e.AbstractTransferListenerAdapter - Downloaded https://repo.maven.apache.org/maven2/org/codehaus/plexus/plexus-utils/4.0.1/plexus-utils-4.0.1.jar
2025-03-19 13:38:36,571 [BasicRepositoryConnector-repo.maven.apache.org-2-4] INFO  o.e.m.c.i.e.AbstractTransferListenerAdapter - Downloading https://repo.maven.apache.org/maven2/org/codehaus/plexus/plexus-io/3.4.2/plexus-io-3.4.2.jar
2025-03-19 13:38:36,574 [BasicRepositoryConnector-repo.maven.apache.org-2-3] INFO  o.e.m.c.i.e.AbstractTransferListenerAdapter - Downloaded https://repo.maven.apache.org/maven2/org/codehaus/plexus/plexus-interpolation/1.27/plexus-interpolation-1.27.jar
2025-03-19 13:38:36,586 [BasicRepositoryConnector-repo.maven.apache.org-2-0] INFO  o.e.m.c.i.e.AbstractTransferListenerAdapter - Downloading https://repo.maven.apache.org/maven2/org/apache/commons/commons-compress/1.26.1/commons-compress-1.26.1.jar
2025-03-19 13:38:36,591 [BasicRepositoryConnector-repo.maven.apache.org-2-3] INFO  o.e.m.c.i.e.AbstractTransferListenerAdapter - Downloading https://repo.maven.apache.org/maven2/org/apache/commons/commons-lang3/3.14.0/commons-lang3-3.14.0.jar
2025-03-19 13:38:36,626 [BasicRepositoryConnector-repo.maven.apache.org-2-4] INFO  o.e.m.c.i.e.AbstractTransferListenerAdapter - Downloaded https://repo.maven.apache.org/maven2/org/codehaus/plexus/plexus-io/3.4.2/plexus-io-3.4.2.jar
2025-03-19 13:38:36,644 [BasicRepositoryConnector-repo.maven.apache.org-2-4] INFO  o.e.m.c.i.e.AbstractTransferListenerAdapter - Downloading https://repo.maven.apache.org/maven2/commons-codec/commons-codec/1.16.1/commons-codec-1.16.1.jar
2025-03-19 13:38:36,679 [BasicRepositoryConnector-repo.maven.apache.org-2-3] INFO  o.e.m.c.i.e.AbstractTransferListenerAdapter - Downloaded https://repo.maven.apache.org/maven2/org/apache/commons/commons-lang3/3.14.0/commons-lang3-3.14.0.jar
2025-03-19 13:38:36,707 [BasicRepositoryConnector-repo.maven.apache.org-2-3] INFO  o.e.m.c.i.e.AbstractTransferListenerAdapter - Downloading https://repo.maven.apache.org/maven2/org/iq80/snappy/snappy/0.4/snappy-0.4.jar
2025-03-19 13:38:36,713 [BasicRepositoryConnector-repo.maven.apache.org-2-1] INFO  o.e.m.c.i.e.AbstractTransferListenerAdapter - Downloaded https://repo.maven.apache.org/maven2/commons-io/commons-io/2.16.1/commons-io-2.16.1.jar
2025-03-19 13:38:36,729 [BasicRepositoryConnector-repo.maven.apache.org-2-4] INFO  o.e.m.c.i.e.AbstractTransferListenerAdapter - Downloaded https://repo.maven.apache.org/maven2/commons-codec/commons-codec/1.16.1/commons-codec-1.16.1.jar
2025-03-19 13:38:36,750 [BasicRepositoryConnector-repo.maven.apache.org-2-3] INFO  o.e.m.c.i.e.AbstractTransferListenerAdapter - Downloaded https://repo.maven.apache.org/maven2/org/iq80/snappy/snappy/0.4/snappy-0.4.jar
2025-03-19 13:38:36,752 [BasicRepositoryConnector-repo.maven.apache.org-2-1] INFO  o.e.m.c.i.e.AbstractTransferListenerAdapter - Downloading https://repo.maven.apache.org/maven2/org/tukaani/xz/1.9/xz-1.9.jar
2025-03-19 13:38:36,770 [BasicRepositoryConnector-repo.maven.apache.org-2-4] INFO  o.e.m.c.i.e.AbstractTransferListenerAdapter - Downloading https://repo.maven.apache.org/maven2/com/github/luben/zstd-jni/1.5.5-11/zstd-jni-1.5.5-11.jar
2025-03-19 13:38:36,793 [BasicRepositoryConnector-repo.maven.apache.org-2-1] INFO  o.e.m.c.i.e.AbstractTransferListenerAdapter - Downloaded https://repo.maven.apache.org/maven2/org/tukaani/xz/1.9/xz-1.9.jar
2025-03-19 13:38:36,837 [BasicRepositoryConnector-repo.maven.apache.org-2-2] INFO  o.e.m.c.i.e.AbstractTransferListenerAdapter - Downloaded https://repo.maven.apache.org/maven2/org/apache/maven/maven-archiver/3.6.2/maven-archiver-3.6.2.jar
2025-03-19 13:38:36,961 [BasicRepositoryConnector-repo.maven.apache.org-2-0] INFO  o.e.m.c.i.e.AbstractTransferListenerAdapter - Downloaded https://repo.maven.apache.org/maven2/org/apache/commons/commons-compress/1.26.1/commons-compress-1.26.1.jar
2025-03-19 13:38:38,384 [BasicRepositoryConnector-repo.maven.apache.org-2-4] INFO  o.e.m.c.i.e.AbstractTransferListenerAdapter - Downloaded https://repo.maven.apache.org/maven2/com/github/luben/zstd-jni/1.5.5-11/zstd-jni-1.5.5-11.jar
2025-03-19 13:38:38,966 [Worker-3: Import Getting Started Content] INFO  o.e.m.c.i.e.AbstractTransferListenerAdapter - Downloading https://repo.maven.apache.org/maven2/org/codehaus/plexus/plexus-interpolation/1.26/plexus-interpolation-1.26.pom
2025-03-19 13:38:38,996 [Worker-3: Import Getting Started Content] INFO  o.e.m.c.i.e.AbstractTransferListenerAdapter - Downloaded https://repo.maven.apache.org/maven2/org/codehaus/plexus/plexus-interpolation/1.26/plexus-interpolation-1.26.pom
2025-03-19 13:38:39,014 [Worker-3: Import Getting Started Content] INFO  o.e.m.c.i.e.AbstractTransferListenerAdapter - Downloading https://repo.maven.apache.org/maven2/org/codehaus/plexus/plexus/5.1/plexus-5.1.pom
2025-03-19 13:38:39,046 [Worker-3: Import Getting Started Content] INFO  o.e.m.c.i.e.AbstractTransferListenerAdapter - Downloaded https://repo.maven.apache.org/maven2/org/codehaus/plexus/plexus/5.1/plexus-5.1.pom
2025-03-19 13:38:39,086 [Worker-3: Import Getting Started Content] INFO  o.e.m.c.i.e.AbstractTransferListenerAdapter - Downloading https://repo.maven.apache.org/maven2/org/codehaus/plexus/plexus-utils/3.5.1/plexus-utils-3.5.1.pom
2025-03-19 13:38:39,120 [Worker-3: Import Getting Started Content] INFO  o.e.m.c.i.e.AbstractTransferListenerAdapter - Downloaded https://repo.maven.apache.org/maven2/org/codehaus/plexus/plexus-utils/3.5.1/plexus-utils-3.5.1.pom
2025-03-19 13:38:39,151 [Worker-3: Import Getting Started Content] INFO  o.e.m.c.i.e.AbstractTransferListenerAdapter - Downloading https://repo.maven.apache.org/maven2/org/codehaus/plexus/plexus/10/plexus-10.pom
2025-03-19 13:38:39,182 [Worker-3: Import Getting Started Content] INFO  o.e.m.c.i.e.AbstractTransferListenerAdapter - Downloaded https://repo.maven.apache.org/maven2/org/codehaus/plexus/plexus/10/plexus-10.pom
2025-03-19 13:38:39,215 [Worker-3: Import Getting Started Content] INFO  o.e.m.c.i.e.AbstractTransferListenerAdapter - Downloading https://repo.maven.apache.org/maven2/org/apache/maven/shared/maven-filtering/3.3.1/maven-filtering-3.3.1.pom
2025-03-19 13:38:39,243 [Worker-3: Import Getting Started Content] INFO  o.e.m.c.i.e.AbstractTransferListenerAdapter - Downloaded https://repo.maven.apache.org/maven2/org/apache/maven/shared/maven-filtering/3.3.1/maven-filtering-3.3.1.pom
2025-03-19 13:38:39,272 [Worker-3: Import Getting Started Content] INFO  o.e.m.c.i.e.AbstractTransferListenerAdapter - Downloading https://repo.maven.apache.org/maven2/org/sonatype/plexus/plexus-build-api/0.0.7/plexus-build-api-0.0.7.pom
2025-03-19 13:38:39,298 [Worker-3: Import Getting Started Content] INFO  o.e.m.c.i.e.AbstractTransferListenerAdapter - Downloaded https://repo.maven.apache.org/maven2/org/sonatype/plexus/plexus-build-api/0.0.7/plexus-build-api-0.0.7.pom
2025-03-19 13:38:39,327 [Worker-3: Import Getting Started Content] INFO  o.e.m.c.i.e.AbstractTransferListenerAdapter - Downloading https://repo.maven.apache.org/maven2/org/sonatype/spice/spice-parent/15/spice-parent-15.pom
2025-03-19 13:38:39,356 [Worker-3: Import Getting Started Content] INFO  o.e.m.c.i.e.AbstractTransferListenerAdapter - Downloaded https://repo.maven.apache.org/maven2/org/sonatype/spice/spice-parent/15/spice-parent-15.pom
2025-03-19 13:38:39,396 [Worker-3: Import Getting Started Content] INFO  o.e.m.c.i.e.AbstractTransferListenerAdapter - Downloading https://repo.maven.apache.org/maven2/org/sonatype/forge/forge-parent/5/forge-parent-5.pom
2025-03-19 13:38:39,425 [Worker-3: Import Getting Started Content] INFO  o.e.m.c.i.e.AbstractTransferListenerAdapter - Downloaded https://repo.maven.apache.org/maven2/org/sonatype/forge/forge-parent/5/forge-parent-5.pom
2025-03-19 13:38:39,460 [Worker-3: Import Getting Started Content] INFO  o.e.m.c.i.e.AbstractTransferListenerAdapter - Downloading https://repo.maven.apache.org/maven2/org/codehaus/plexus/plexus-utils/3.5.0/plexus-utils-3.5.0.pom
2025-03-19 13:38:39,490 [Worker-3: Import Getting Started Content] INFO  o.e.m.c.i.e.AbstractTransferListenerAdapter - Downloaded https://repo.maven.apache.org/maven2/org/codehaus/plexus/plexus-utils/3.5.0/plexus-utils-3.5.0.pom
2025-03-19 13:38:39,514 [Worker-3: Import Getting Started Content] INFO  o.e.m.c.i.e.AbstractTransferListenerAdapter - Downloading https://repo.maven.apache.org/maven2/org/apache/commons/commons-lang3/3.12.0/commons-lang3-3.12.0.pom
2025-03-19 13:38:39,547 [Worker-3: Import Getting Started Content] INFO  o.e.m.c.i.e.AbstractTransferListenerAdapter - Downloaded https://repo.maven.apache.org/maven2/org/apache/commons/commons-lang3/3.12.0/commons-lang3-3.12.0.pom
2025-03-19 13:38:39,584 [Worker-3: Import Getting Started Content] INFO  o.e.m.c.i.e.AbstractTransferListenerAdapter - Downloading https://repo.maven.apache.org/maven2/org/junit/junit-bom/5.7.1/junit-bom-5.7.1.pom
2025-03-19 13:38:39,611 [Worker-3: Import Getting Started Content] INFO  o.e.m.c.i.e.AbstractTransferListenerAdapter - Downloaded https://repo.maven.apache.org/maven2/org/junit/junit-bom/5.7.1/junit-bom-5.7.1.pom
2025-03-19 13:38:39,666 [Worker-3: Import Getting Started Content] INFO  o.e.m.c.i.e.AbstractTransferListenerAdapter - Downloading https://repo.maven.apache.org/maven2/org/codehaus/plexus/plexus-interpolation/1.26/plexus-interpolation-1.26.jar
2025-03-19 13:38:39,699 [Worker-3: Import Getting Started Content] INFO  o.e.m.c.i.e.AbstractTransferListenerAdapter - Downloaded https://repo.maven.apache.org/maven2/org/codehaus/plexus/plexus-interpolation/1.26/plexus-interpolation-1.26.jar
2025-03-19 13:38:39,716 [BasicRepositoryConnector-repo.maven.apache.org-3-1] INFO  o.e.m.c.i.e.AbstractTransferListenerAdapter - Downloading https://repo.maven.apache.org/maven2/org/apache/maven/shared/maven-filtering/3.3.1/maven-filtering-3.3.1.jar
2025-03-19 13:38:39,740 [BasicRepositoryConnector-repo.maven.apache.org-3-3] INFO  o.e.m.c.i.e.AbstractTransferListenerAdapter - Downloading https://repo.maven.apache.org/maven2/org/apache/commons/commons-lang3/3.12.0/commons-lang3-3.12.0.jar
2025-03-19 13:38:39,741 [BasicRepositoryConnector-repo.maven.apache.org-3-0] INFO  o.e.m.c.i.e.AbstractTransferListenerAdapter - Downloading https://repo.maven.apache.org/maven2/org/codehaus/plexus/plexus-utils/3.5.1/plexus-utils-3.5.1.jar
2025-03-19 13:38:39,741 [BasicRepositoryConnector-repo.maven.apache.org-3-2] INFO  o.e.m.c.i.e.AbstractTransferListenerAdapter - Downloading https://repo.maven.apache.org/maven2/org/sonatype/plexus/plexus-build-api/0.0.7/plexus-build-api-0.0.7.jar
2025-03-19 13:38:39,772 [BasicRepositoryConnector-repo.maven.apache.org-3-1] INFO  o.e.m.c.i.e.AbstractTransferListenerAdapter - Downloaded https://repo.maven.apache.org/maven2/org/apache/maven/shared/maven-filtering/3.3.1/maven-filtering-3.3.1.jar
2025-03-19 13:38:39,831 [BasicRepositoryConnector-repo.maven.apache.org-3-3] INFO  o.e.m.c.i.e.AbstractTransferListenerAdapter - Downloaded https://repo.maven.apache.org/maven2/org/apache/commons/commons-lang3/3.12.0/commons-lang3-3.12.0.jar
2025-03-19 13:38:39,847 [Worker-9: Download sources and javadoc] INFO  o.e.m.c.i.e.AbstractTransferListenerAdapter - Downloading https://repo.maven.apache.org/maven2/org/springframework/boot/spring-boot-starter-data-jpa/3.4.3/spring-boot-starter-data-jpa-3.4.3-sources.jar
2025-03-19 13:38:39,858 [Worker-9: Download sources and javadoc] INFO  o.e.m.c.i.e.AbstractTransferListenerAdapter - Downloaded https://repo.maven.apache.org/maven2/org/springframework/boot/spring-boot-starter-data-jpa/3.4.3/spring-boot-starter-data-jpa-3.4.3-sources.jar
2025-03-19 13:38:39,866 [Worker-9: Download sources and javadoc] INFO  o.e.m.j.internal.DownloadSourcesJob - Downloaded sources for org.springframework.boot:spring-boot-starter-data-jpa:3.4.3
2025-03-19 13:38:39,889 [BasicRepositoryConnector-repo.maven.apache.org-3-0] INFO  o.e.m.c.i.e.AbstractTransferListenerAdapter - Downloaded https://repo.maven.apache.org/maven2/org/codehaus/plexus/plexus-utils/3.5.1/plexus-utils-3.5.1.jar
2025-03-19 13:38:39,926 [BasicRepositoryConnector-repo.maven.apache.org-3-2] INFO  o.e.m.c.i.e.AbstractTransferListenerAdapter - Downloaded https://repo.maven.apache.org/maven2/org/sonatype/plexus/plexus-build-api/0.0.7/plexus-build-api-0.0.7.jar
2025-03-19 13:38:39,973 [Worker-9: Download sources and javadoc] INFO  o.e.m.c.i.e.AbstractTransferListenerAdapter - Downloading https://repo.maven.apache.org/maven2/org/springframework/boot/spring-boot-starter/3.4.3/spring-boot-starter-3.4.3-sources.jar
2025-03-19 13:38:39,998 [Worker-3: Import Getting Started Content] INFO  o.e.m.j.i.AbstractJavaProjectConfigurator - Adding source folder /ShopmeCommon/src/main/java
2025-03-19 13:38:40,002 [Worker-3: Import Getting Started Content] INFO  o.e.m.j.i.AbstractJavaProjectConfigurator - Adding resource folder /ShopmeCommon/src/main/resources
2025-03-19 13:38:40,019 [Worker-3: Import Getting Started Content] INFO  o.e.m.j.i.AbstractJavaProjectConfigurator - Adding resource folder /ShopmeCommon/src/main/resources
2025-03-19 13:38:40,027 [Worker-9: Download sources and javadoc] INFO  o.e.m.c.i.e.AbstractTransferListenerAdapter - Downloaded https://repo.maven.apache.org/maven2/org/springframework/boot/spring-boot-starter/3.4.3/spring-boot-starter-3.4.3-sources.jar
2025-03-19 13:38:40,035 [Worker-9: Download sources and javadoc] INFO  o.e.m.j.internal.DownloadSourcesJob - Downloaded sources for org.springframework.boot:spring-boot-starter:3.4.3
2025-03-19 13:38:40,038 [Worker-3: Import Getting Started Content] INFO  o.e.m.j.i.AbstractJavaProjectConfigurator - Adding source folder /ShopmeCommon/src/test/java
2025-03-19 13:38:40,040 [Worker-3: Import Getting Started Content] INFO  o.e.m.j.i.AbstractJavaProjectConfigurator - Adding resource folder /ShopmeCommon/src/test/resources
2025-03-19 13:38:40,130 [Worker-9: Download sources and javadoc] INFO  o.e.m.c.i.e.AbstractTransferListenerAdapter - Downloading https://repo.maven.apache.org/maven2/org/springframework/boot/spring-boot/3.4.3/spring-boot-3.4.3-sources.jar
2025-03-19 13:38:41,170 [Worker-3: Import Getting Started Content] INFO  o.e.m.c.i.p.ProjectConfigurationManager - Imported and configured 1 project(s) in 30 sec
2025-03-19 13:38:41,177 [Worker-3: Import Getting Started Content] INFO  o.e.m.c.i.p.ProjectConfigurationManager - Update started
2025-03-19 13:38:41,371 [Worker-9: Download sources and javadoc] INFO  o.e.m.c.i.e.AbstractTransferListenerAdapter - Downloaded https://repo.maven.apache.org/maven2/org/springframework/boot/spring-boot/3.4.3/spring-boot-3.4.3-sources.jar
2025-03-19 13:38:41,379 [Worker-9: Download sources and javadoc] INFO  o.e.m.j.internal.DownloadSourcesJob - Downloaded sources for org.springframework.boot:spring-boot:3.4.3
2025-03-19 13:38:42,635 [Worker-9: Download sources and javadoc] INFO  o.e.m.c.i.e.AbstractTransferListenerAdapter - Downloading https://repo.maven.apache.org/maven2/org/springframework/boot/spring-boot-autoconfigure/3.4.3/spring-boot-autoconfigure-3.4.3-sources.jar
2025-03-19 13:38:42,654 [Worker-3: Import Getting Started Content] INFO  o.e.m.c.i.l.LifecycleMappingFactory - Using org.eclipse.m2e.jdt.JarLifecycleMapping lifecycle mapping for MavenProject: com.example:ShopmeCommon:0.0.1-SNAPSHOT @ C:\ShopmeEcommerce\ShopmeProject\ShopmeCommon\pom.xml.
2025-03-19 13:38:43,293 [Worker-9: Download sources and javadoc] INFO  o.e.m.c.i.e.AbstractTransferListenerAdapter - Downloaded https://repo.maven.apache.org/maven2/org/springframework/boot/spring-boot-autoconfigure/3.4.3/spring-boot-autoconfigure-3.4.3-sources.jar
2025-03-19 13:38:43,302 [Worker-9: Download sources and javadoc] INFO  o.e.m.j.internal.DownloadSourcesJob - Downloaded sources for org.springframework.boot:spring-boot-autoconfigure:3.4.3
2025-03-19 13:38:43,387 [Worker-9: Download sources and javadoc] INFO  o.e.m.c.i.e.AbstractTransferListenerAdapter - Downloading https://repo.maven.apache.org/maven2/org/springframework/boot/spring-boot-starter-logging/3.4.3/spring-boot-starter-logging-3.4.3-sources.jar
2025-03-19 13:38:43,478 [Worker-9: Download sources and javadoc] INFO  o.e.m.c.i.e.AbstractTransferListenerAdapter - Downloaded https://repo.maven.apache.org/maven2/org/springframework/boot/spring-boot-starter-logging/3.4.3/spring-boot-starter-logging-3.4.3-sources.jar
2025-03-19 13:38:43,488 [Worker-9: Download sources and javadoc] INFO  o.e.m.j.internal.DownloadSourcesJob - Downloaded sources for org.springframework.boot:spring-boot-starter-logging:3.4.3
2025-03-19 13:38:43,565 [Worker-9: Download sources and javadoc] INFO  o.e.m.c.i.e.AbstractTransferListenerAdapter - Downloading https://repo.maven.apache.org/maven2/ch/qos/logback/logback-classic/1.5.16/logback-classic-1.5.16-sources.jar
2025-03-19 13:38:43,761 [Worker-9: Download sources and javadoc] INFO  o.e.m.c.i.e.AbstractTransferListenerAdapter - Downloaded https://repo.maven.apache.org/maven2/ch/qos/logback/logback-classic/1.5.16/logback-classic-1.5.16-sources.jar
2025-03-19 13:38:43,769 [Worker-9: Download sources and javadoc] INFO  o.e.m.j.internal.DownloadSourcesJob - Downloaded sources for ch.qos.logback:logback-classic:1.5.16
2025-03-19 13:38:43,860 [Worker-9: Download sources and javadoc] INFO  o.e.m.c.i.e.AbstractTransferListenerAdapter - Downloading https://repo.maven.apache.org/maven2/ch/qos/logback/logback-core/1.5.16/logback-core-1.5.16-sources.jar
2025-03-19 13:38:44,168 [Worker-9: Download sources and javadoc] INFO  o.e.m.c.i.e.AbstractTransferListenerAdapter - Downloaded https://repo.maven.apache.org/maven2/ch/qos/logback/logback-core/1.5.16/logback-core-1.5.16-sources.jar
2025-03-19 13:38:44,175 [Worker-9: Download sources and javadoc] INFO  o.e.m.j.internal.DownloadSourcesJob - Downloaded sources for ch.qos.logback:logback-core:1.5.16
2025-03-19 13:38:44,280 [Worker-9: Download sources and javadoc] INFO  o.e.m.c.i.e.AbstractTransferListenerAdapter - Downloading https://repo.maven.apache.org/maven2/org/apache/logging/log4j/log4j-to-slf4j/2.24.3/log4j-to-slf4j-2.24.3-sources.jar
2025-03-19 13:38:44,305 [Worker-3: Import Getting Started Content] INFO  o.e.m.j.i.AbstractJavaProjectConfigurator - Adding source folder /ShopmeCommon/src/main/java
2025-03-19 13:38:44,306 [Worker-3: Import Getting Started Content] INFO  o.e.m.j.i.AbstractJavaProjectConfigurator - Adding resource folder /ShopmeCommon/src/main/resources
2025-03-19 13:38:44,306 [Worker-3: Import Getting Started Content] INFO  o.e.m.j.i.AbstractJavaProjectConfigurator - Adding resource folder /ShopmeCommon/src/main/resources
2025-03-19 13:38:44,307 [Worker-3: Import Getting Started Content] INFO  o.e.m.j.i.AbstractJavaProjectConfigurator - Adding source folder /ShopmeCommon/src/test/java
2025-03-19 13:38:44,307 [Worker-3: Import Getting Started Content] INFO  o.e.m.j.i.AbstractJavaProjectConfigurator - Adding resource folder /ShopmeCommon/src/test/resources
2025-03-19 13:38:44,912 [Worker-9: Download sources and javadoc] INFO  o.e.m.c.i.e.AbstractTransferListenerAdapter - Downloaded https://repo.maven.apache.org/maven2/org/apache/logging/log4j/log4j-to-slf4j/2.24.3/log4j-to-slf4j-2.24.3-sources.jar
2025-03-19 13:38:44,919 [Worker-9: Download sources and javadoc] INFO  o.e.m.j.internal.DownloadSourcesJob - Downloaded sources for org.apache.logging.log4j:log4j-to-slf4j:2.24.3
2025-03-19 13:38:45,015 [Worker-9: Download sources and javadoc] INFO  o.e.m.c.i.e.AbstractTransferListenerAdapter - Downloading https://repo.maven.apache.org/maven2/org/apache/logging/log4j/log4j-api/2.24.3/log4j-api-2.24.3-sources.jar
2025-03-19 13:38:45,039 [Worker-3: Import Getting Started Content] INFO  o.e.m.c.i.p.ProjectConfigurationManager - Update completed for 1 poms: local refresh takes 0.00 sec, refresh facades takes 3.00 sec, update config takes 0.00 sec 
2025-03-19 13:38:45,221 [Worker-9: Download sources and javadoc] INFO  o.e.m.c.i.e.AbstractTransferListenerAdapter - Downloaded https://repo.maven.apache.org/maven2/org/apache/logging/log4j/log4j-api/2.24.3/log4j-api-2.24.3-sources.jar
2025-03-19 13:38:45,229 [Worker-9: Download sources and javadoc] INFO  o.e.m.j.internal.DownloadSourcesJob - Downloaded sources for org.apache.logging.log4j:log4j-api:2.24.3
2025-03-19 13:38:45,327 [Worker-9: Download sources and javadoc] INFO  o.e.m.c.i.e.AbstractTransferListenerAdapter - Downloading https://repo.maven.apache.org/maven2/org/slf4j/jul-to-slf4j/2.0.16/jul-to-slf4j-2.0.16-sources.jar
2025-03-19 13:38:45,422 [Worker-9: Download sources and javadoc] INFO  o.e.m.c.i.e.AbstractTransferListenerAdapter - Downloaded https://repo.maven.apache.org/maven2/org/slf4j/jul-to-slf4j/2.0.16/jul-to-slf4j-2.0.16-sources.jar
2025-03-19 13:38:45,432 [Worker-9: Download sources and javadoc] INFO  o.e.m.j.internal.DownloadSourcesJob - Downloaded sources for org.slf4j:jul-to-slf4j:2.0.16
2025-03-19 13:38:45,525 [Worker-9: Download sources and javadoc] INFO  o.e.m.c.i.e.AbstractTransferListenerAdapter - Downloading https://repo.maven.apache.org/maven2/jakarta/annotation/jakarta.annotation-api/2.1.1/jakarta.annotation-api-2.1.1-sources.jar
2025-03-19 13:38:46,461 [Worker-9: Download sources and javadoc] INFO  o.e.m.c.i.e.AbstractTransferListenerAdapter - Downloaded https://repo.maven.apache.org/maven2/jakarta/annotation/jakarta.annotation-api/2.1.1/jakarta.annotation-api-2.1.1-sources.jar
2025-03-19 13:38:46,470 [Worker-9: Download sources and javadoc] INFO  o.e.m.j.internal.DownloadSourcesJob - Downloaded sources for jakarta.annotation:jakarta.annotation-api:2.1.1
2025-03-19 13:38:46,485 [Worker-23: Building] INFO  o.a.m.s.f.DefaultMavenResourcesFiltering - Copying 1 resource from src\main\resources to target\classes
2025-03-19 13:38:46,543 [Worker-23: Building] INFO  o.a.m.s.f.DefaultMavenResourcesFiltering - Copying 0 resource from src\main\resources to target\classes
2025-03-19 13:38:46,553 [Worker-9: Download sources and javadoc] INFO  o.e.m.c.i.e.AbstractTransferListenerAdapter - Downloading https://repo.maven.apache.org/maven2/org/yaml/snakeyaml/2.3/snakeyaml-2.3-sources.jar
2025-03-19 13:38:46,561 [Worker-23: Building] INFO  o.a.m.s.f.DefaultMavenResourcesFiltering - skip non existing resourceDirectory C:\ShopmeEcommerce\ShopmeProject\ShopmeCommon\src\test\resources
2025-03-19 13:38:46,748 [Worker-9: Download sources and javadoc] INFO  o.e.m.c.i.e.AbstractTransferListenerAdapter - Downloaded https://repo.maven.apache.org/maven2/org/yaml/snakeyaml/2.3/snakeyaml-2.3-sources.jar
2025-03-19 13:38:46,754 [Worker-9: Download sources and javadoc] INFO  o.e.m.j.internal.DownloadSourcesJob - Downloaded sources for org.yaml:snakeyaml:2.3
2025-03-19 13:38:46,841 [Worker-9: Download sources and javadoc] INFO  o.e.m.c.i.e.AbstractTransferListenerAdapter - Downloading https://repo.maven.apache.org/maven2/org/springframework/boot/spring-boot-starter-jdbc/3.4.3/spring-boot-starter-jdbc-3.4.3-sources.jar
2025-03-19 13:38:46,943 [Worker-9: Download sources and javadoc] INFO  o.e.m.c.i.e.AbstractTransferListenerAdapter - Downloaded https://repo.maven.apache.org/maven2/org/springframework/boot/spring-boot-starter-jdbc/3.4.3/spring-boot-starter-jdbc-3.4.3-sources.jar
2025-03-19 13:38:46,955 [Worker-9: Download sources and javadoc] INFO  o.e.m.j.internal.DownloadSourcesJob - Downloaded sources for org.springframework.boot:spring-boot-starter-jdbc:3.4.3
2025-03-19 13:38:47,041 [Worker-9: Download sources and javadoc] INFO  o.e.m.c.i.e.AbstractTransferListenerAdapter - Downloading https://repo.maven.apache.org/maven2/com/zaxxer/HikariCP/5.1.0/HikariCP-5.1.0-sources.jar
2025-03-19 13:38:47,262 [Worker-9: Download sources and javadoc] INFO  o.e.m.c.i.e.AbstractTransferListenerAdapter - Downloaded https://repo.maven.apache.org/maven2/com/zaxxer/HikariCP/5.1.0/HikariCP-5.1.0-sources.jar
2025-03-19 13:38:47,269 [Worker-9: Download sources and javadoc] INFO  o.e.m.j.internal.DownloadSourcesJob - Downloaded sources for com.zaxxer:HikariCP:5.1.0
2025-03-19 13:38:47,383 [Worker-9: Download sources and javadoc] INFO  o.e.m.c.i.e.AbstractTransferListenerAdapter - Downloading https://repo.maven.apache.org/maven2/org/springframework/spring-jdbc/6.2.3/spring-jdbc-6.2.3-sources.jar
2025-03-19 13:38:47,664 [Worker-9: Download sources and javadoc] INFO  o.e.m.c.i.e.AbstractTransferListenerAdapter - Downloaded https://repo.maven.apache.org/maven2/org/springframework/spring-jdbc/6.2.3/spring-jdbc-6.2.3-sources.jar
2025-03-19 13:38:47,671 [Worker-9: Download sources and javadoc] INFO  o.e.m.j.internal.DownloadSourcesJob - Downloaded sources for org.springframework:spring-jdbc:6.2.3
2025-03-19 13:38:47,758 [Worker-9: Download sources and javadoc] INFO  o.e.m.c.i.e.AbstractTransferListenerAdapter - Downloading https://repo.maven.apache.org/maven2/org/hibernate/orm/hibernate-core/6.6.8.Final/hibernate-core-6.6.8.Final-sources.jar
2025-03-19 13:38:50,443 [Worker-9: Download sources and javadoc] INFO  o.e.m.c.i.e.AbstractTransferListenerAdapter - Downloaded https://repo.maven.apache.org/maven2/org/hibernate/orm/hibernate-core/6.6.8.Final/hibernate-core-6.6.8.Final-sources.jar
2025-03-19 13:38:50,451 [Worker-9: Download sources and javadoc] INFO  o.e.m.j.internal.DownloadSourcesJob - Downloaded sources for org.hibernate.orm:hibernate-core:6.6.8.Final
2025-03-19 13:38:50,547 [Worker-9: Download sources and javadoc] INFO  o.e.m.c.i.e.AbstractTransferListenerAdapter - Downloading https://repo.maven.apache.org/maven2/jakarta/persistence/jakarta.persistence-api/3.1.0/jakarta.persistence-api-3.1.0-sources.jar
2025-03-19 13:38:50,783 [Worker-9: Download sources and javadoc] INFO  o.e.m.c.i.e.AbstractTransferListenerAdapter - Downloaded https://repo.maven.apache.org/maven2/jakarta/persistence/jakarta.persistence-api/3.1.0/jakarta.persistence-api-3.1.0-sources.jar
2025-03-19 13:38:50,794 [Worker-9: Download sources and javadoc] INFO  o.e.m.j.internal.DownloadSourcesJob - Downloaded sources for jakarta.persistence:jakarta.persistence-api:3.1.0
2025-03-19 13:38:50,895 [Worker-9: Download sources and javadoc] INFO  o.e.m.c.i.e.AbstractTransferListenerAdapter - Downloading https://repo.maven.apache.org/maven2/jakarta/transaction/jakarta.transaction-api/2.0.1/jakarta.transaction-api-2.0.1-sources.jar
2025-03-19 13:38:51,612 [Worker-9: Download sources and javadoc] INFO  o.e.m.c.i.e.AbstractTransferListenerAdapter - Downloaded https://repo.maven.apache.org/maven2/jakarta/transaction/jakarta.transaction-api/2.0.1/jakarta.transaction-api-2.0.1-sources.jar
2025-03-19 13:38:51,619 [Worker-9: Download sources and javadoc] INFO  o.e.m.j.internal.DownloadSourcesJob - Downloaded sources for jakarta.transaction:jakarta.transaction-api:2.0.1
2025-03-19 13:38:51,698 [Worker-9: Download sources and javadoc] INFO  o.e.m.c.i.e.AbstractTransferListenerAdapter - Downloading https://repo.maven.apache.org/maven2/org/jboss/logging/jboss-logging/3.6.1.Final/jboss-logging-3.6.1.Final-sources.jar
2025-03-19 13:38:52,526 [Worker-9: Download sources and javadoc] INFO  o.e.m.c.i.e.AbstractTransferListenerAdapter - Downloaded https://repo.maven.apache.org/maven2/org/jboss/logging/jboss-logging/3.6.1.Final/jboss-logging-3.6.1.Final-sources.jar
2025-03-19 13:38:52,532 [Worker-9: Download sources and javadoc] INFO  o.e.m.j.internal.DownloadSourcesJob - Downloaded sources for org.jboss.logging:jboss-logging:3.6.1.Final
2025-03-19 13:38:52,685 [Worker-9: Download sources and javadoc] INFO  o.e.m.c.i.e.AbstractTransferListenerAdapter - Downloading https://repo.maven.apache.org/maven2/org/hibernate/common/hibernate-commons-annotations/7.0.3.Final/hibernate-commons-annotations-7.0.3.Final-sources.jar
2025-03-19 13:38:53,714 [Worker-9: Download sources and javadoc] INFO  o.e.m.c.i.e.AbstractTransferListenerAdapter - Downloaded https://repo.maven.apache.org/maven2/org/hibernate/common/hibernate-commons-annotations/7.0.3.Final/hibernate-commons-annotations-7.0.3.Final-sources.jar
2025-03-19 13:38:53,720 [Worker-9: Download sources and javadoc] INFO  o.e.m.j.internal.DownloadSourcesJob - Downloaded sources for org.hibernate.common:hibernate-commons-annotations:7.0.3.Final
2025-03-19 13:38:53,818 [Worker-9: Download sources and javadoc] INFO  o.e.m.c.i.e.AbstractTransferListenerAdapter - Downloading https://repo.maven.apache.org/maven2/io/smallrye/jandex/3.2.0/jandex-3.2.0-sources.jar
2025-03-19 13:38:53,996 [Worker-9: Download sources and javadoc] INFO  o.e.m.c.i.e.AbstractTransferListenerAdapter - Downloaded https://repo.maven.apache.org/maven2/io/smallrye/jandex/3.2.0/jandex-3.2.0-sources.jar
2025-03-19 13:38:54,003 [Worker-9: Download sources and javadoc] INFO  o.e.m.j.internal.DownloadSourcesJob - Downloaded sources for io.smallrye:jandex:3.2.0
2025-03-19 13:38:54,086 [Worker-9: Download sources and javadoc] INFO  o.e.m.c.i.e.AbstractTransferListenerAdapter - Downloading https://repo.maven.apache.org/maven2/com/fasterxml/classmate/1.7.0/classmate-1.7.0-sources.jar
2025-03-19 13:38:54,214 [Worker-9: Download sources and javadoc] INFO  o.e.m.c.i.e.AbstractTransferListenerAdapter - Downloaded https://repo.maven.apache.org/maven2/com/fasterxml/classmate/1.7.0/classmate-1.7.0-sources.jar
2025-03-19 13:38:54,217 [Worker-9: Download sources and javadoc] INFO  o.e.m.j.internal.DownloadSourcesJob - Downloaded sources for com.fasterxml:classmate:1.7.0
2025-03-19 13:38:54,297 [Worker-9: Download sources and javadoc] INFO  o.e.m.c.i.e.AbstractTransferListenerAdapter - Downloading https://repo.maven.apache.org/maven2/net/bytebuddy/byte-buddy/1.15.11/byte-buddy-1.15.11-sources.jar
2025-03-19 13:38:54,504 [Worker-9: Download sources and javadoc] INFO  o.e.m.c.i.e.AbstractTransferListenerAdapter - Downloaded https://repo.maven.apache.org/maven2/net/bytebuddy/byte-buddy/1.15.11/byte-buddy-1.15.11-sources.jar
2025-03-19 13:38:54,508 [Worker-9: Download sources and javadoc] INFO  o.e.m.j.internal.DownloadSourcesJob - Downloaded sources for net.bytebuddy:byte-buddy:1.15.11
2025-03-19 13:38:54,601 [Worker-9: Download sources and javadoc] INFO  o.e.m.c.i.e.AbstractTransferListenerAdapter - Downloading https://repo.maven.apache.org/maven2/org/glassfish/jaxb/jaxb-runtime/4.0.5/jaxb-runtime-4.0.5-sources.jar
2025-03-19 13:38:54,939 [Worker-9: Download sources and javadoc] INFO  o.e.m.c.i.e.AbstractTransferListenerAdapter - Downloaded https://repo.maven.apache.org/maven2/org/glassfish/jaxb/jaxb-runtime/4.0.5/jaxb-runtime-4.0.5-sources.jar
2025-03-19 13:38:54,942 [Worker-9: Download sources and javadoc] INFO  o.e.m.j.internal.DownloadSourcesJob - Downloaded sources for org.glassfish.jaxb:jaxb-runtime:4.0.5
2025-03-19 13:38:55,019 [Worker-9: Download sources and javadoc] INFO  o.e.m.c.i.e.AbstractTransferListenerAdapter - Downloading https://repo.maven.apache.org/maven2/org/glassfish/jaxb/jaxb-core/4.0.5/jaxb-core-4.0.5-sources.jar
2025-03-19 13:38:55,137 [Worker-9: Download sources and javadoc] INFO  o.e.m.c.i.e.AbstractTransferListenerAdapter - Downloaded https://repo.maven.apache.org/maven2/org/glassfish/jaxb/jaxb-core/4.0.5/jaxb-core-4.0.5-sources.jar
2025-03-19 13:38:55,141 [Worker-9: Download sources and javadoc] INFO  o.e.m.j.internal.DownloadSourcesJob - Downloaded sources for org.glassfish.jaxb:jaxb-core:4.0.5
2025-03-19 13:38:55,228 [Worker-9: Download sources and javadoc] INFO  o.e.m.c.i.e.AbstractTransferListenerAdapter - Downloading https://repo.maven.apache.org/maven2/org/eclipse/angus/angus-activation/2.0.2/angus-activation-2.0.2-sources.jar
2025-03-19 13:38:55,554 [Worker-9: Download sources and javadoc] INFO  o.e.m.c.i.e.AbstractTransferListenerAdapter - Downloaded https://repo.maven.apache.org/maven2/org/eclipse/angus/angus-activation/2.0.2/angus-activation-2.0.2-sources.jar
2025-03-19 13:38:55,559 [Worker-9: Download sources and javadoc] INFO  o.e.m.j.internal.DownloadSourcesJob - Downloaded sources for org.eclipse.angus:angus-activation:2.0.2
2025-03-19 13:38:55,658 [Worker-9: Download sources and javadoc] INFO  o.e.m.c.i.e.AbstractTransferListenerAdapter - Downloading https://repo.maven.apache.org/maven2/org/glassfish/jaxb/txw2/4.0.5/txw2-4.0.5-sources.jar
2025-03-19 13:38:55,748 [Worker-9: Download sources and javadoc] INFO  o.e.m.c.i.e.AbstractTransferListenerAdapter - Downloaded https://repo.maven.apache.org/maven2/org/glassfish/jaxb/txw2/4.0.5/txw2-4.0.5-sources.jar
2025-03-19 13:38:55,754 [Worker-9: Download sources and javadoc] INFO  o.e.m.j.internal.DownloadSourcesJob - Downloaded sources for org.glassfish.jaxb:txw2:4.0.5
2025-03-19 13:38:55,833 [Worker-9: Download sources and javadoc] INFO  o.e.m.c.i.e.AbstractTransferListenerAdapter - Downloading https://repo.maven.apache.org/maven2/com/sun/istack/istack-commons-runtime/4.1.2/istack-commons-runtime-4.1.2-sources.jar
2025-03-19 13:38:56,302 [Worker-9: Download sources and javadoc] INFO  o.e.m.c.i.e.AbstractTransferListenerAdapter - Downloaded https://repo.maven.apache.org/maven2/com/sun/istack/istack-commons-runtime/4.1.2/istack-commons-runtime-4.1.2-sources.jar
2025-03-19 13:38:56,309 [Worker-9: Download sources and javadoc] INFO  o.e.m.j.internal.DownloadSourcesJob - Downloaded sources for com.sun.istack:istack-commons-runtime:4.1.2
2025-03-19 13:38:56,418 [Worker-9: Download sources and javadoc] INFO  o.e.m.c.i.e.AbstractTransferListenerAdapter - Downloading https://repo.maven.apache.org/maven2/jakarta/inject/jakarta.inject-api/2.0.1/jakarta.inject-api-2.0.1-sources.jar
2025-03-19 13:38:56,640 [Worker-9: Download sources and javadoc] INFO  o.e.m.c.i.e.AbstractTransferListenerAdapter - Downloaded https://repo.maven.apache.org/maven2/jakarta/inject/jakarta.inject-api/2.0.1/jakarta.inject-api-2.0.1-sources.jar
2025-03-19 13:38:56,643 [Worker-9: Download sources and javadoc] INFO  o.e.m.j.internal.DownloadSourcesJob - Downloaded sources for jakarta.inject:jakarta.inject-api:2.0.1
2025-03-19 13:38:56,718 [Worker-9: Download sources and javadoc] INFO  o.e.m.c.i.e.AbstractTransferListenerAdapter - Downloading https://repo.maven.apache.org/maven2/org/antlr/antlr4-runtime/4.13.0/antlr4-runtime-4.13.0-sources.jar
2025-03-19 13:38:56,901 [Worker-9: Download sources and javadoc] INFO  o.e.m.c.i.e.AbstractTransferListenerAdapter - Downloaded https://repo.maven.apache.org/maven2/org/antlr/antlr4-runtime/4.13.0/antlr4-runtime-4.13.0-sources.jar
2025-03-19 13:38:56,906 [Worker-9: Download sources and javadoc] INFO  o.e.m.j.internal.DownloadSourcesJob - Downloaded sources for org.antlr:antlr4-runtime:4.13.0
2025-03-19 13:38:56,989 [Worker-9: Download sources and javadoc] INFO  o.e.m.c.i.e.AbstractTransferListenerAdapter - Downloading https://repo.maven.apache.org/maven2/org/springframework/data/spring-data-jpa/3.4.3/spring-data-jpa-3.4.3-sources.jar
2025-03-19 13:38:57,355 [Worker-9: Download sources and javadoc] INFO  o.e.m.c.i.e.AbstractTransferListenerAdapter - Downloaded https://repo.maven.apache.org/maven2/org/springframework/data/spring-data-jpa/3.4.3/spring-data-jpa-3.4.3-sources.jar
2025-03-19 13:38:57,358 [Worker-9: Download sources and javadoc] INFO  o.e.m.j.internal.DownloadSourcesJob - Downloaded sources for org.springframework.data:spring-data-jpa:3.4.3
2025-03-19 13:38:57,438 [Worker-9: Download sources and javadoc] INFO  o.e.m.c.i.e.AbstractTransferListenerAdapter - Downloading https://repo.maven.apache.org/maven2/org/springframework/data/spring-data-commons/3.4.3/spring-data-commons-3.4.3-sources.jar
2025-03-19 13:38:58,074 [Worker-9: Download sources and javadoc] INFO  o.e.m.c.i.e.AbstractTransferListenerAdapter - Downloaded https://repo.maven.apache.org/maven2/org/springframework/data/spring-data-commons/3.4.3/spring-data-commons-3.4.3-sources.jar
2025-03-19 13:38:58,077 [Worker-9: Download sources and javadoc] INFO  o.e.m.j.internal.DownloadSourcesJob - Downloaded sources for org.springframework.data:spring-data-commons:3.4.3
2025-03-19 13:38:58,153 [Worker-9: Download sources and javadoc] INFO  o.e.m.c.i.e.AbstractTransferListenerAdapter - Downloading https://repo.maven.apache.org/maven2/org/springframework/spring-orm/6.2.3/spring-orm-6.2.3-sources.jar
2025-03-19 13:38:58,293 [Worker-9: Download sources and javadoc] INFO  o.e.m.c.i.e.AbstractTransferListenerAdapter - Downloaded https://repo.maven.apache.org/maven2/org/springframework/spring-orm/6.2.3/spring-orm-6.2.3-sources.jar
2025-03-19 13:38:58,297 [Worker-9: Download sources and javadoc] INFO  o.e.m.j.internal.DownloadSourcesJob - Downloaded sources for org.springframework:spring-orm:6.2.3
2025-03-19 13:38:58,369 [Worker-9: Download sources and javadoc] INFO  o.e.m.c.i.e.AbstractTransferListenerAdapter - Downloading https://repo.maven.apache.org/maven2/org/springframework/spring-context/6.2.3/spring-context-6.2.3-sources.jar
2025-03-19 13:38:58,804 [Worker-9: Download sources and javadoc] INFO  o.e.m.c.i.e.AbstractTransferListenerAdapter - Downloaded https://repo.maven.apache.org/maven2/org/springframework/spring-context/6.2.3/spring-context-6.2.3-sources.jar
2025-03-19 13:38:58,807 [Worker-9: Download sources and javadoc] INFO  o.e.m.j.internal.DownloadSourcesJob - Downloaded sources for org.springframework:spring-context:6.2.3
2025-03-19 13:38:58,888 [Worker-9: Download sources and javadoc] INFO  o.e.m.c.i.e.AbstractTransferListenerAdapter - Downloading https://repo.maven.apache.org/maven2/org/springframework/spring-expression/6.2.3/spring-expression-6.2.3-sources.jar
2025-03-19 13:38:59,037 [Worker-9: Download sources and javadoc] INFO  o.e.m.c.i.e.AbstractTransferListenerAdapter - Downloaded https://repo.maven.apache.org/maven2/org/springframework/spring-expression/6.2.3/spring-expression-6.2.3-sources.jar
2025-03-19 13:38:59,039 [Worker-9: Download sources and javadoc] INFO  o.e.m.j.internal.DownloadSourcesJob - Downloaded sources for org.springframework:spring-expression:6.2.3
2025-03-19 13:38:59,121 [Worker-9: Download sources and javadoc] INFO  o.e.m.c.i.e.AbstractTransferListenerAdapter - Downloading https://repo.maven.apache.org/maven2/io/micrometer/micrometer-observation/1.14.4/micrometer-observation-1.14.4-sources.jar
2025-03-19 13:38:59,193 [Worker-9: Download sources and javadoc] INFO  o.e.m.c.i.e.AbstractTransferListenerAdapter - Downloaded https://repo.maven.apache.org/maven2/io/micrometer/micrometer-observation/1.14.4/micrometer-observation-1.14.4-sources.jar
2025-03-19 13:38:59,196 [Worker-9: Download sources and javadoc] INFO  o.e.m.j.internal.DownloadSourcesJob - Downloaded sources for io.micrometer:micrometer-observation:1.14.4
2025-03-19 13:38:59,273 [Worker-9: Download sources and javadoc] INFO  o.e.m.c.i.e.AbstractTransferListenerAdapter - Downloading https://repo.maven.apache.org/maven2/io/micrometer/micrometer-commons/1.14.4/micrometer-commons-1.14.4-sources.jar
2025-03-19 13:38:59,954 [Worker-9: Download sources and javadoc] INFO  o.e.m.c.i.e.AbstractTransferListenerAdapter - Downloaded https://repo.maven.apache.org/maven2/io/micrometer/micrometer-commons/1.14.4/micrometer-commons-1.14.4-sources.jar
2025-03-19 13:38:59,957 [Worker-9: Download sources and javadoc] INFO  o.e.m.j.internal.DownloadSourcesJob - Downloaded sources for io.micrometer:micrometer-commons:1.14.4
2025-03-19 13:39:00,052 [Worker-9: Download sources and javadoc] INFO  o.e.m.c.i.e.AbstractTransferListenerAdapter - Downloading https://repo.maven.apache.org/maven2/org/springframework/spring-aop/6.2.3/spring-aop-6.2.3-sources.jar
2025-03-19 13:39:00,311 [Worker-9: Download sources and javadoc] INFO  o.e.m.c.i.e.AbstractTransferListenerAdapter - Downloaded https://repo.maven.apache.org/maven2/org/springframework/spring-aop/6.2.3/spring-aop-6.2.3-sources.jar
2025-03-19 13:39:00,313 [Worker-9: Download sources and javadoc] INFO  o.e.m.j.internal.DownloadSourcesJob - Downloaded sources for org.springframework:spring-aop:6.2.3
2025-03-19 13:39:00,377 [Worker-9: Download sources and javadoc] INFO  o.e.m.c.i.e.AbstractTransferListenerAdapter - Downloading https://repo.maven.apache.org/maven2/org/springframework/spring-tx/6.2.3/spring-tx-6.2.3-sources.jar
2025-03-19 13:39:00,540 [Worker-9: Download sources and javadoc] INFO  o.e.m.c.i.e.AbstractTransferListenerAdapter - Downloaded https://repo.maven.apache.org/maven2/org/springframework/spring-tx/6.2.3/spring-tx-6.2.3-sources.jar
2025-03-19 13:39:00,543 [Worker-9: Download sources and javadoc] INFO  o.e.m.j.internal.DownloadSourcesJob - Downloaded sources for org.springframework:spring-tx:6.2.3
2025-03-19 13:39:00,612 [Worker-9: Download sources and javadoc] INFO  o.e.m.c.i.e.AbstractTransferListenerAdapter - Downloading https://repo.maven.apache.org/maven2/org/springframework/spring-beans/6.2.3/spring-beans-6.2.3-sources.jar
2025-03-19 13:39:00,885 [Worker-9: Download sources and javadoc] INFO  o.e.m.c.i.e.AbstractTransferListenerAdapter - Downloaded https://repo.maven.apache.org/maven2/org/springframework/spring-beans/6.2.3/spring-beans-6.2.3-sources.jar
2025-03-19 13:39:00,888 [Worker-9: Download sources and javadoc] INFO  o.e.m.j.internal.DownloadSourcesJob - Downloaded sources for org.springframework:spring-beans:6.2.3
2025-03-19 13:39:00,949 [Worker-9: Download sources and javadoc] INFO  o.e.m.c.i.e.AbstractTransferListenerAdapter - Downloading https://repo.maven.apache.org/maven2/org/slf4j/slf4j-api/2.0.16/slf4j-api-2.0.16-sources.jar
2025-03-19 13:39:00,998 [Worker-9: Download sources and javadoc] INFO  o.e.m.c.i.e.AbstractTransferListenerAdapter - Downloaded https://repo.maven.apache.org/maven2/org/slf4j/slf4j-api/2.0.16/slf4j-api-2.0.16-sources.jar
2025-03-19 13:39:01,000 [Worker-9: Download sources and javadoc] INFO  o.e.m.j.internal.DownloadSourcesJob - Downloaded sources for org.slf4j:slf4j-api:2.0.16
2025-03-19 13:39:01,061 [Worker-9: Download sources and javadoc] INFO  o.e.m.c.i.e.AbstractTransferListenerAdapter - Downloading https://repo.maven.apache.org/maven2/org/springframework/spring-aspects/6.2.3/spring-aspects-6.2.3-sources.jar
2025-03-19 13:39:01,523 [Worker-9: Download sources and javadoc] INFO  o.e.m.c.i.e.AbstractTransferListenerAdapter - Downloaded https://repo.maven.apache.org/maven2/org/springframework/spring-aspects/6.2.3/spring-aspects-6.2.3-sources.jar
2025-03-19 13:39:01,525 [Worker-9: Download sources and javadoc] INFO  o.e.m.j.internal.DownloadSourcesJob - Downloaded sources for org.springframework:spring-aspects:6.2.3
2025-03-19 13:39:01,616 [Worker-9: Download sources and javadoc] INFO  o.e.m.c.i.e.AbstractTransferListenerAdapter - Downloading https://repo.maven.apache.org/maven2/org/aspectj/aspectjweaver/1.9.22.1/aspectjweaver-1.9.22.1-sources.jar
2025-03-19 13:39:02,333 [Worker-9: Download sources and javadoc] INFO  o.e.m.c.i.e.AbstractTransferListenerAdapter - Downloaded https://repo.maven.apache.org/maven2/org/aspectj/aspectjweaver/1.9.22.1/aspectjweaver-1.9.22.1-sources.jar
2025-03-19 13:39:02,336 [Worker-9: Download sources and javadoc] INFO  o.e.m.j.internal.DownloadSourcesJob - Downloaded sources for org.aspectj:aspectjweaver:1.9.22.1
2025-03-19 13:39:02,403 [Worker-9: Download sources and javadoc] INFO  o.e.m.c.i.e.AbstractTransferListenerAdapter - Downloading https://repo.maven.apache.org/maven2/org/springframework/boot/spring-boot-starter-test/3.4.3/spring-boot-starter-test-3.4.3-sources.jar
2025-03-19 13:39:02,453 [Worker-9: Download sources and javadoc] INFO  o.e.m.c.i.e.AbstractTransferListenerAdapter - Downloaded https://repo.maven.apache.org/maven2/org/springframework/boot/spring-boot-starter-test/3.4.3/spring-boot-starter-test-3.4.3-sources.jar
2025-03-19 13:39:02,455 [Worker-9: Download sources and javadoc] INFO  o.e.m.j.internal.DownloadSourcesJob - Downloaded sources for org.springframework.boot:spring-boot-starter-test:3.4.3
2025-03-19 13:39:02,523 [Worker-9: Download sources and javadoc] INFO  o.e.m.c.i.e.AbstractTransferListenerAdapter - Downloading https://repo.maven.apache.org/maven2/org/springframework/boot/spring-boot-test/3.4.3/spring-boot-test-3.4.3-sources.jar
2025-03-19 13:39:02,594 [Worker-9: Download sources and javadoc] INFO  o.e.m.c.i.e.AbstractTransferListenerAdapter - Downloaded https://repo.maven.apache.org/maven2/org/springframework/boot/spring-boot-test/3.4.3/spring-boot-test-3.4.3-sources.jar
2025-03-19 13:39:02,597 [Worker-9: Download sources and javadoc] INFO  o.e.m.j.internal.DownloadSourcesJob - Downloaded sources for org.springframework.boot:spring-boot-test:3.4.3
2025-03-19 13:39:02,669 [Worker-9: Download sources and javadoc] INFO  o.e.m.c.i.e.AbstractTransferListenerAdapter - Downloading https://repo.maven.apache.org/maven2/org/springframework/boot/spring-boot-test-autoconfigure/3.4.3/spring-boot-test-autoconfigure-3.4.3-sources.jar
2025-03-19 13:39:02,744 [Worker-9: Download sources and javadoc] INFO  o.e.m.c.i.e.AbstractTransferListenerAdapter - Downloaded https://repo.maven.apache.org/maven2/org/springframework/boot/spring-boot-test-autoconfigure/3.4.3/spring-boot-test-autoconfigure-3.4.3-sources.jar
2025-03-19 13:39:02,749 [Worker-9: Download sources and javadoc] INFO  o.e.m.j.internal.DownloadSourcesJob - Downloaded sources for org.springframework.boot:spring-boot-test-autoconfigure:3.4.3
2025-03-19 13:39:02,815 [Worker-9: Download sources and javadoc] INFO  o.e.m.c.i.e.AbstractTransferListenerAdapter - Downloading https://repo.maven.apache.org/maven2/com/jayway/jsonpath/json-path/2.9.0/json-path-2.9.0-sources.jar
2025-03-19 13:39:02,897 [Worker-9: Download sources and javadoc] INFO  o.e.m.c.i.e.AbstractTransferListenerAdapter - Downloaded https://repo.maven.apache.org/maven2/com/jayway/jsonpath/json-path/2.9.0/json-path-2.9.0-sources.jar
2025-03-19 13:39:02,899 [Worker-9: Download sources and javadoc] INFO  o.e.m.j.internal.DownloadSourcesJob - Downloaded sources for com.jayway.jsonpath:json-path:2.9.0
2025-03-19 13:39:02,968 [Worker-9: Download sources and javadoc] INFO  o.e.m.c.i.e.AbstractTransferListenerAdapter - Downloading https://repo.maven.apache.org/maven2/jakarta/xml/bind/jakarta.xml.bind-api/4.0.2/jakarta.xml.bind-api-4.0.2-sources.jar
2025-03-19 13:39:03,126 [Worker-9: Download sources and javadoc] INFO  o.e.m.c.i.e.AbstractTransferListenerAdapter - Downloaded https://repo.maven.apache.org/maven2/jakarta/xml/bind/jakarta.xml.bind-api/4.0.2/jakarta.xml.bind-api-4.0.2-sources.jar
2025-03-19 13:39:03,129 [Worker-9: Download sources and javadoc] INFO  o.e.m.j.internal.DownloadSourcesJob - Downloaded sources for jakarta.xml.bind:jakarta.xml.bind-api:4.0.2
2025-03-19 13:39:03,189 [Worker-9: Download sources and javadoc] INFO  o.e.m.c.i.e.AbstractTransferListenerAdapter - Downloading https://repo.maven.apache.org/maven2/jakarta/activation/jakarta.activation-api/2.1.3/jakarta.activation-api-2.1.3-sources.jar
2025-03-19 13:39:03,266 [Worker-9: Download sources and javadoc] INFO  o.e.m.c.i.e.AbstractTransferListenerAdapter - Downloaded https://repo.maven.apache.org/maven2/jakarta/activation/jakarta.activation-api/2.1.3/jakarta.activation-api-2.1.3-sources.jar
2025-03-19 13:39:03,269 [Worker-9: Download sources and javadoc] INFO  o.e.m.j.internal.DownloadSourcesJob - Downloaded sources for jakarta.activation:jakarta.activation-api:2.1.3
2025-03-19 13:39:03,335 [Worker-9: Download sources and javadoc] INFO  o.e.m.c.i.e.AbstractTransferListenerAdapter - Downloading https://repo.maven.apache.org/maven2/net/minidev/json-smart/2.5.2/json-smart-2.5.2-sources.jar
2025-03-19 13:39:03,391 [Worker-9: Download sources and javadoc] INFO  o.e.m.c.i.e.AbstractTransferListenerAdapter - Downloaded https://repo.maven.apache.org/maven2/net/minidev/json-smart/2.5.2/json-smart-2.5.2-sources.jar
2025-03-19 13:39:03,394 [Worker-9: Download sources and javadoc] INFO  o.e.m.j.internal.DownloadSourcesJob - Downloaded sources for net.minidev:json-smart:2.5.2
2025-03-19 13:39:03,469 [Worker-9: Download sources and javadoc] INFO  o.e.m.c.i.e.AbstractTransferListenerAdapter - Downloading https://repo.maven.apache.org/maven2/net/minidev/accessors-smart/2.5.2/accessors-smart-2.5.2-sources.jar
2025-03-19 13:39:03,745 [Worker-9: Download sources and javadoc] INFO  o.e.m.c.i.e.AbstractTransferListenerAdapter - Downloaded https://repo.maven.apache.org/maven2/net/minidev/accessors-smart/2.5.2/accessors-smart-2.5.2-sources.jar
2025-03-19 13:39:03,747 [Worker-9: Download sources and javadoc] INFO  o.e.m.j.internal.DownloadSourcesJob - Downloaded sources for net.minidev:accessors-smart:2.5.2
2025-03-19 13:39:03,822 [Worker-9: Download sources and javadoc] INFO  o.e.m.c.i.e.AbstractTransferListenerAdapter - Downloading https://repo.maven.apache.org/maven2/org/ow2/asm/asm/9.7.1/asm-9.7.1-sources.jar
2025-03-19 13:39:03,954 [Worker-9: Download sources and javadoc] INFO  o.e.m.c.i.e.AbstractTransferListenerAdapter - Downloaded https://repo.maven.apache.org/maven2/org/ow2/asm/asm/9.7.1/asm-9.7.1-sources.jar
2025-03-19 13:39:03,956 [Worker-9: Download sources and javadoc] INFO  o.e.m.j.internal.DownloadSourcesJob - Downloaded sources for org.ow2.asm:asm:9.7.1
2025-03-19 13:39:04,042 [Worker-9: Download sources and javadoc] INFO  o.e.m.c.i.e.AbstractTransferListenerAdapter - Downloading https://repo.maven.apache.org/maven2/org/assertj/assertj-core/3.26.3/assertj-core-3.26.3-sources.jar
2025-03-19 13:39:04,220 [Worker-9: Download sources and javadoc] INFO  o.e.m.c.i.e.AbstractTransferListenerAdapter - Downloaded https://repo.maven.apache.org/maven2/org/assertj/assertj-core/3.26.3/assertj-core-3.26.3-sources.jar
2025-03-19 13:39:04,223 [Worker-9: Download sources and javadoc] INFO  o.e.m.j.internal.DownloadSourcesJob - Downloaded sources for org.assertj:assertj-core:3.26.3
2025-03-19 13:39:04,307 [Worker-9: Download sources and javadoc] INFO  o.e.m.c.i.e.AbstractTransferListenerAdapter - Downloading https://repo.maven.apache.org/maven2/org/awaitility/awaitility/4.2.2/awaitility-4.2.2-sources.jar
2025-03-19 13:39:04,410 [Worker-9: Download sources and javadoc] INFO  o.e.m.c.i.e.AbstractTransferListenerAdapter - Downloaded https://repo.maven.apache.org/maven2/org/awaitility/awaitility/4.2.2/awaitility-4.2.2-sources.jar
2025-03-19 13:39:04,413 [Worker-9: Download sources and javadoc] INFO  o.e.m.j.internal.DownloadSourcesJob - Downloaded sources for org.awaitility:awaitility:4.2.2
2025-03-19 13:39:04,477 [Worker-9: Download sources and javadoc] INFO  o.e.m.c.i.e.AbstractTransferListenerAdapter - Downloading https://repo.maven.apache.org/maven2/org/hamcrest/hamcrest/2.2/hamcrest-2.2-sources.jar
2025-03-19 13:39:04,527 [Worker-9: Download sources and javadoc] INFO  o.e.m.c.i.e.AbstractTransferListenerAdapter - Downloaded https://repo.maven.apache.org/maven2/org/hamcrest/hamcrest/2.2/hamcrest-2.2-sources.jar
2025-03-19 13:39:04,532 [Worker-9: Download sources and javadoc] INFO  o.e.m.j.internal.DownloadSourcesJob - Downloaded sources for org.hamcrest:hamcrest:2.2
2025-03-19 13:39:04,602 [Worker-9: Download sources and javadoc] INFO  o.e.m.c.i.e.AbstractTransferListenerAdapter - Downloading https://repo.maven.apache.org/maven2/org/junit/jupiter/junit-jupiter/5.11.4/junit-jupiter-5.11.4-sources.jar
2025-03-19 13:39:04,652 [Worker-9: Download sources and javadoc] INFO  o.e.m.c.i.e.AbstractTransferListenerAdapter - Downloaded https://repo.maven.apache.org/maven2/org/junit/jupiter/junit-jupiter/5.11.4/junit-jupiter-5.11.4-sources.jar
2025-03-19 13:39:04,654 [Worker-9: Download sources and javadoc] INFO  o.e.m.j.internal.DownloadSourcesJob - Downloaded sources for org.junit.jupiter:junit-jupiter:5.11.4
2025-03-19 13:39:04,717 [Worker-9: Download sources and javadoc] INFO  o.e.m.c.i.e.AbstractTransferListenerAdapter - Downloading https://repo.maven.apache.org/maven2/org/junit/jupiter/junit-jupiter-api/5.11.4/junit-jupiter-api-5.11.4-sources.jar
2025-03-19 13:39:04,787 [Worker-9: Download sources and javadoc] INFO  o.e.m.c.i.e.AbstractTransferListenerAdapter - Downloaded https://repo.maven.apache.org/maven2/org/junit/jupiter/junit-jupiter-api/5.11.4/junit-jupiter-api-5.11.4-sources.jar
2025-03-19 13:39:04,790 [Worker-9: Download sources and javadoc] INFO  o.e.m.j.internal.DownloadSourcesJob - Downloaded sources for org.junit.jupiter:junit-jupiter-api:5.11.4
2025-03-19 13:39:04,861 [Worker-9: Download sources and javadoc] INFO  o.e.m.c.i.e.AbstractTransferListenerAdapter - Downloading https://repo.maven.apache.org/maven2/org/opentest4j/opentest4j/1.3.0/opentest4j-1.3.0-sources.jar
2025-03-19 13:39:05,027 [Worker-9: Download sources and javadoc] INFO  o.e.m.c.i.e.AbstractTransferListenerAdapter - Downloaded https://repo.maven.apache.org/maven2/org/opentest4j/opentest4j/1.3.0/opentest4j-1.3.0-sources.jar
2025-03-19 13:39:05,029 [Worker-9: Download sources and javadoc] INFO  o.e.m.j.internal.DownloadSourcesJob - Downloaded sources for org.opentest4j:opentest4j:1.3.0
2025-03-19 13:39:05,136 [Worker-9: Download sources and javadoc] INFO  o.e.m.c.i.e.AbstractTransferListenerAdapter - Downloading https://repo.maven.apache.org/maven2/org/junit/platform/junit-platform-commons/1.11.4/junit-platform-commons-1.11.4-sources.jar
2025-03-19 13:39:05,226 [Worker-9: Download sources and javadoc] INFO  o.e.m.c.i.e.AbstractTransferListenerAdapter - Downloaded https://repo.maven.apache.org/maven2/org/junit/platform/junit-platform-commons/1.11.4/junit-platform-commons-1.11.4-sources.jar
2025-03-19 13:39:05,229 [Worker-9: Download sources and javadoc] INFO  o.e.m.j.internal.DownloadSourcesJob - Downloaded sources for org.junit.platform:junit-platform-commons:1.11.4
2025-03-19 13:39:05,310 [Worker-9: Download sources and javadoc] INFO  o.e.m.c.i.e.AbstractTransferListenerAdapter - Downloading https://repo.maven.apache.org/maven2/org/apiguardian/apiguardian-api/1.1.2/apiguardian-api-1.1.2-sources.jar
2025-03-19 13:39:05,366 [Worker-9: Download sources and javadoc] INFO  o.e.m.c.i.e.AbstractTransferListenerAdapter - Downloaded https://repo.maven.apache.org/maven2/org/apiguardian/apiguardian-api/1.1.2/apiguardian-api-1.1.2-sources.jar
2025-03-19 13:39:05,371 [Worker-9: Download sources and javadoc] INFO  o.e.m.j.internal.DownloadSourcesJob - Downloaded sources for org.apiguardian:apiguardian-api:1.1.2
2025-03-19 13:39:05,446 [Worker-9: Download sources and javadoc] INFO  o.e.m.c.i.e.AbstractTransferListenerAdapter - Downloading https://repo.maven.apache.org/maven2/org/junit/jupiter/junit-jupiter-params/5.11.4/junit-jupiter-params-5.11.4-sources.jar
2025-03-19 13:39:05,531 [Worker-9: Download sources and javadoc] INFO  o.e.m.c.i.e.AbstractTransferListenerAdapter - Downloaded https://repo.maven.apache.org/maven2/org/junit/jupiter/junit-jupiter-params/5.11.4/junit-jupiter-params-5.11.4-sources.jar
2025-03-19 13:39:05,534 [Worker-9: Download sources and javadoc] INFO  o.e.m.j.internal.DownloadSourcesJob - Downloaded sources for org.junit.jupiter:junit-jupiter-params:5.11.4
2025-03-19 13:39:05,597 [Worker-9: Download sources and javadoc] INFO  o.e.m.c.i.e.AbstractTransferListenerAdapter - Downloading https://repo.maven.apache.org/maven2/org/junit/jupiter/junit-jupiter-engine/5.11.4/junit-jupiter-engine-5.11.4-sources.jar
2025-03-19 13:39:05,660 [Worker-9: Download sources and javadoc] INFO  o.e.m.c.i.e.AbstractTransferListenerAdapter - Downloaded https://repo.maven.apache.org/maven2/org/junit/jupiter/junit-jupiter-engine/5.11.4/junit-jupiter-engine-5.11.4-sources.jar
2025-03-19 13:39:05,664 [Worker-9: Download sources and javadoc] INFO  o.e.m.j.internal.DownloadSourcesJob - Downloaded sources for org.junit.jupiter:junit-jupiter-engine:5.11.4
2025-03-19 13:39:05,740 [Worker-9: Download sources and javadoc] INFO  o.e.m.c.i.e.AbstractTransferListenerAdapter - Downloading https://repo.maven.apache.org/maven2/org/junit/platform/junit-platform-engine/1.11.4/junit-platform-engine-1.11.4-sources.jar
2025-03-19 13:39:05,859 [Worker-9: Download sources and javadoc] INFO  o.e.m.c.i.e.AbstractTransferListenerAdapter - Downloaded https://repo.maven.apache.org/maven2/org/junit/platform/junit-platform-engine/1.11.4/junit-platform-engine-1.11.4-sources.jar
2025-03-19 13:39:05,862 [Worker-9: Download sources and javadoc] INFO  o.e.m.j.internal.DownloadSourcesJob - Downloaded sources for org.junit.platform:junit-platform-engine:1.11.4
2025-03-19 13:39:05,927 [Worker-9: Download sources and javadoc] INFO  o.e.m.c.i.e.AbstractTransferListenerAdapter - Downloading https://repo.maven.apache.org/maven2/org/mockito/mockito-core/5.14.2/mockito-core-5.14.2-sources.jar
2025-03-19 13:39:06,201 [Worker-9: Download sources and javadoc] INFO  o.e.m.c.i.e.AbstractTransferListenerAdapter - Downloaded https://repo.maven.apache.org/maven2/org/mockito/mockito-core/5.14.2/mockito-core-5.14.2-sources.jar
2025-03-19 13:39:06,204 [Worker-9: Download sources and javadoc] INFO  o.e.m.j.internal.DownloadSourcesJob - Downloaded sources for org.mockito:mockito-core:5.14.2
2025-03-19 13:39:06,271 [Worker-9: Download sources and javadoc] INFO  o.e.m.c.i.e.AbstractTransferListenerAdapter - Downloading https://repo.maven.apache.org/maven2/net/bytebuddy/byte-buddy-agent/1.15.11/byte-buddy-agent-1.15.11-sources.jar
2025-03-19 13:39:06,404 [Worker-9: Download sources and javadoc] INFO  o.e.m.c.i.e.AbstractTransferListenerAdapter - Downloaded https://repo.maven.apache.org/maven2/net/bytebuddy/byte-buddy-agent/1.15.11/byte-buddy-agent-1.15.11-sources.jar
2025-03-19 13:39:06,406 [Worker-9: Download sources and javadoc] INFO  o.e.m.j.internal.DownloadSourcesJob - Downloaded sources for net.bytebuddy:byte-buddy-agent:1.15.11
2025-03-19 13:39:06,471 [Worker-9: Download sources and javadoc] INFO  o.e.m.c.i.e.AbstractTransferListenerAdapter - Downloading https://repo.maven.apache.org/maven2/org/objenesis/objenesis/3.3/objenesis-3.3-sources.jar
2025-03-19 13:39:06,564 [Worker-9: Download sources and javadoc] INFO  o.e.m.c.i.e.AbstractTransferListenerAdapter - Downloaded https://repo.maven.apache.org/maven2/org/objenesis/objenesis/3.3/objenesis-3.3-sources.jar
2025-03-19 13:39:06,567 [Worker-9: Download sources and javadoc] INFO  o.e.m.j.internal.DownloadSourcesJob - Downloaded sources for org.objenesis:objenesis:3.3
2025-03-19 13:39:06,643 [Worker-9: Download sources and javadoc] INFO  o.e.m.c.i.e.AbstractTransferListenerAdapter - Downloading https://repo.maven.apache.org/maven2/org/mockito/mockito-junit-jupiter/5.14.2/mockito-junit-jupiter-5.14.2-sources.jar
2025-03-19 13:39:06,718 [Worker-9: Download sources and javadoc] INFO  o.e.m.c.i.e.AbstractTransferListenerAdapter - Downloaded https://repo.maven.apache.org/maven2/org/mockito/mockito-junit-jupiter/5.14.2/mockito-junit-jupiter-5.14.2-sources.jar
2025-03-19 13:39:06,721 [Worker-9: Download sources and javadoc] INFO  o.e.m.j.internal.DownloadSourcesJob - Downloaded sources for org.mockito:mockito-junit-jupiter:5.14.2
2025-03-19 13:39:06,808 [Worker-9: Download sources and javadoc] INFO  o.e.m.c.i.e.AbstractTransferListenerAdapter - Downloading https://repo.maven.apache.org/maven2/org/skyscreamer/jsonassert/1.5.3/jsonassert-1.5.3-sources.jar
2025-03-19 13:39:07,215 [Worker-9: Download sources and javadoc] INFO  o.e.m.c.i.e.AbstractTransferListenerAdapter - Downloaded https://repo.maven.apache.org/maven2/org/skyscreamer/jsonassert/1.5.3/jsonassert-1.5.3-sources.jar
2025-03-19 13:39:07,217 [Worker-9: Download sources and javadoc] INFO  o.e.m.j.internal.DownloadSourcesJob - Downloaded sources for org.skyscreamer:jsonassert:1.5.3
2025-03-19 13:39:07,297 [Worker-9: Download sources and javadoc] INFO  o.e.m.c.i.e.AbstractTransferListenerAdapter - Downloading https://repo.maven.apache.org/maven2/com/vaadin/external/google/android-json/0.0.20131108.vaadin1/android-json-0.0.20131108.vaadin1-sources.jar
2025-03-19 13:39:07,338 [Worker-9: Download sources and javadoc] INFO  o.e.m.c.i.e.AbstractTransferListenerAdapter - Downloaded https://repo.maven.apache.org/maven2/com/vaadin/external/google/android-json/0.0.20131108.vaadin1/android-json-0.0.20131108.vaadin1-sources.jar
2025-03-19 13:39:07,341 [Worker-9: Download sources and javadoc] INFO  o.e.m.j.internal.DownloadSourcesJob - Downloaded sources for com.vaadin.external.google:android-json:0.0.20131108.vaadin1
2025-03-19 13:39:07,423 [Worker-9: Download sources and javadoc] INFO  o.e.m.c.i.e.AbstractTransferListenerAdapter - Downloading https://repo.maven.apache.org/maven2/org/springframework/spring-core/6.2.3/spring-core-6.2.3-sources.jar
2025-03-19 13:39:08,055 [Worker-9: Download sources and javadoc] INFO  o.e.m.c.i.e.AbstractTransferListenerAdapter - Downloaded https://repo.maven.apache.org/maven2/org/springframework/spring-core/6.2.3/spring-core-6.2.3-sources.jar
2025-03-19 13:39:08,058 [Worker-9: Download sources and javadoc] INFO  o.e.m.j.internal.DownloadSourcesJob - Downloaded sources for org.springframework:spring-core:6.2.3
2025-03-19 13:39:08,123 [Worker-9: Download sources and javadoc] INFO  o.e.m.c.i.e.AbstractTransferListenerAdapter - Downloading https://repo.maven.apache.org/maven2/org/springframework/spring-jcl/6.2.3/spring-jcl-6.2.3-sources.jar
2025-03-19 13:39:08,323 [Worker-9: Download sources and javadoc] INFO  o.e.m.c.i.e.AbstractTransferListenerAdapter - Downloaded https://repo.maven.apache.org/maven2/org/springframework/spring-jcl/6.2.3/spring-jcl-6.2.3-sources.jar
2025-03-19 13:39:08,326 [Worker-9: Download sources and javadoc] INFO  o.e.m.j.internal.DownloadSourcesJob - Downloaded sources for org.springframework:spring-jcl:6.2.3
2025-03-19 13:39:08,468 [Worker-9: Download sources and javadoc] INFO  o.e.m.c.i.e.AbstractTransferListenerAdapter - Downloading https://repo.maven.apache.org/maven2/org/springframework/spring-test/6.2.3/spring-test-6.2.3-sources.jar
2025-03-19 13:39:08,867 [Worker-9: Download sources and javadoc] INFO  o.e.m.c.i.e.AbstractTransferListenerAdapter - Downloaded https://repo.maven.apache.org/maven2/org/springframework/spring-test/6.2.3/spring-test-6.2.3-sources.jar
2025-03-19 13:39:08,869 [Worker-9: Download sources and javadoc] INFO  o.e.m.j.internal.DownloadSourcesJob - Downloaded sources for org.springframework:spring-test:6.2.3
2025-03-19 13:39:08,937 [Worker-9: Download sources and javadoc] INFO  o.e.m.c.i.e.AbstractTransferListenerAdapter - Downloading https://repo.maven.apache.org/maven2/org/xmlunit/xmlunit-core/2.10.0/xmlunit-core-2.10.0-sources.jar
2025-03-19 13:39:09,044 [Worker-9: Download sources and javadoc] INFO  o.e.m.c.i.e.AbstractTransferListenerAdapter - Downloaded https://repo.maven.apache.org/maven2/org/xmlunit/xmlunit-core/2.10.0/xmlunit-core-2.10.0-sources.jar
2025-03-19 13:39:09,047 [Worker-9: Download sources and javadoc] INFO  o.e.m.j.internal.DownloadSourcesJob - Downloaded sources for org.xmlunit:xmlunit-core:2.10.0
2025-03-19 14:14:56,620 [Worker-25: Building] INFO  o.e.m.c.i.l.LifecycleMappingFactory - Using NULL lifecycle mapping for MavenProject: com.shopme:ShopmeProject:0.0.1-SNAPSHOT @ C:\ShopmeEcommerce\ShopmeProject\pom.xml.
2025-03-19 14:17:27,865 [Worker-25: Building] INFO  o.e.m.c.i.l.LifecycleMappingFactory - Using NULL lifecycle mapping for MavenProject: com.shopme:ShopmeProject:0.0.1-SNAPSHOT @ C:\ShopmeEcommerce\ShopmeProject\pom.xml.
2025-03-19 14:18:00,104 [Worker-27: Building] INFO  o.a.m.s.f.DefaultMavenResourcesFiltering - Copying 1 resource from src\main\resources to target\classes
2025-03-19 14:18:00,110 [Worker-27: Building] INFO  o.a.m.s.f.DefaultMavenResourcesFiltering - Copying 0 resource from src\main\resources to target\classes
2025-03-19 14:18:00,117 [Worker-27: Building] INFO  o.a.m.s.f.DefaultMavenResourcesFiltering - skip non existing resourceDirectory C:\ShopmeEcommerce\ShopmeProject\ShopmeCommon\src\test\resources
2025-03-19 14:18:16,561 [Worker-28: Building] INFO  o.a.m.s.f.DefaultMavenResourcesFiltering - Copying 1 resource from src\main\resources to target\classes
2025-03-19 14:18:16,565 [Worker-28: Building] INFO  o.a.m.s.f.DefaultMavenResourcesFiltering - Copying 0 resource from src\main\resources to target\classes
2025-03-19 14:18:16,569 [Worker-28: Building] INFO  o.a.m.s.f.DefaultMavenResourcesFiltering - skip non existing resourceDirectory C:\ShopmeEcommerce\ShopmeProject\ShopmeCommon\src\test\resources
2025-03-19 14:19:02,874 [Worker-25: Building] INFO  o.e.m.c.i.l.LifecycleMappingFactory - Using org.eclipse.m2e.jdt.JarLifecycleMapping lifecycle mapping for MavenProject: com.example:ShopmeCommon:0.0.1-SNAPSHOT @ C:\ShopmeEcommerce\ShopmeProject\ShopmeCommon\pom.xml.
2025-03-19 14:19:03,402 [Worker-25: Building] INFO  o.a.m.s.f.DefaultMavenResourcesFiltering - Copying 0 resource from src\main\resources to target\classes
2025-03-19 14:19:03,403 [Worker-25: Building] INFO  o.a.m.s.f.DefaultMavenResourcesFiltering - Copying 0 resource from src\main\resources to target\classes
2025-03-19 14:19:03,416 [Worker-25: Building] INFO  o.a.m.s.f.DefaultMavenResourcesFiltering - skip non existing resourceDirectory C:\ShopmeEcommerce\ShopmeProject\ShopmeCommon\src\test\resources
2025-03-19 14:19:05,201 [Worker-26: Building] INFO  o.a.m.s.f.DefaultMavenResourcesFiltering - Copying 1 resource from src\main\resources to target\classes
2025-03-19 14:19:05,219 [Worker-26: Building] INFO  o.a.m.s.f.DefaultMavenResourcesFiltering - Copying 0 resource from src\main\resources to target\classes
2025-03-19 14:19:05,226 [Worker-26: Building] INFO  o.a.m.s.f.DefaultMavenResourcesFiltering - skip non existing resourceDirectory C:\ShopmeEcommerce\ShopmeProject\ShopmeCommon\src\test\resources
2025-03-19 14:21:40,150 [Worker-26: Import Getting Started Content] INFO  o.e.m.c.i.l.LifecycleMappingFactory - Using org.eclipse.m2e.jdt.JarLifecycleMapping lifecycle mapping for MavenProject: com.shopme:ShopmeWebParent:0.0.1-SNAPSHOT @ C:\ShopmeEcommerce\ShopmeProject\ShopmeWebParent\pom.xml.
2025-03-19 14:21:40,274 [Worker-26: Import Getting Started Content] INFO  o.e.m.c.i.e.AbstractTransferListenerAdapter - Downloading https://repo.maven.apache.org/maven2/org/springframework/boot/spring-boot-starter-web/3.4.3/spring-boot-starter-web-3.4.3.pom
2025-03-19 14:21:40,323 [Worker-26: Import Getting Started Content] INFO  o.e.m.c.i.e.AbstractTransferListenerAdapter - Downloaded https://repo.maven.apache.org/maven2/org/springframework/boot/spring-boot-starter-web/3.4.3/spring-boot-starter-web-3.4.3.pom
2025-03-19 14:21:40,435 [Worker-26: Import Getting Started Content] INFO  o.e.m.c.i.e.AbstractTransferListenerAdapter - Downloading https://repo.maven.apache.org/maven2/org/springframework/boot/spring-boot-starter-json/3.4.3/spring-boot-starter-json-3.4.3.pom
2025-03-19 14:21:40,476 [Worker-26: Import Getting Started Content] INFO  o.e.m.c.i.e.AbstractTransferListenerAdapter - Downloaded https://repo.maven.apache.org/maven2/org/springframework/boot/spring-boot-starter-json/3.4.3/spring-boot-starter-json-3.4.3.pom
2025-03-19 14:21:40,505 [Worker-26: Import Getting Started Content] INFO  o.e.m.c.i.e.AbstractTransferListenerAdapter - Downloading https://repo.maven.apache.org/maven2/org/springframework/spring-web/6.2.3/spring-web-6.2.3.pom
2025-03-19 14:21:40,533 [Worker-26: Import Getting Started Content] INFO  o.e.m.c.i.e.AbstractTransferListenerAdapter - Downloaded https://repo.maven.apache.org/maven2/org/springframework/spring-web/6.2.3/spring-web-6.2.3.pom
2025-03-19 14:21:40,559 [Worker-26: Import Getting Started Content] INFO  o.e.m.c.i.e.AbstractTransferListenerAdapter - Downloading https://repo.maven.apache.org/maven2/com/fasterxml/jackson/core/jackson-databind/2.18.2/jackson-databind-2.18.2.pom
2025-03-19 14:21:40,602 [Worker-26: Import Getting Started Content] INFO  o.e.m.c.i.e.AbstractTransferListenerAdapter - Downloaded https://repo.maven.apache.org/maven2/com/fasterxml/jackson/core/jackson-databind/2.18.2/jackson-databind-2.18.2.pom
2025-03-19 14:21:40,636 [Worker-26: Import Getting Started Content] INFO  o.e.m.c.i.e.AbstractTransferListenerAdapter - Downloading https://repo.maven.apache.org/maven2/com/fasterxml/jackson/jackson-base/2.18.2/jackson-base-2.18.2.pom
2025-03-19 14:21:40,679 [Worker-26: Import Getting Started Content] INFO  o.e.m.c.i.e.AbstractTransferListenerAdapter - Downloaded https://repo.maven.apache.org/maven2/com/fasterxml/jackson/jackson-base/2.18.2/jackson-base-2.18.2.pom
2025-03-19 14:21:40,720 [Worker-26: Import Getting Started Content] INFO  o.e.m.c.i.e.AbstractTransferListenerAdapter - Downloading https://repo.maven.apache.org/maven2/com/fasterxml/jackson/core/jackson-annotations/2.18.2/jackson-annotations-2.18.2.pom
2025-03-19 14:21:40,752 [Worker-26: Import Getting Started Content] INFO  o.e.m.c.i.e.AbstractTransferListenerAdapter - Downloaded https://repo.maven.apache.org/maven2/com/fasterxml/jackson/core/jackson-annotations/2.18.2/jackson-annotations-2.18.2.pom
2025-03-19 14:21:40,775 [Worker-26: Import Getting Started Content] INFO  o.e.m.c.i.e.AbstractTransferListenerAdapter - Downloading https://repo.maven.apache.org/maven2/com/fasterxml/jackson/core/jackson-core/2.18.2/jackson-core-2.18.2.pom
2025-03-19 14:21:40,806 [Worker-26: Import Getting Started Content] INFO  o.e.m.c.i.e.AbstractTransferListenerAdapter - Downloaded https://repo.maven.apache.org/maven2/com/fasterxml/jackson/core/jackson-core/2.18.2/jackson-core-2.18.2.pom
2025-03-19 14:21:40,843 [Worker-26: Import Getting Started Content] INFO  o.e.m.c.i.e.AbstractTransferListenerAdapter - Downloading https://repo.maven.apache.org/maven2/com/fasterxml/jackson/datatype/jackson-datatype-jdk8/2.18.2/jackson-datatype-jdk8-2.18.2.pom
2025-03-19 14:21:40,875 [Worker-26: Import Getting Started Content] INFO  o.e.m.c.i.e.AbstractTransferListenerAdapter - Downloaded https://repo.maven.apache.org/maven2/com/fasterxml/jackson/datatype/jackson-datatype-jdk8/2.18.2/jackson-datatype-jdk8-2.18.2.pom
2025-03-19 14:21:40,915 [Worker-26: Import Getting Started Content] INFO  o.e.m.c.i.e.AbstractTransferListenerAdapter - Downloading https://repo.maven.apache.org/maven2/com/fasterxml/jackson/module/jackson-modules-java8/2.18.2/jackson-modules-java8-2.18.2.pom
2025-03-19 14:21:40,940 [Worker-26: Import Getting Started Content] INFO  o.e.m.c.i.e.AbstractTransferListenerAdapter - Downloaded https://repo.maven.apache.org/maven2/com/fasterxml/jackson/module/jackson-modules-java8/2.18.2/jackson-modules-java8-2.18.2.pom
2025-03-19 14:21:40,981 [Worker-26: Import Getting Started Content] INFO  o.e.m.c.i.e.AbstractTransferListenerAdapter - Downloading https://repo.maven.apache.org/maven2/com/fasterxml/jackson/datatype/jackson-datatype-jsr310/2.18.2/jackson-datatype-jsr310-2.18.2.pom
2025-03-19 14:21:41,008 [Worker-26: Import Getting Started Content] INFO  o.e.m.c.i.e.AbstractTransferListenerAdapter - Downloaded https://repo.maven.apache.org/maven2/com/fasterxml/jackson/datatype/jackson-datatype-jsr310/2.18.2/jackson-datatype-jsr310-2.18.2.pom
2025-03-19 14:21:41,031 [Worker-26: Import Getting Started Content] INFO  o.e.m.c.i.e.AbstractTransferListenerAdapter - Downloading https://repo.maven.apache.org/maven2/com/fasterxml/jackson/module/jackson-module-parameter-names/2.18.2/jackson-module-parameter-names-2.18.2.pom
2025-03-19 14:21:41,082 [Worker-26: Import Getting Started Content] INFO  o.e.m.c.i.e.AbstractTransferListenerAdapter - Downloaded https://repo.maven.apache.org/maven2/com/fasterxml/jackson/module/jackson-module-parameter-names/2.18.2/jackson-module-parameter-names-2.18.2.pom
2025-03-19 14:21:41,107 [Worker-26: Import Getting Started Content] INFO  o.e.m.c.i.e.AbstractTransferListenerAdapter - Downloading https://repo.maven.apache.org/maven2/org/springframework/boot/spring-boot-starter-tomcat/3.4.3/spring-boot-starter-tomcat-3.4.3.pom
2025-03-19 14:21:41,140 [Worker-26: Import Getting Started Content] INFO  o.e.m.c.i.e.AbstractTransferListenerAdapter - Downloaded https://repo.maven.apache.org/maven2/org/springframework/boot/spring-boot-starter-tomcat/3.4.3/spring-boot-starter-tomcat-3.4.3.pom
2025-03-19 14:21:41,168 [Worker-26: Import Getting Started Content] INFO  o.e.m.c.i.e.AbstractTransferListenerAdapter - Downloading https://repo.maven.apache.org/maven2/org/apache/tomcat/embed/tomcat-embed-core/10.1.36/tomcat-embed-core-10.1.36.pom
2025-03-19 14:21:41,197 [Worker-26: Import Getting Started Content] INFO  o.e.m.c.i.e.AbstractTransferListenerAdapter - Downloaded https://repo.maven.apache.org/maven2/org/apache/tomcat/embed/tomcat-embed-core/10.1.36/tomcat-embed-core-10.1.36.pom
2025-03-19 14:21:41,219 [Worker-26: Import Getting Started Content] INFO  o.e.m.c.i.e.AbstractTransferListenerAdapter - Downloading https://repo.maven.apache.org/maven2/org/apache/tomcat/embed/tomcat-embed-el/10.1.36/tomcat-embed-el-10.1.36.pom
2025-03-19 14:21:41,242 [Worker-26: Import Getting Started Content] INFO  o.e.m.c.i.e.AbstractTransferListenerAdapter - Downloaded https://repo.maven.apache.org/maven2/org/apache/tomcat/embed/tomcat-embed-el/10.1.36/tomcat-embed-el-10.1.36.pom
2025-03-19 14:21:41,270 [Worker-26: Import Getting Started Content] INFO  o.e.m.c.i.e.AbstractTransferListenerAdapter - Downloading https://repo.maven.apache.org/maven2/org/apache/tomcat/embed/tomcat-embed-websocket/10.1.36/tomcat-embed-websocket-10.1.36.pom
2025-03-19 14:21:41,302 [Worker-26: Import Getting Started Content] INFO  o.e.m.c.i.e.AbstractTransferListenerAdapter - Downloaded https://repo.maven.apache.org/maven2/org/apache/tomcat/embed/tomcat-embed-websocket/10.1.36/tomcat-embed-websocket-10.1.36.pom
2025-03-19 14:21:41,333 [Worker-26: Import Getting Started Content] INFO  o.e.m.c.i.e.AbstractTransferListenerAdapter - Downloading https://repo.maven.apache.org/maven2/org/springframework/spring-webmvc/6.2.3/spring-webmvc-6.2.3.pom
2025-03-19 14:21:41,363 [Worker-26: Import Getting Started Content] INFO  o.e.m.c.i.e.AbstractTransferListenerAdapter - Downloaded https://repo.maven.apache.org/maven2/org/springframework/spring-webmvc/6.2.3/spring-webmvc-6.2.3.pom
2025-03-19 14:21:41,528 [Worker-26: Import Getting Started Content] INFO  o.e.m.c.i.e.AbstractTransferListenerAdapter - Downloading https://repo.maven.apache.org/maven2/org/springframework/boot/spring-boot-starter-web/3.4.3/spring-boot-starter-web-3.4.3.jar
2025-03-19 14:21:41,574 [Worker-26: Import Getting Started Content] INFO  o.e.m.c.i.e.AbstractTransferListenerAdapter - Downloaded https://repo.maven.apache.org/maven2/org/springframework/boot/spring-boot-starter-web/3.4.3/spring-boot-starter-web-3.4.3.jar
2025-03-19 14:21:41,597 [BasicRepositoryConnector-repo.maven.apache.org-4-0] INFO  o.e.m.c.i.e.AbstractTransferListenerAdapter - Downloading https://repo.maven.apache.org/maven2/org/springframework/boot/spring-boot-starter-json/3.4.3/spring-boot-starter-json-3.4.3.jar
2025-03-19 14:21:41,634 [BasicRepositoryConnector-repo.maven.apache.org-4-1] INFO  o.e.m.c.i.e.AbstractTransferListenerAdapter - Downloading https://repo.maven.apache.org/maven2/com/fasterxml/jackson/core/jackson-databind/2.18.2/jackson-databind-2.18.2.jar
2025-03-19 14:21:41,645 [BasicRepositoryConnector-repo.maven.apache.org-4-2] INFO  o.e.m.c.i.e.AbstractTransferListenerAdapter - Downloading https://repo.maven.apache.org/maven2/com/fasterxml/jackson/core/jackson-annotations/2.18.2/jackson-annotations-2.18.2.jar
2025-03-19 14:21:41,658 [BasicRepositoryConnector-repo.maven.apache.org-4-4] INFO  o.e.m.c.i.e.AbstractTransferListenerAdapter - Downloading https://repo.maven.apache.org/maven2/com/fasterxml/jackson/datatype/jackson-datatype-jdk8/2.18.2/jackson-datatype-jdk8-2.18.2.jar
2025-03-19 14:21:41,659 [BasicRepositoryConnector-repo.maven.apache.org-4-3] INFO  o.e.m.c.i.e.AbstractTransferListenerAdapter - Downloading https://repo.maven.apache.org/maven2/com/fasterxml/jackson/core/jackson-core/2.18.2/jackson-core-2.18.2.jar
2025-03-19 14:21:41,678 [BasicRepositoryConnector-repo.maven.apache.org-4-0] INFO  o.e.m.c.i.e.AbstractTransferListenerAdapter - Downloaded https://repo.maven.apache.org/maven2/org/springframework/boot/spring-boot-starter-json/3.4.3/spring-boot-starter-json-3.4.3.jar
2025-03-19 14:21:41,699 [BasicRepositoryConnector-repo.maven.apache.org-4-0] INFO  o.e.m.c.i.e.AbstractTransferListenerAdapter - Downloading https://repo.maven.apache.org/maven2/com/fasterxml/jackson/datatype/jackson-datatype-jsr310/2.18.2/jackson-datatype-jsr310-2.18.2.jar
2025-03-19 14:21:41,720 [BasicRepositoryConnector-repo.maven.apache.org-4-2] INFO  o.e.m.c.i.e.AbstractTransferListenerAdapter - Downloaded https://repo.maven.apache.org/maven2/com/fasterxml/jackson/core/jackson-annotations/2.18.2/jackson-annotations-2.18.2.jar
2025-03-19 14:21:41,742 [BasicRepositoryConnector-repo.maven.apache.org-4-2] INFO  o.e.m.c.i.e.AbstractTransferListenerAdapter - Downloading https://repo.maven.apache.org/maven2/com/fasterxml/jackson/module/jackson-module-parameter-names/2.18.2/jackson-module-parameter-names-2.18.2.jar
2025-03-19 14:21:41,761 [BasicRepositoryConnector-repo.maven.apache.org-4-0] INFO  o.e.m.c.i.e.AbstractTransferListenerAdapter - Downloaded https://repo.maven.apache.org/maven2/com/fasterxml/jackson/datatype/jackson-datatype-jsr310/2.18.2/jackson-datatype-jsr310-2.18.2.jar
2025-03-19 14:21:41,788 [BasicRepositoryConnector-repo.maven.apache.org-4-0] INFO  o.e.m.c.i.e.AbstractTransferListenerAdapter - Downloading https://repo.maven.apache.org/maven2/org/springframework/boot/spring-boot-starter-tomcat/3.4.3/spring-boot-starter-tomcat-3.4.3.jar
2025-03-19 14:21:41,843 [BasicRepositoryConnector-repo.maven.apache.org-4-0] INFO  o.e.m.c.i.e.AbstractTransferListenerAdapter - Downloaded https://repo.maven.apache.org/maven2/org/springframework/boot/spring-boot-starter-tomcat/3.4.3/spring-boot-starter-tomcat-3.4.3.jar
2025-03-19 14:21:41,865 [BasicRepositoryConnector-repo.maven.apache.org-4-0] INFO  o.e.m.c.i.e.AbstractTransferListenerAdapter - Downloading https://repo.maven.apache.org/maven2/org/apache/tomcat/embed/tomcat-embed-core/10.1.36/tomcat-embed-core-10.1.36.jar
2025-03-19 14:21:42,025 [BasicRepositoryConnector-repo.maven.apache.org-4-3] INFO  o.e.m.c.i.e.AbstractTransferListenerAdapter - Downloaded https://repo.maven.apache.org/maven2/com/fasterxml/jackson/core/jackson-core/2.18.2/jackson-core-2.18.2.jar
2025-03-19 14:21:42,046 [BasicRepositoryConnector-repo.maven.apache.org-4-3] INFO  o.e.m.c.i.e.AbstractTransferListenerAdapter - Downloading https://repo.maven.apache.org/maven2/org/apache/tomcat/embed/tomcat-embed-el/10.1.36/tomcat-embed-el-10.1.36.jar
2025-03-19 14:21:42,062 [BasicRepositoryConnector-repo.maven.apache.org-4-2] INFO  o.e.m.c.i.e.AbstractTransferListenerAdapter - Downloaded https://repo.maven.apache.org/maven2/com/fasterxml/jackson/module/jackson-module-parameter-names/2.18.2/jackson-module-parameter-names-2.18.2.jar
2025-03-19 14:21:42,110 [BasicRepositoryConnector-repo.maven.apache.org-4-2] INFO  o.e.m.c.i.e.AbstractTransferListenerAdapter - Downloading https://repo.maven.apache.org/maven2/org/apache/tomcat/embed/tomcat-embed-websocket/10.1.36/tomcat-embed-websocket-10.1.36.jar
2025-03-19 14:21:42,220 [BasicRepositoryConnector-repo.maven.apache.org-4-3] INFO  o.e.m.c.i.e.AbstractTransferListenerAdapter - Downloaded https://repo.maven.apache.org/maven2/org/apache/tomcat/embed/tomcat-embed-el/10.1.36/tomcat-embed-el-10.1.36.jar
2025-03-19 14:21:42,239 [BasicRepositoryConnector-repo.maven.apache.org-4-3] INFO  o.e.m.c.i.e.AbstractTransferListenerAdapter - Downloading https://repo.maven.apache.org/maven2/org/springframework/spring-web/6.2.3/spring-web-6.2.3.jar
2025-03-19 14:21:42,266 [BasicRepositoryConnector-repo.maven.apache.org-4-2] INFO  o.e.m.c.i.e.AbstractTransferListenerAdapter - Downloaded https://repo.maven.apache.org/maven2/org/apache/tomcat/embed/tomcat-embed-websocket/10.1.36/tomcat-embed-websocket-10.1.36.jar
2025-03-19 14:21:42,297 [BasicRepositoryConnector-repo.maven.apache.org-4-2] INFO  o.e.m.c.i.e.AbstractTransferListenerAdapter - Downloading https://repo.maven.apache.org/maven2/org/springframework/spring-webmvc/6.2.3/spring-webmvc-6.2.3.jar
2025-03-19 14:21:42,389 [BasicRepositoryConnector-repo.maven.apache.org-4-4] INFO  o.e.m.c.i.e.AbstractTransferListenerAdapter - Downloaded https://repo.maven.apache.org/maven2/com/fasterxml/jackson/datatype/jackson-datatype-jdk8/2.18.2/jackson-datatype-jdk8-2.18.2.jar
2025-03-19 14:21:42,462 [BasicRepositoryConnector-repo.maven.apache.org-4-1] INFO  o.e.m.c.i.e.AbstractTransferListenerAdapter - Downloaded https://repo.maven.apache.org/maven2/com/fasterxml/jackson/core/jackson-databind/2.18.2/jackson-databind-2.18.2.jar
2025-03-19 14:21:42,828 [BasicRepositoryConnector-repo.maven.apache.org-4-2] INFO  o.e.m.c.i.e.AbstractTransferListenerAdapter - Downloaded https://repo.maven.apache.org/maven2/org/springframework/spring-webmvc/6.2.3/spring-webmvc-6.2.3.jar
2025-03-19 14:21:43,032 [BasicRepositoryConnector-repo.maven.apache.org-4-3] INFO  o.e.m.c.i.e.AbstractTransferListenerAdapter - Downloaded https://repo.maven.apache.org/maven2/org/springframework/spring-web/6.2.3/spring-web-6.2.3.jar
2025-03-19 14:21:43,177 [BasicRepositoryConnector-repo.maven.apache.org-4-0] INFO  o.e.m.c.i.e.AbstractTransferListenerAdapter - Downloaded https://repo.maven.apache.org/maven2/org/apache/tomcat/embed/tomcat-embed-core/10.1.36/tomcat-embed-core-10.1.36.jar
2025-03-19 14:21:43,422 [Worker-26: Import Getting Started Content] INFO  o.e.m.j.i.AbstractJavaProjectConfigurator - Adding source folder /ShopmeWebParent/src/main/java
2025-03-19 14:21:43,422 [Worker-26: Import Getting Started Content] INFO  o.e.m.j.i.AbstractJavaProjectConfigurator - Adding resource folder /ShopmeWebParent/src/main/resources
2025-03-19 14:21:43,435 [Worker-26: Import Getting Started Content] INFO  o.e.m.j.i.AbstractJavaProjectConfigurator - Adding resource folder /ShopmeWebParent/src/main/resources
2025-03-19 14:21:43,444 [Worker-26: Import Getting Started Content] INFO  o.e.m.j.i.AbstractJavaProjectConfigurator - Adding source folder /ShopmeWebParent/src/test/java
2025-03-19 14:21:43,445 [Worker-26: Import Getting Started Content] INFO  o.e.m.j.i.AbstractJavaProjectConfigurator - Adding resource folder /ShopmeWebParent/src/test/resources
2025-03-19 14:21:43,663 [Worker-26: Import Getting Started Content] INFO  o.e.m.c.i.p.ProjectConfigurationManager - Imported and configured 1 project(s) in 3 sec
2025-03-19 14:21:43,665 [Worker-26: Import Getting Started Content] INFO  o.e.m.c.i.p.ProjectConfigurationManager - Update started
2025-03-19 14:21:44,058 [Worker-26: Import Getting Started Content] INFO  o.e.m.c.i.l.LifecycleMappingFactory - Using org.eclipse.m2e.jdt.JarLifecycleMapping lifecycle mapping for MavenProject: com.shopme:ShopmeWebParent:0.0.1-SNAPSHOT @ C:\ShopmeEcommerce\ShopmeProject\ShopmeWebParent\pom.xml.
2025-03-19 14:21:44,377 [Worker-30: Download sources and javadoc] INFO  o.e.m.c.i.e.AbstractTransferListenerAdapter - Downloading https://repo.maven.apache.org/maven2/org/springframework/boot/spring-boot-starter-web/3.4.3/spring-boot-starter-web-3.4.3-sources.jar
2025-03-19 14:21:44,432 [Worker-26: Import Getting Started Content] INFO  o.e.m.j.i.AbstractJavaProjectConfigurator - Adding source folder /ShopmeWebParent/src/main/java
2025-03-19 14:21:44,433 [Worker-26: Import Getting Started Content] INFO  o.e.m.j.i.AbstractJavaProjectConfigurator - Adding resource folder /ShopmeWebParent/src/main/resources
2025-03-19 14:21:44,433 [Worker-26: Import Getting Started Content] INFO  o.e.m.j.i.AbstractJavaProjectConfigurator - Adding resource folder /ShopmeWebParent/src/main/resources
2025-03-19 14:21:44,434 [Worker-26: Import Getting Started Content] INFO  o.e.m.j.i.AbstractJavaProjectConfigurator - Adding source folder /ShopmeWebParent/src/test/java
2025-03-19 14:21:44,435 [Worker-26: Import Getting Started Content] INFO  o.e.m.j.i.AbstractJavaProjectConfigurator - Adding resource folder /ShopmeWebParent/src/test/resources
2025-03-19 14:21:44,462 [Worker-30: Download sources and javadoc] INFO  o.e.m.c.i.e.AbstractTransferListenerAdapter - Downloaded https://repo.maven.apache.org/maven2/org/springframework/boot/spring-boot-starter-web/3.4.3/spring-boot-starter-web-3.4.3-sources.jar
2025-03-19 14:21:44,466 [Worker-30: Download sources and javadoc] INFO  o.e.m.j.internal.DownloadSourcesJob - Downloaded sources for org.springframework.boot:spring-boot-starter-web:3.4.3
2025-03-19 14:21:44,547 [Worker-30: Download sources and javadoc] INFO  o.e.m.c.i.e.AbstractTransferListenerAdapter - Downloading https://repo.maven.apache.org/maven2/org/springframework/boot/spring-boot-starter-json/3.4.3/spring-boot-starter-json-3.4.3-sources.jar
2025-03-19 14:21:44,621 [Worker-30: Download sources and javadoc] INFO  o.e.m.c.i.e.AbstractTransferListenerAdapter - Downloaded https://repo.maven.apache.org/maven2/org/springframework/boot/spring-boot-starter-json/3.4.3/spring-boot-starter-json-3.4.3-sources.jar
2025-03-19 14:21:44,625 [Worker-30: Download sources and javadoc] INFO  o.e.m.j.internal.DownloadSourcesJob - Downloaded sources for org.springframework.boot:spring-boot-starter-json:3.4.3
2025-03-19 14:21:44,682 [Worker-26: Import Getting Started Content] INFO  o.e.m.c.i.p.ProjectConfigurationManager - Update completed for 1 poms: local refresh takes 0.00 sec, refresh facades takes 0.00 sec, update config takes 0.00 sec 
2025-03-19 14:21:44,715 [Worker-30: Download sources and javadoc] INFO  o.e.m.c.i.e.AbstractTransferListenerAdapter - Downloading https://repo.maven.apache.org/maven2/com/fasterxml/jackson/core/jackson-databind/2.18.2/jackson-databind-2.18.2-sources.jar
2025-03-19 14:21:45,111 [Worker-27: Building] INFO  o.a.m.s.f.DefaultMavenResourcesFiltering - Copying 1 resource from src\main\resources to target\classes
2025-03-19 14:21:45,136 [Worker-27: Building] INFO  o.a.m.s.f.DefaultMavenResourcesFiltering - Copying 0 resource from src\main\resources to target\classes
2025-03-19 14:21:45,141 [Worker-27: Building] INFO  o.a.m.s.f.DefaultMavenResourcesFiltering - skip non existing resourceDirectory C:\ShopmeEcommerce\ShopmeProject\ShopmeWebParent\src\test\resources
2025-03-19 14:21:45,247 [Worker-30: Download sources and javadoc] INFO  o.e.m.c.i.e.AbstractTransferListenerAdapter - Downloaded https://repo.maven.apache.org/maven2/com/fasterxml/jackson/core/jackson-databind/2.18.2/jackson-databind-2.18.2-sources.jar
2025-03-19 14:21:45,251 [Worker-30: Download sources and javadoc] INFO  o.e.m.j.internal.DownloadSourcesJob - Downloaded sources for com.fasterxml.jackson.core:jackson-databind:2.18.2
2025-03-19 14:21:45,328 [Worker-30: Download sources and javadoc] INFO  o.e.m.c.i.e.AbstractTransferListenerAdapter - Downloading https://repo.maven.apache.org/maven2/com/fasterxml/jackson/core/jackson-annotations/2.18.2/jackson-annotations-2.18.2-sources.jar
2025-03-19 14:21:45,434 [Worker-30: Download sources and javadoc] INFO  o.e.m.c.i.e.AbstractTransferListenerAdapter - Downloaded https://repo.maven.apache.org/maven2/com/fasterxml/jackson/core/jackson-annotations/2.18.2/jackson-annotations-2.18.2-sources.jar
2025-03-19 14:21:45,438 [Worker-30: Download sources and javadoc] INFO  o.e.m.j.internal.DownloadSourcesJob - Downloaded sources for com.fasterxml.jackson.core:jackson-annotations:2.18.2
2025-03-19 14:21:45,519 [Worker-30: Download sources and javadoc] INFO  o.e.m.c.i.e.AbstractTransferListenerAdapter - Downloading https://repo.maven.apache.org/maven2/com/fasterxml/jackson/core/jackson-core/2.18.2/jackson-core-2.18.2-sources.jar
2025-03-19 14:21:45,842 [Worker-30: Download sources and javadoc] INFO  o.e.m.c.i.e.AbstractTransferListenerAdapter - Downloaded https://repo.maven.apache.org/maven2/com/fasterxml/jackson/core/jackson-core/2.18.2/jackson-core-2.18.2-sources.jar
2025-03-19 14:21:45,852 [Worker-30: Download sources and javadoc] INFO  o.e.m.j.internal.DownloadSourcesJob - Downloaded sources for com.fasterxml.jackson.core:jackson-core:2.18.2
2025-03-19 14:21:45,994 [Worker-30: Download sources and javadoc] INFO  o.e.m.c.i.e.AbstractTransferListenerAdapter - Downloading https://repo.maven.apache.org/maven2/com/fasterxml/jackson/datatype/jackson-datatype-jdk8/2.18.2/jackson-datatype-jdk8-2.18.2-sources.jar
2025-03-19 14:21:46,613 [Worker-30: Download sources and javadoc] INFO  o.e.m.c.i.e.AbstractTransferListenerAdapter - Downloaded https://repo.maven.apache.org/maven2/com/fasterxml/jackson/datatype/jackson-datatype-jdk8/2.18.2/jackson-datatype-jdk8-2.18.2-sources.jar
2025-03-19 14:21:46,616 [Worker-30: Download sources and javadoc] INFO  o.e.m.j.internal.DownloadSourcesJob - Downloaded sources for com.fasterxml.jackson.datatype:jackson-datatype-jdk8:2.18.2
2025-03-19 14:21:46,704 [Worker-30: Download sources and javadoc] INFO  o.e.m.c.i.e.AbstractTransferListenerAdapter - Downloading https://repo.maven.apache.org/maven2/com/fasterxml/jackson/datatype/jackson-datatype-jsr310/2.18.2/jackson-datatype-jsr310-2.18.2-sources.jar
2025-03-19 14:21:46,819 [Worker-30: Download sources and javadoc] INFO  o.e.m.c.i.e.AbstractTransferListenerAdapter - Downloaded https://repo.maven.apache.org/maven2/com/fasterxml/jackson/datatype/jackson-datatype-jsr310/2.18.2/jackson-datatype-jsr310-2.18.2-sources.jar
2025-03-19 14:21:46,824 [Worker-30: Download sources and javadoc] INFO  o.e.m.j.internal.DownloadSourcesJob - Downloaded sources for com.fasterxml.jackson.datatype:jackson-datatype-jsr310:2.18.2
2025-03-19 14:21:46,909 [Worker-30: Download sources and javadoc] INFO  o.e.m.c.i.e.AbstractTransferListenerAdapter - Downloading https://repo.maven.apache.org/maven2/com/fasterxml/jackson/module/jackson-module-parameter-names/2.18.2/jackson-module-parameter-names-2.18.2-sources.jar
2025-03-19 14:21:47,027 [Worker-30: Download sources and javadoc] INFO  o.e.m.c.i.e.AbstractTransferListenerAdapter - Downloaded https://repo.maven.apache.org/maven2/com/fasterxml/jackson/module/jackson-module-parameter-names/2.18.2/jackson-module-parameter-names-2.18.2-sources.jar
2025-03-19 14:21:47,030 [Worker-30: Download sources and javadoc] INFO  o.e.m.j.internal.DownloadSourcesJob - Downloaded sources for com.fasterxml.jackson.module:jackson-module-parameter-names:2.18.2
2025-03-19 14:21:47,127 [Worker-30: Download sources and javadoc] INFO  o.e.m.c.i.e.AbstractTransferListenerAdapter - Downloading https://repo.maven.apache.org/maven2/org/springframework/boot/spring-boot-starter-tomcat/3.4.3/spring-boot-starter-tomcat-3.4.3-sources.jar
2025-03-19 14:21:47,182 [Worker-30: Download sources and javadoc] INFO  o.e.m.c.i.e.AbstractTransferListenerAdapter - Downloaded https://repo.maven.apache.org/maven2/org/springframework/boot/spring-boot-starter-tomcat/3.4.3/spring-boot-starter-tomcat-3.4.3-sources.jar
2025-03-19 14:21:47,185 [Worker-30: Download sources and javadoc] INFO  o.e.m.j.internal.DownloadSourcesJob - Downloaded sources for org.springframework.boot:spring-boot-starter-tomcat:3.4.3
2025-03-19 14:21:47,274 [Worker-30: Download sources and javadoc] INFO  o.e.m.c.i.e.AbstractTransferListenerAdapter - Downloading https://repo.maven.apache.org/maven2/org/apache/tomcat/embed/tomcat-embed-core/10.1.36/tomcat-embed-core-10.1.36-sources.jar
2025-03-19 14:21:48,598 [Worker-30: Download sources and javadoc] INFO  o.e.m.c.i.e.AbstractTransferListenerAdapter - Downloaded https://repo.maven.apache.org/maven2/org/apache/tomcat/embed/tomcat-embed-core/10.1.36/tomcat-embed-core-10.1.36-sources.jar
2025-03-19 14:21:48,601 [Worker-30: Download sources and javadoc] INFO  o.e.m.j.internal.DownloadSourcesJob - Downloaded sources for org.apache.tomcat.embed:tomcat-embed-core:10.1.36
2025-03-19 14:21:48,675 [Worker-30: Download sources and javadoc] INFO  o.e.m.c.i.e.AbstractTransferListenerAdapter - Downloading https://repo.maven.apache.org/maven2/org/apache/tomcat/embed/tomcat-embed-el/10.1.36/tomcat-embed-el-10.1.36-sources.jar
2025-03-19 14:21:48,824 [Worker-30: Download sources and javadoc] INFO  o.e.m.c.i.e.AbstractTransferListenerAdapter - Downloaded https://repo.maven.apache.org/maven2/org/apache/tomcat/embed/tomcat-embed-el/10.1.36/tomcat-embed-el-10.1.36-sources.jar
2025-03-19 14:21:48,829 [Worker-30: Download sources and javadoc] INFO  o.e.m.j.internal.DownloadSourcesJob - Downloaded sources for org.apache.tomcat.embed:tomcat-embed-el:10.1.36
2025-03-19 14:21:48,906 [Worker-30: Download sources and javadoc] INFO  o.e.m.c.i.e.AbstractTransferListenerAdapter - Downloading https://repo.maven.apache.org/maven2/org/apache/tomcat/embed/tomcat-embed-websocket/10.1.36/tomcat-embed-websocket-10.1.36-sources.jar
2025-03-19 14:21:49,055 [Worker-30: Download sources and javadoc] INFO  o.e.m.c.i.e.AbstractTransferListenerAdapter - Downloaded https://repo.maven.apache.org/maven2/org/apache/tomcat/embed/tomcat-embed-websocket/10.1.36/tomcat-embed-websocket-10.1.36-sources.jar
2025-03-19 14:21:49,058 [Worker-30: Download sources and javadoc] INFO  o.e.m.j.internal.DownloadSourcesJob - Downloaded sources for org.apache.tomcat.embed:tomcat-embed-websocket:10.1.36
2025-03-19 14:21:49,132 [Worker-30: Download sources and javadoc] INFO  o.e.m.c.i.e.AbstractTransferListenerAdapter - Downloading https://repo.maven.apache.org/maven2/org/springframework/spring-web/6.2.3/spring-web-6.2.3-sources.jar
2025-03-19 14:21:49,657 [Worker-30: Download sources and javadoc] INFO  o.e.m.c.i.e.AbstractTransferListenerAdapter - Downloaded https://repo.maven.apache.org/maven2/org/springframework/spring-web/6.2.3/spring-web-6.2.3-sources.jar
2025-03-19 14:21:49,660 [Worker-30: Download sources and javadoc] INFO  o.e.m.j.internal.DownloadSourcesJob - Downloaded sources for org.springframework:spring-web:6.2.3
2025-03-19 14:21:49,724 [Worker-30: Download sources and javadoc] INFO  o.e.m.c.i.e.AbstractTransferListenerAdapter - Downloading https://repo.maven.apache.org/maven2/org/springframework/spring-webmvc/6.2.3/spring-webmvc-6.2.3-sources.jar
2025-03-19 14:21:49,859 [Worker-30: Download sources and javadoc] INFO  o.e.m.c.i.e.AbstractTransferListenerAdapter - Downloaded https://repo.maven.apache.org/maven2/org/springframework/spring-webmvc/6.2.3/spring-webmvc-6.2.3-sources.jar
2025-03-19 14:21:49,864 [Worker-30: Download sources and javadoc] INFO  o.e.m.j.internal.DownloadSourcesJob - Downloaded sources for org.springframework:spring-webmvc:6.2.3
2025-03-19 14:23:07,987 [Worker-30: Building] INFO  o.e.m.c.i.l.LifecycleMappingFactory - Using org.eclipse.m2e.jdt.JarLifecycleMapping lifecycle mapping for MavenProject: com.shopme:ShopmeWebParent:0.0.1-SNAPSHOT @ C:\ShopmeEcommerce\ShopmeProject\ShopmeWebParent\pom.xml.
2025-03-19 14:23:08,389 [Worker-30: Building] INFO  o.a.m.s.f.DefaultMavenResourcesFiltering - Copying 0 resource from src\main\resources to target\classes
2025-03-19 14:23:08,390 [Worker-30: Building] INFO  o.a.m.s.f.DefaultMavenResourcesFiltering - Copying 0 resource from src\main\resources to target\classes
2025-03-19 14:23:08,395 [Worker-30: Building] INFO  o.a.m.s.f.DefaultMavenResourcesFiltering - skip non existing resourceDirectory C:\ShopmeEcommerce\ShopmeProject\ShopmeWebParent\src\test\resources
2025-03-19 14:24:00,038 [Worker-30: Building] INFO  o.e.m.c.i.l.LifecycleMappingFactory - Using NULL lifecycle mapping for MavenProject: com.shopme:ShopmeProject:0.0.1-SNAPSHOT @ C:\ShopmeEcommerce\ShopmeProject\pom.xml.
2025-03-19 14:24:54,211 [Worker-29: Building] INFO  o.a.m.s.f.DefaultMavenResourcesFiltering - Copying 1 resource from src\main\resources to target\classes
2025-03-19 14:24:54,231 [Worker-29: Building] INFO  o.a.m.s.f.DefaultMavenResourcesFiltering - Copying 0 resource from src\main\resources to target\classes
2025-03-19 14:24:54,236 [Worker-29: Building] INFO  o.a.m.s.f.DefaultMavenResourcesFiltering - skip non existing resourceDirectory C:\ShopmeEcommerce\ShopmeProject\ShopmeWebParent\src\test\resources
2025-03-19 14:25:02,021 [Worker-30: Building] INFO  o.a.m.s.f.DefaultMavenResourcesFiltering - Copying 1 resource from src\main\resources to target\classes
2025-03-19 14:25:02,025 [Worker-30: Building] INFO  o.a.m.s.f.DefaultMavenResourcesFiltering - Copying 0 resource from src\main\resources to target\classes
2025-03-19 14:25:02,028 [Worker-30: Building] INFO  o.a.m.s.f.DefaultMavenResourcesFiltering - skip non existing resourceDirectory C:\ShopmeEcommerce\ShopmeProject\ShopmeWebParent\src\test\resources
2025-03-19 14:25:35,841 [Worker-30: Building] INFO  o.a.m.s.f.DefaultMavenResourcesFiltering - Copying 0 resource from src\main\resources to target\classes
2025-03-19 14:25:35,842 [Worker-30: Building] INFO  o.a.m.s.f.DefaultMavenResourcesFiltering - Copying 0 resource from src\main\resources to target\classes
2025-03-19 14:25:35,844 [Worker-30: Building] INFO  o.a.m.s.f.DefaultMavenResourcesFiltering - skip non existing resourceDirectory C:\ShopmeEcommerce\ShopmeProject\ShopmeWebParent\src\test\resources
2025-03-19 14:27:32,414 [Worker-29: Building] INFO  o.e.m.c.i.l.LifecycleMappingFactory - Using NULL lifecycle mapping for MavenProject: com.shopme:ShopmeWebParent:0.0.1-SNAPSHOT @ C:\ShopmeEcommerce\ShopmeProject\ShopmeWebParent\pom.xml.
2025-03-19 14:27:32,685 [Worker-29: Updating Maven Project] INFO  o.e.m.c.i.p.ProjectConfigurationManager - Update started
2025-03-19 14:27:32,979 [Worker-29: Updating Maven Project] INFO  o.e.m.c.i.l.LifecycleMappingFactory - Using NULL lifecycle mapping for MavenProject: com.shopme:ShopmeWebParent:0.0.1-SNAPSHOT @ C:\ShopmeEcommerce\ShopmeProject\ShopmeWebParent\pom.xml.
2025-03-19 14:27:33,272 [Worker-29: Updating Maven Project] INFO  o.e.m.c.i.p.ProjectConfigurationManager - Update completed for 1 poms: local refresh takes 0.00 sec, refresh facades takes 0.00 sec, update config takes 0.00 sec 
2025-03-19 14:30:10,594 [Worker-27: Import Getting Started Content] INFO  o.e.m.c.i.l.LifecycleMappingFactory - Using org.eclipse.m2e.jdt.JarLifecycleMapping lifecycle mapping for MavenProject: com.shopme:ShopmeBackEnd:0.0.1-SNAPSHOT @ C:\ShopmeEcommerce\ShopmeProject\ShopmeWebParent\ShopmeBackEnd\pom.xml.
2025-03-19 14:30:10,996 [Worker-27: Import Getting Started Content] INFO  o.e.m.j.i.AbstractJavaProjectConfigurator - Adding source folder /ShopmeBackEnd/src/main/java
2025-03-19 14:30:10,997 [Worker-27: Import Getting Started Content] INFO  o.e.m.j.i.AbstractJavaProjectConfigurator - Adding resource folder /ShopmeBackEnd/src/main/resources
2025-03-19 14:30:11,002 [Worker-27: Import Getting Started Content] INFO  o.e.m.j.i.AbstractJavaProjectConfigurator - Adding resource folder /ShopmeBackEnd/src/main/resources
2025-03-19 14:30:11,005 [Worker-27: Import Getting Started Content] INFO  o.e.m.j.i.AbstractJavaProjectConfigurator - Adding source folder /ShopmeBackEnd/src/test/java
2025-03-19 14:30:11,005 [Worker-27: Import Getting Started Content] INFO  o.e.m.j.i.AbstractJavaProjectConfigurator - Adding resource folder /ShopmeBackEnd/src/test/resources
2025-03-19 14:30:11,296 [Worker-27: Import Getting Started Content] INFO  o.e.m.c.i.p.ProjectConfigurationManager - Imported and configured 1 project(s) in 1 sec
2025-03-19 14:30:11,298 [Worker-27: Import Getting Started Content] INFO  o.e.m.c.i.p.ProjectConfigurationManager - Update started
2025-03-19 14:30:11,673 [Worker-27: Import Getting Started Content] INFO  o.e.m.c.i.l.LifecycleMappingFactory - Using org.eclipse.m2e.jdt.JarLifecycleMapping lifecycle mapping for MavenProject: com.shopme:ShopmeBackEnd:0.0.1-SNAPSHOT @ C:\ShopmeEcommerce\ShopmeProject\ShopmeWebParent\ShopmeBackEnd\pom.xml.
2025-03-19 14:30:12,037 [Worker-27: Import Getting Started Content] INFO  o.e.m.j.i.AbstractJavaProjectConfigurator - Adding source folder /ShopmeBackEnd/src/main/java
2025-03-19 14:30:12,038 [Worker-27: Import Getting Started Content] INFO  o.e.m.j.i.AbstractJavaProjectConfigurator - Adding resource folder /ShopmeBackEnd/src/main/resources
2025-03-19 14:30:12,039 [Worker-27: Import Getting Started Content] INFO  o.e.m.j.i.AbstractJavaProjectConfigurator - Adding resource folder /ShopmeBackEnd/src/main/resources
2025-03-19 14:30:12,039 [Worker-27: Import Getting Started Content] INFO  o.e.m.j.i.AbstractJavaProjectConfigurator - Adding source folder /ShopmeBackEnd/src/test/java
2025-03-19 14:30:12,040 [Worker-27: Import Getting Started Content] INFO  o.e.m.j.i.AbstractJavaProjectConfigurator - Adding resource folder /ShopmeBackEnd/src/test/resources
2025-03-19 14:30:12,252 [Worker-27: Import Getting Started Content] INFO  o.e.m.c.i.p.ProjectConfigurationManager - Update completed for 1 poms: local refresh takes 0.00 sec, refresh facades takes 0.00 sec, update config takes 0.00 sec 
2025-03-19 14:30:12,680 [Worker-33: Building] INFO  o.a.m.s.f.DefaultMavenResourcesFiltering - Copying 1 resource from src\main\resources to target\classes
2025-03-19 14:30:12,698 [Worker-33: Building] INFO  o.a.m.s.f.DefaultMavenResourcesFiltering - Copying 0 resource from src\main\resources to target\classes
2025-03-19 14:30:12,710 [Worker-33: Building] INFO  o.a.m.s.f.DefaultMavenResourcesFiltering - skip non existing resourceDirectory C:\ShopmeEcommerce\ShopmeProject\ShopmeWebParent\ShopmeBackEnd\src\test\resources
2025-03-19 14:31:05,430 [Worker-36: Building] INFO  o.e.m.c.i.l.LifecycleMappingFactory - Using NULL lifecycle mapping for MavenProject: com.shopme:ShopmeWebParent:0.0.1-SNAPSHOT @ C:\ShopmeEcommerce\ShopmeProject\ShopmeWebParent\pom.xml.
2025-03-19 14:33:51,841 [Worker-27: Building] INFO  o.e.m.c.i.l.LifecycleMappingFactory - Using org.eclipse.m2e.jdt.JarLifecycleMapping lifecycle mapping for MavenProject: com.shopme:ShopmeBackEnd:0.0.1-SNAPSHOT @ C:\ShopmeEcommerce\ShopmeProject\ShopmeWebParent\ShopmeBackEnd\pom.xml.
2025-03-19 14:33:52,338 [Worker-27: Building] INFO  o.a.m.s.f.DefaultMavenResourcesFiltering - Copying 0 resource from src\main\resources to target\classes
2025-03-19 14:33:52,339 [Worker-27: Building] INFO  o.a.m.s.f.DefaultMavenResourcesFiltering - Copying 0 resource from src\main\resources to target\classes
2025-03-19 14:33:52,343 [Worker-27: Building] INFO  o.a.m.s.f.DefaultMavenResourcesFiltering - skip non existing resourceDirectory C:\ShopmeEcommerce\ShopmeProject\ShopmeWebParent\ShopmeBackEnd\src\test\resources
2025-03-19 14:33:52,730 [Worker-33: Building] INFO  o.a.m.s.f.DefaultMavenResourcesFiltering - Copying 1 resource from src\main\resources to target\classes
2025-03-19 14:33:52,750 [Worker-33: Building] INFO  o.a.m.s.f.DefaultMavenResourcesFiltering - Copying 0 resource from src\main\resources to target\classes
2025-03-19 14:33:52,755 [Worker-33: Building] INFO  o.a.m.s.f.DefaultMavenResourcesFiltering - skip non existing resourceDirectory C:\ShopmeEcommerce\ShopmeProject\ShopmeWebParent\ShopmeBackEnd\src\test\resources
2025-03-19 14:35:18,368 [Worker-32: Building] INFO  o.e.m.c.i.l.LifecycleMappingFactory - Using org.eclipse.m2e.jdt.JarLifecycleMapping lifecycle mapping for MavenProject: com.shopme:ShopmeBackEnd:0.0.1-SNAPSHOT @ C:\ShopmeEcommerce\ShopmeProject\ShopmeWebParent\ShopmeBackEnd\pom.xml.
2025-03-19 14:35:18,856 [Worker-32: Building] INFO  o.a.m.s.f.DefaultMavenResourcesFiltering - Copying 0 resource from src\main\resources to target\classes
2025-03-19 14:35:18,857 [Worker-32: Building] INFO  o.a.m.s.f.DefaultMavenResourcesFiltering - Copying 0 resource from src\main\resources to target\classes
2025-03-19 14:35:18,861 [Worker-32: Building] INFO  o.a.m.s.f.DefaultMavenResourcesFiltering - skip non existing resourceDirectory C:\ShopmeEcommerce\ShopmeProject\ShopmeWebParent\ShopmeBackEnd\src\test\resources
2025-03-19 14:36:24,803 [Worker-26: Building] INFO  o.e.m.c.i.l.LifecycleMappingFactory - Using org.eclipse.m2e.jdt.JarLifecycleMapping lifecycle mapping for MavenProject: com.shopme:ShopmeBackEnd:0.0.1-SNAPSHOT @ C:\ShopmeEcommerce\ShopmeProject\ShopmeWebParent\ShopmeBackEnd\pom.xml.
2025-03-19 14:36:25,161 [Worker-26: Building] INFO  o.a.m.s.f.DefaultMavenResourcesFiltering - Copying 0 resource from src\main\resources to target\classes
2025-03-19 14:36:25,162 [Worker-26: Building] INFO  o.a.m.s.f.DefaultMavenResourcesFiltering - Copying 0 resource from src\main\resources to target\classes
2025-03-19 14:36:25,165 [Worker-26: Building] INFO  o.a.m.s.f.DefaultMavenResourcesFiltering - skip non existing resourceDirectory C:\ShopmeEcommerce\ShopmeProject\ShopmeWebParent\ShopmeBackEnd\src\test\resources
2025-03-19 14:36:26,356 [Worker-32: Building] INFO  o.a.m.s.f.DefaultMavenResourcesFiltering - Copying 1 resource from src\main\resources to target\classes
2025-03-19 14:36:26,381 [Worker-32: Building] INFO  o.a.m.s.f.DefaultMavenResourcesFiltering - Copying 0 resource from src\main\resources to target\classes
2025-03-19 14:36:26,384 [Worker-32: Building] INFO  o.a.m.s.f.DefaultMavenResourcesFiltering - skip non existing resourceDirectory C:\ShopmeEcommerce\ShopmeProject\ShopmeWebParent\ShopmeBackEnd\src\test\resources
2025-03-19 14:37:06,068 [Worker-32: Building] INFO  o.a.m.s.f.DefaultMavenResourcesFiltering - Copying 1 resource from src\main\resources to target\classes
2025-03-19 14:37:06,076 [Worker-32: Building] INFO  o.a.m.s.f.DefaultMavenResourcesFiltering - Copying 0 resource from src\main\resources to target\classes
2025-03-19 14:37:06,078 [Worker-32: Building] INFO  o.a.m.s.f.DefaultMavenResourcesFiltering - skip non existing resourceDirectory C:\ShopmeEcommerce\ShopmeProject\ShopmeWebParent\ShopmeBackEnd\src\test\resources
2025-03-19 14:38:10,034 [Worker-37: Building] INFO  o.a.m.s.f.DefaultMavenResourcesFiltering - Copying 1 resource from src\main\resources to target\classes
2025-03-19 14:38:10,040 [Worker-37: Building] INFO  o.a.m.s.f.DefaultMavenResourcesFiltering - Copying 0 resource from src\main\resources to target\classes
2025-03-19 14:38:10,043 [Worker-37: Building] INFO  o.a.m.s.f.DefaultMavenResourcesFiltering - skip non existing resourceDirectory C:\ShopmeEcommerce\ShopmeProject\ShopmeWebParent\ShopmeBackEnd\src\test\resources
2025-03-19 14:38:58,037 [Worker-27: Building] INFO  o.e.m.c.i.l.LifecycleMappingFactory - Using NULL lifecycle mapping for MavenProject: com.shopme:ShopmeWebParent:0.0.1-SNAPSHOT @ C:\ShopmeEcommerce\ShopmeProject\ShopmeWebParent\pom.xml.
2025-03-19 14:38:58,212 [Worker-27: Building] INFO  o.e.m.c.i.e.AbstractTransferListenerAdapter - Downloading https://repo.maven.apache.org/maven2/org/springframework/boot/spring-boot-starter-thymeleaf/3.4.3/spring-boot-starter-thymeleaf-3.4.3.pom
2025-03-19 14:38:58,249 [Worker-27: Building] INFO  o.e.m.c.i.e.AbstractTransferListenerAdapter - Downloaded https://repo.maven.apache.org/maven2/org/springframework/boot/spring-boot-starter-thymeleaf/3.4.3/spring-boot-starter-thymeleaf-3.4.3.pom
2025-03-19 14:38:58,283 [Worker-27: Building] INFO  o.e.m.c.i.e.AbstractTransferListenerAdapter - Downloading https://repo.maven.apache.org/maven2/org/thymeleaf/thymeleaf-spring6/3.1.3.RELEASE/thymeleaf-spring6-3.1.3.RELEASE.pom
2025-03-19 14:38:58,322 [Worker-27: Building] INFO  o.e.m.c.i.e.AbstractTransferListenerAdapter - Downloaded https://repo.maven.apache.org/maven2/org/thymeleaf/thymeleaf-spring6/3.1.3.RELEASE/thymeleaf-spring6-3.1.3.RELEASE.pom
2025-03-19 14:38:58,359 [Worker-27: Building] INFO  o.e.m.c.i.e.AbstractTransferListenerAdapter - Downloading https://repo.maven.apache.org/maven2/org/thymeleaf/thymeleaf-lib/3.1.3.RELEASE/thymeleaf-lib-3.1.3.RELEASE.pom
2025-03-19 14:38:58,386 [Worker-27: Building] INFO  o.e.m.c.i.e.AbstractTransferListenerAdapter - Downloaded https://repo.maven.apache.org/maven2/org/thymeleaf/thymeleaf-lib/3.1.3.RELEASE/thymeleaf-lib-3.1.3.RELEASE.pom
2025-03-19 14:38:58,409 [Worker-27: Building] INFO  o.e.m.c.i.e.AbstractTransferListenerAdapter - Downloading https://repo.maven.apache.org/maven2/org/thymeleaf/thymeleaf-parent/3.1.3.RELEASE/thymeleaf-parent-3.1.3.RELEASE.pom
2025-03-19 14:38:58,448 [Worker-27: Building] INFO  o.e.m.c.i.e.AbstractTransferListenerAdapter - Downloaded https://repo.maven.apache.org/maven2/org/thymeleaf/thymeleaf-parent/3.1.3.RELEASE/thymeleaf-parent-3.1.3.RELEASE.pom
2025-03-19 14:38:58,482 [Worker-27: Building] INFO  o.e.m.c.i.e.AbstractTransferListenerAdapter - Downloading https://repo.maven.apache.org/maven2/org/springframework/spring-framework-bom/6.2.0/spring-framework-bom-6.2.0.pom
2025-03-19 14:38:58,511 [Worker-27: Building] INFO  o.e.m.c.i.e.AbstractTransferListenerAdapter - Downloaded https://repo.maven.apache.org/maven2/org/springframework/spring-framework-bom/6.2.0/spring-framework-bom-6.2.0.pom
2025-03-19 14:38:58,535 [Worker-27: Building] INFO  o.e.m.c.i.e.AbstractTransferListenerAdapter - Downloading https://repo.maven.apache.org/maven2/io/projectreactor/reactor-bom/2024.0.0/reactor-bom-2024.0.0.pom
2025-03-19 14:38:58,557 [Worker-27: Building] INFO  o.e.m.c.i.e.AbstractTransferListenerAdapter - Downloaded https://repo.maven.apache.org/maven2/io/projectreactor/reactor-bom/2024.0.0/reactor-bom-2024.0.0.pom
2025-03-19 14:38:58,585 [Worker-27: Building] INFO  o.e.m.c.i.e.AbstractTransferListenerAdapter - Downloading https://repo.maven.apache.org/maven2/org/apache/logging/log4j/log4j-bom/2.24.2/log4j-bom-2.24.2.pom
2025-03-19 14:38:58,617 [Worker-27: Building] INFO  o.e.m.c.i.e.AbstractTransferListenerAdapter - Downloaded https://repo.maven.apache.org/maven2/org/apache/logging/log4j/log4j-bom/2.24.2/log4j-bom-2.24.2.pom
2025-03-19 14:38:58,654 [Worker-27: Building] INFO  o.e.m.c.i.e.AbstractTransferListenerAdapter - Downloading https://repo.maven.apache.org/maven2/org/junit/junit-bom/5.11.3/junit-bom-5.11.3.pom
2025-03-19 14:38:58,683 [Worker-27: Building] INFO  o.e.m.c.i.e.AbstractTransferListenerAdapter - Downloaded https://repo.maven.apache.org/maven2/org/junit/junit-bom/5.11.3/junit-bom-5.11.3.pom
2025-03-19 14:38:58,705 [Worker-27: Building] INFO  o.e.m.c.i.e.AbstractTransferListenerAdapter - Downloading https://repo.maven.apache.org/maven2/org/thymeleaf/thymeleaf/3.1.3.RELEASE/thymeleaf-3.1.3.RELEASE.pom
2025-03-19 14:38:58,723 [Worker-27: Building] INFO  o.e.m.c.i.e.AbstractTransferListenerAdapter - Downloaded https://repo.maven.apache.org/maven2/org/thymeleaf/thymeleaf/3.1.3.RELEASE/thymeleaf-3.1.3.RELEASE.pom
2025-03-19 14:38:58,758 [Worker-27: Building] INFO  o.e.m.c.i.e.AbstractTransferListenerAdapter - Downloading https://repo.maven.apache.org/maven2/org/attoparser/attoparser/2.0.7.RELEASE/attoparser-2.0.7.RELEASE.pom
2025-03-19 14:38:58,791 [Worker-27: Building] INFO  o.e.m.c.i.e.AbstractTransferListenerAdapter - Downloaded https://repo.maven.apache.org/maven2/org/attoparser/attoparser/2.0.7.RELEASE/attoparser-2.0.7.RELEASE.pom
2025-03-19 14:38:58,830 [Worker-27: Building] INFO  o.e.m.c.i.e.AbstractTransferListenerAdapter - Downloading https://repo.maven.apache.org/maven2/org/unbescape/unbescape/1.1.6.RELEASE/unbescape-1.1.6.RELEASE.pom
2025-03-19 14:38:58,861 [Worker-27: Building] INFO  o.e.m.c.i.e.AbstractTransferListenerAdapter - Downloaded https://repo.maven.apache.org/maven2/org/unbescape/unbescape/1.1.6.RELEASE/unbescape-1.1.6.RELEASE.pom
2025-03-19 14:38:59,003 [Worker-27: Building] INFO  o.e.m.c.i.e.AbstractTransferListenerAdapter - Downloading https://repo.maven.apache.org/maven2/org/springframework/boot/spring-boot-starter-thymeleaf/3.4.3/spring-boot-starter-thymeleaf-3.4.3.jar
2025-03-19 14:38:59,050 [Worker-27: Building] INFO  o.e.m.c.i.e.AbstractTransferListenerAdapter - Downloaded https://repo.maven.apache.org/maven2/org/springframework/boot/spring-boot-starter-thymeleaf/3.4.3/spring-boot-starter-thymeleaf-3.4.3.jar
2025-03-19 14:38:59,080 [BasicRepositoryConnector-repo.maven.apache.org-5-0] INFO  o.e.m.c.i.e.AbstractTransferListenerAdapter - Downloading https://repo.maven.apache.org/maven2/org/thymeleaf/thymeleaf-spring6/3.1.3.RELEASE/thymeleaf-spring6-3.1.3.RELEASE.jar
2025-03-19 14:38:59,135 [BasicRepositoryConnector-repo.maven.apache.org-5-1] INFO  o.e.m.c.i.e.AbstractTransferListenerAdapter - Downloading https://repo.maven.apache.org/maven2/org/thymeleaf/thymeleaf/3.1.3.RELEASE/thymeleaf-3.1.3.RELEASE.jar
2025-03-19 14:38:59,157 [BasicRepositoryConnector-repo.maven.apache.org-5-2] INFO  o.e.m.c.i.e.AbstractTransferListenerAdapter - Downloading https://repo.maven.apache.org/maven2/org/attoparser/attoparser/2.0.7.RELEASE/attoparser-2.0.7.RELEASE.jar
2025-03-19 14:38:59,160 [BasicRepositoryConnector-repo.maven.apache.org-5-3] INFO  o.e.m.c.i.e.AbstractTransferListenerAdapter - Downloading https://repo.maven.apache.org/maven2/org/unbescape/unbescape/1.1.6.RELEASE/unbescape-1.1.6.RELEASE.jar
2025-03-19 14:38:59,167 [BasicRepositoryConnector-repo.maven.apache.org-5-0] INFO  o.e.m.c.i.e.AbstractTransferListenerAdapter - Downloaded https://repo.maven.apache.org/maven2/org/thymeleaf/thymeleaf-spring6/3.1.3.RELEASE/thymeleaf-spring6-3.1.3.RELEASE.jar
2025-03-19 14:38:59,288 [BasicRepositoryConnector-repo.maven.apache.org-5-3] INFO  o.e.m.c.i.e.AbstractTransferListenerAdapter - Downloaded https://repo.maven.apache.org/maven2/org/unbescape/unbescape/1.1.6.RELEASE/unbescape-1.1.6.RELEASE.jar
2025-03-19 14:38:59,377 [BasicRepositoryConnector-repo.maven.apache.org-5-2] INFO  o.e.m.c.i.e.AbstractTransferListenerAdapter - Downloaded https://repo.maven.apache.org/maven2/org/attoparser/attoparser/2.0.7.RELEASE/attoparser-2.0.7.RELEASE.jar
2025-03-19 14:38:59,618 [BasicRepositoryConnector-repo.maven.apache.org-5-1] INFO  o.e.m.c.i.e.AbstractTransferListenerAdapter - Downloaded https://repo.maven.apache.org/maven2/org/thymeleaf/thymeleaf/3.1.3.RELEASE/thymeleaf-3.1.3.RELEASE.jar
2025-03-19 14:38:59,699 [Worker-27: Building] INFO  o.e.m.c.i.l.LifecycleMappingFactory - Using org.eclipse.m2e.jdt.JarLifecycleMapping lifecycle mapping for MavenProject: com.shopme:ShopmeBackEnd:0.0.1-SNAPSHOT @ C:\ShopmeEcommerce\ShopmeProject\ShopmeWebParent\ShopmeBackEnd\pom.xml.
2025-03-19 14:38:59,960 [Worker-27: Building] INFO  o.e.m.c.i.l.LifecycleMappingFactory - Using org.eclipse.m2e.jdt.JarLifecycleMapping lifecycle mapping for MavenProject: com.example:ShopmeCommon:0.0.1-SNAPSHOT @ C:\ShopmeEcommerce\ShopmeProject\ShopmeCommon\pom.xml.
2025-03-19 14:39:00,053 [Worker-27: Building] INFO  o.e.m.c.i.l.LifecycleMappingFactory - Using NULL lifecycle mapping for MavenProject: com.shopme:ShopmeWebParent:0.0.1-SNAPSHOT @ C:\ShopmeEcommerce\ShopmeProject\ShopmeWebParent\pom.xml.
2025-03-19 14:39:00,149 [Worker-27: Building] INFO  o.e.m.c.i.l.LifecycleMappingFactory - Using org.eclipse.m2e.jdt.JarLifecycleMapping lifecycle mapping for MavenProject: com.shopme:ShopmeBackEnd:0.0.1-SNAPSHOT @ C:\ShopmeEcommerce\ShopmeProject\ShopmeWebParent\ShopmeBackEnd\pom.xml.
2025-03-19 14:39:01,445 [Worker-34: Download sources and javadoc] INFO  o.e.m.c.i.e.AbstractTransferListenerAdapter - Downloading https://repo.maven.apache.org/maven2/org/springframework/boot/spring-boot-starter-thymeleaf/3.4.3/spring-boot-starter-thymeleaf-3.4.3-sources.jar
2025-03-19 14:39:01,457 [Worker-34: Download sources and javadoc] INFO  o.e.m.c.i.e.AbstractTransferListenerAdapter - Downloaded https://repo.maven.apache.org/maven2/org/springframework/boot/spring-boot-starter-thymeleaf/3.4.3/spring-boot-starter-thymeleaf-3.4.3-sources.jar
2025-03-19 14:39:01,461 [Worker-34: Download sources and javadoc] INFO  o.e.m.j.internal.DownloadSourcesJob - Downloaded sources for org.springframework.boot:spring-boot-starter-thymeleaf:3.4.3
2025-03-19 14:39:01,546 [Worker-34: Download sources and javadoc] INFO  o.e.m.c.i.e.AbstractTransferListenerAdapter - Downloading https://repo.maven.apache.org/maven2/org/thymeleaf/thymeleaf-spring6/3.1.3.RELEASE/thymeleaf-spring6-3.1.3.RELEASE-sources.jar
2025-03-19 14:39:01,790 [Worker-34: Download sources and javadoc] INFO  o.e.m.c.i.e.AbstractTransferListenerAdapter - Downloaded https://repo.maven.apache.org/maven2/org/thymeleaf/thymeleaf-spring6/3.1.3.RELEASE/thymeleaf-spring6-3.1.3.RELEASE-sources.jar
2025-03-19 14:39:01,800 [Worker-34: Download sources and javadoc] INFO  o.e.m.j.internal.DownloadSourcesJob - Downloaded sources for org.thymeleaf:thymeleaf-spring6:3.1.3.RELEASE
2025-03-19 14:39:01,872 [Worker-36: Building] INFO  o.a.m.s.f.DefaultMavenResourcesFiltering - Copying 1 resource from src\main\resources to target\classes
2025-03-19 14:39:01,901 [Worker-36: Building] INFO  o.a.m.s.f.DefaultMavenResourcesFiltering - Copying 0 resource from src\main\resources to target\classes
2025-03-19 14:39:01,905 [Worker-36: Building] INFO  o.a.m.s.f.DefaultMavenResourcesFiltering - skip non existing resourceDirectory C:\ShopmeEcommerce\ShopmeProject\ShopmeWebParent\ShopmeBackEnd\src\test\resources
2025-03-19 14:39:01,912 [Worker-34: Download sources and javadoc] INFO  o.e.m.c.i.e.AbstractTransferListenerAdapter - Downloading https://repo.maven.apache.org/maven2/org/thymeleaf/thymeleaf/3.1.3.RELEASE/thymeleaf-3.1.3.RELEASE-sources.jar
2025-03-19 14:39:02,293 [Worker-34: Download sources and javadoc] INFO  o.e.m.c.i.e.AbstractTransferListenerAdapter - Downloaded https://repo.maven.apache.org/maven2/org/thymeleaf/thymeleaf/3.1.3.RELEASE/thymeleaf-3.1.3.RELEASE-sources.jar
2025-03-19 14:39:02,296 [Worker-34: Download sources and javadoc] INFO  o.e.m.j.internal.DownloadSourcesJob - Downloaded sources for org.thymeleaf:thymeleaf:3.1.3.RELEASE
2025-03-19 14:39:02,371 [Worker-34: Download sources and javadoc] INFO  o.e.m.c.i.e.AbstractTransferListenerAdapter - Downloading https://repo.maven.apache.org/maven2/org/attoparser/attoparser/2.0.7.RELEASE/attoparser-2.0.7.RELEASE-sources.jar
2025-03-19 14:39:02,482 [Worker-34: Download sources and javadoc] INFO  o.e.m.c.i.e.AbstractTransferListenerAdapter - Downloaded https://repo.maven.apache.org/maven2/org/attoparser/attoparser/2.0.7.RELEASE/attoparser-2.0.7.RELEASE-sources.jar
2025-03-19 14:39:02,487 [Worker-34: Download sources and javadoc] INFO  o.e.m.j.internal.DownloadSourcesJob - Downloaded sources for org.attoparser:attoparser:2.0.7.RELEASE
2025-03-19 14:39:02,558 [Worker-34: Download sources and javadoc] INFO  o.e.m.c.i.e.AbstractTransferListenerAdapter - Downloading https://repo.maven.apache.org/maven2/org/unbescape/unbescape/1.1.6.RELEASE/unbescape-1.1.6.RELEASE-sources.jar
2025-03-19 14:39:02,668 [Worker-34: Download sources and javadoc] INFO  o.e.m.c.i.e.AbstractTransferListenerAdapter - Downloaded https://repo.maven.apache.org/maven2/org/unbescape/unbescape/1.1.6.RELEASE/unbescape-1.1.6.RELEASE-sources.jar
2025-03-19 14:39:02,671 [Worker-34: Download sources and javadoc] INFO  o.e.m.j.internal.DownloadSourcesJob - Downloaded sources for org.unbescape:unbescape:1.1.6.RELEASE
2025-03-19 14:39:02,675 [Worker-34: Download sources and javadoc] INFO  o.e.m.j.internal.DownloadSourcesJob - Downloaded sources for org.springframework.boot:spring-boot-starter-thymeleaf:3.4.3
2025-03-19 14:39:02,679 [Worker-34: Download sources and javadoc] INFO  o.e.m.j.internal.DownloadSourcesJob - Downloaded sources for org.thymeleaf:thymeleaf-spring6:3.1.3.RELEASE
2025-03-19 14:39:02,685 [Worker-34: Download sources and javadoc] INFO  o.e.m.j.internal.DownloadSourcesJob - Downloaded sources for org.thymeleaf:thymeleaf:3.1.3.RELEASE
2025-03-19 14:39:02,691 [Worker-34: Download sources and javadoc] INFO  o.e.m.j.internal.DownloadSourcesJob - Downloaded sources for org.attoparser:attoparser:2.0.7.RELEASE
2025-03-19 14:39:02,694 [Worker-34: Download sources and javadoc] INFO  o.e.m.j.internal.DownloadSourcesJob - Downloaded sources for org.unbescape:unbescape:1.1.6.RELEASE
2025-03-19 14:39:56,205 [Worker-26: Building] INFO  o.a.m.s.f.DefaultMavenResourcesFiltering - Copying 1 resource from src\main\resources to target\classes
2025-03-19 14:39:56,209 [Worker-26: Building] INFO  o.a.m.s.f.DefaultMavenResourcesFiltering - Copying 0 resource from src\main\resources to target\classes
2025-03-19 14:39:56,212 [Worker-26: Building] INFO  o.a.m.s.f.DefaultMavenResourcesFiltering - skip non existing resourceDirectory C:\ShopmeEcommerce\ShopmeProject\ShopmeWebParent\ShopmeBackEnd\src\test\resources
2025-03-19 14:40:43,816 [Worker-34: Building] INFO  o.a.m.s.f.DefaultMavenResourcesFiltering - Copying 1 resource from src\main\resources to target\classes
2025-03-19 14:40:43,832 [Worker-34: Building] INFO  o.a.m.s.f.DefaultMavenResourcesFiltering - Copying 0 resource from src\main\resources to target\classes
2025-03-19 14:40:43,835 [Worker-34: Building] INFO  o.a.m.s.f.DefaultMavenResourcesFiltering - skip non existing resourceDirectory C:\ShopmeEcommerce\ShopmeProject\ShopmeWebParent\ShopmeBackEnd\src\test\resources
2025-03-19 14:41:50,252 [Worker-27: Building] INFO  o.a.m.s.f.DefaultMavenResourcesFiltering - Copying 1 resource from src\main\resources to target\classes
2025-03-19 14:41:50,262 [Worker-27: Building] INFO  o.a.m.s.f.DefaultMavenResourcesFiltering - Copying 0 resource from src\main\resources to target\classes
2025-03-19 14:41:50,268 [Worker-27: Building] INFO  o.a.m.s.f.DefaultMavenResourcesFiltering - skip non existing resourceDirectory C:\ShopmeEcommerce\ShopmeProject\ShopmeWebParent\ShopmeBackEnd\src\test\resources
2025-03-19 14:49:47,614 [Worker-1: Loading available Gradle versions] INFO  o.e.b.c.i.u.g.PublishedGradleVersions - Gradle version information cache is up-to-date. Trying to read.
2025-03-19 14:49:53,617 [Worker-4: Building] INFO  o.a.m.s.f.DefaultMavenResourcesFiltering - Copying 1 resource from src\main\resources to target\classes
2025-03-19 14:49:53,665 [Worker-4: Building] INFO  o.a.m.s.f.DefaultMavenResourcesFiltering - Copying 0 resource from src\main\resources to target\classes
2025-03-19 14:49:53,679 [Worker-4: Building] INFO  o.a.m.s.f.DefaultMavenResourcesFiltering - skip non existing resourceDirectory C:\ShopmeEcommerce\ShopmeProject\ShopmeWebParent\ShopmeBackEnd\src\test\resources
2025-03-19 14:51:58,745 [Worker-6: Loading available Gradle versions] INFO  o.e.b.c.i.u.g.PublishedGradleVersions - Gradle version information cache is up-to-date. Trying to read.
2025-03-19 14:53:34,962 [Worker-7: Building] INFO  o.a.m.s.f.DefaultMavenResourcesFiltering - Copying 1 resource from src\main\resources to target\classes
2025-03-19 14:53:34,995 [Worker-7: Building] INFO  o.a.m.s.f.DefaultMavenResourcesFiltering - Copying 1 resource from src\main\resources to target\classes
2025-03-19 14:53:35,009 [Worker-7: Building] INFO  o.a.m.s.f.DefaultMavenResourcesFiltering - skip non existing resourceDirectory C:\ShopmeEcommerce\ShopmeProject\ShopmeWebParent\ShopmeBackEnd\src\test\resources
2025-03-19 14:54:54,801 [Worker-8: Building] INFO  o.a.m.s.f.DefaultMavenResourcesFiltering - Copying 0 resource from src\main\resources to target\classes
2025-03-19 14:54:54,808 [Worker-8: Building] INFO  o.a.m.s.f.DefaultMavenResourcesFiltering - Copying 1 resource from src\main\resources to target\classes
2025-03-19 14:54:54,815 [Worker-8: Building] INFO  o.a.m.s.f.DefaultMavenResourcesFiltering - skip non existing resourceDirectory C:\ShopmeEcommerce\ShopmeProject\ShopmeWebParent\ShopmeBackEnd\src\test\resources
2025-03-19 15:00:08,142 [Worker-6: Import Getting Started Content] INFO  o.e.m.c.i.l.LifecycleMappingFactory - Using org.eclipse.m2e.jdt.JarLifecycleMapping lifecycle mapping for MavenProject: com.shopme:ShopmeFrontEnd:0.0.1-SNAPSHOT @ C:\ShopmeEcommerce\ShopmeProject\ShopmeWebParent\ShopmeFrontEnd\pom.xml.
2025-03-19 15:00:08,889 [Worker-6: Import Getting Started Content] INFO  o.e.m.j.i.AbstractJavaProjectConfigurator - Adding source folder /ShopmeFrontEnd/src/main/java
2025-03-19 15:00:08,892 [Worker-6: Import Getting Started Content] INFO  o.e.m.j.i.AbstractJavaProjectConfigurator - Adding resource folder /ShopmeFrontEnd/src/main/resources
2025-03-19 15:00:08,898 [Worker-6: Import Getting Started Content] INFO  o.e.m.j.i.AbstractJavaProjectConfigurator - Adding resource folder /ShopmeFrontEnd/src/main/resources
2025-03-19 15:00:08,903 [Worker-6: Import Getting Started Content] INFO  o.e.m.j.i.AbstractJavaProjectConfigurator - Adding source folder /ShopmeFrontEnd/src/test/java
2025-03-19 15:00:08,905 [Worker-6: Import Getting Started Content] INFO  o.e.m.j.i.AbstractJavaProjectConfigurator - Adding resource folder /ShopmeFrontEnd/src/test/resources
2025-03-19 15:00:09,291 [Worker-6: Import Getting Started Content] INFO  o.e.m.c.i.p.ProjectConfigurationManager - Imported and configured 1 project(s) in 1 sec
2025-03-19 15:00:09,296 [Worker-6: Import Getting Started Content] INFO  o.e.m.c.i.p.ProjectConfigurationManager - Update started
2025-03-19 15:00:09,715 [Worker-6: Import Getting Started Content] INFO  o.e.m.c.i.l.LifecycleMappingFactory - Using org.eclipse.m2e.jdt.JarLifecycleMapping lifecycle mapping for MavenProject: com.shopme:ShopmeFrontEnd:0.0.1-SNAPSHOT @ C:\ShopmeEcommerce\ShopmeProject\ShopmeWebParent\ShopmeFrontEnd\pom.xml.
2025-03-19 15:00:10,061 [Worker-6: Import Getting Started Content] INFO  o.e.m.j.i.AbstractJavaProjectConfigurator - Adding source folder /ShopmeFrontEnd/src/main/java
2025-03-19 15:00:10,062 [Worker-6: Import Getting Started Content] INFO  o.e.m.j.i.AbstractJavaProjectConfigurator - Adding resource folder /ShopmeFrontEnd/src/main/resources
2025-03-19 15:00:10,063 [Worker-6: Import Getting Started Content] INFO  o.e.m.j.i.AbstractJavaProjectConfigurator - Adding resource folder /ShopmeFrontEnd/src/main/resources
2025-03-19 15:00:10,064 [Worker-6: Import Getting Started Content] INFO  o.e.m.j.i.AbstractJavaProjectConfigurator - Adding source folder /ShopmeFrontEnd/src/test/java
2025-03-19 15:00:10,065 [Worker-6: Import Getting Started Content] INFO  o.e.m.j.i.AbstractJavaProjectConfigurator - Adding resource folder /ShopmeFrontEnd/src/test/resources
2025-03-19 15:00:10,253 [Worker-6: Import Getting Started Content] INFO  o.e.m.c.i.p.ProjectConfigurationManager - Update completed for 1 poms: local refresh takes 0.00 sec, refresh facades takes 0.00 sec, update config takes 0.00 sec 
2025-03-19 15:00:10,716 [Worker-3: Building] INFO  o.a.m.s.f.DefaultMavenResourcesFiltering - Copying 1 resource from src\main\resources to target\classes
2025-03-19 15:00:10,753 [Worker-3: Building] INFO  o.a.m.s.f.DefaultMavenResourcesFiltering - Copying 0 resource from src\main\resources to target\classes
2025-03-19 15:00:10,758 [Worker-3: Building] INFO  o.a.m.s.f.DefaultMavenResourcesFiltering - skip non existing resourceDirectory C:\ShopmeEcommerce\ShopmeProject\ShopmeWebParent\ShopmeFrontEnd\src\test\resources
2025-03-19 15:01:18,192 [Worker-4: Building] INFO  o.e.m.c.i.l.LifecycleMappingFactory - Using org.eclipse.m2e.jdt.JarLifecycleMapping lifecycle mapping for MavenProject: com.shopme:ShopmeFrontEnd:0.0.1-SNAPSHOT @ C:\ShopmeEcommerce\ShopmeProject\ShopmeWebParent\ShopmeFrontEnd\pom.xml.
2025-03-19 15:01:18,848 [Worker-4: Building] INFO  o.a.m.s.f.DefaultMavenResourcesFiltering - Copying 0 resource from src\main\resources to target\classes
2025-03-19 15:01:18,850 [Worker-4: Building] INFO  o.a.m.s.f.DefaultMavenResourcesFiltering - Copying 0 resource from src\main\resources to target\classes
2025-03-19 15:01:18,855 [Worker-4: Building] INFO  o.a.m.s.f.DefaultMavenResourcesFiltering - skip non existing resourceDirectory C:\ShopmeEcommerce\ShopmeProject\ShopmeWebParent\ShopmeFrontEnd\src\test\resources
2025-03-19 15:01:20,074 [Worker-5: Building] INFO  o.a.m.s.f.DefaultMavenResourcesFiltering - Copying 1 resource from src\main\resources to target\classes
2025-03-19 15:01:20,085 [Worker-5: Building] INFO  o.a.m.s.f.DefaultMavenResourcesFiltering - Copying 0 resource from src\main\resources to target\classes
2025-03-19 15:01:20,088 [Worker-5: Building] INFO  o.a.m.s.f.DefaultMavenResourcesFiltering - skip non existing resourceDirectory C:\ShopmeEcommerce\ShopmeProject\ShopmeWebParent\ShopmeFrontEnd\src\test\resources
2025-03-19 15:01:50,569 [Worker-14: Building] INFO  o.e.m.c.i.l.LifecycleMappingFactory - Using org.eclipse.m2e.jdt.JarLifecycleMapping lifecycle mapping for MavenProject: com.shopme:ShopmeFrontEnd:0.0.1-SNAPSHOT @ C:\ShopmeEcommerce\ShopmeProject\ShopmeWebParent\ShopmeFrontEnd\pom.xml.
2025-03-19 15:01:51,096 [Worker-14: Building] INFO  o.a.m.s.f.DefaultMavenResourcesFiltering - Copying 0 resource from src\main\resources to target\classes
2025-03-19 15:01:51,098 [Worker-14: Building] INFO  o.a.m.s.f.DefaultMavenResourcesFiltering - Copying 0 resource from src\main\resources to target\classes
2025-03-19 15:01:51,102 [Worker-14: Building] INFO  o.a.m.s.f.DefaultMavenResourcesFiltering - skip non existing resourceDirectory C:\ShopmeEcommerce\ShopmeProject\ShopmeWebParent\ShopmeFrontEnd\src\test\resources
2025-03-19 15:01:52,339 [Worker-4: Building] INFO  o.a.m.s.f.DefaultMavenResourcesFiltering - Copying 1 resource from src\main\resources to target\classes
2025-03-19 15:01:52,351 [Worker-4: Building] INFO  o.a.m.s.f.DefaultMavenResourcesFiltering - Copying 0 resource from src\main\resources to target\classes
2025-03-19 15:01:52,355 [Worker-4: Building] INFO  o.a.m.s.f.DefaultMavenResourcesFiltering - skip non existing resourceDirectory C:\ShopmeEcommerce\ShopmeProject\ShopmeWebParent\ShopmeFrontEnd\src\test\resources
2025-03-19 15:03:12,232 [Worker-14: Building] INFO  o.a.m.s.f.DefaultMavenResourcesFiltering - Copying 1 resource from src\main\resources to target\classes
2025-03-19 15:03:12,237 [Worker-14: Building] INFO  o.a.m.s.f.DefaultMavenResourcesFiltering - Copying 0 resource from src\main\resources to target\classes
2025-03-19 15:03:12,243 [Worker-14: Building] INFO  o.a.m.s.f.DefaultMavenResourcesFiltering - skip non existing resourceDirectory C:\ShopmeEcommerce\ShopmeProject\ShopmeWebParent\ShopmeFrontEnd\src\test\resources
2025-03-19 15:03:43,515 [Worker-17: Building] INFO  o.a.m.s.f.DefaultMavenResourcesFiltering - Copying 1 resource from src\main\resources to target\classes
2025-03-19 15:03:43,521 [Worker-17: Building] INFO  o.a.m.s.f.DefaultMavenResourcesFiltering - Copying 0 resource from src\main\resources to target\classes
2025-03-19 15:03:43,525 [Worker-17: Building] INFO  o.a.m.s.f.DefaultMavenResourcesFiltering - skip non existing resourceDirectory C:\ShopmeEcommerce\ShopmeProject\ShopmeWebParent\ShopmeFrontEnd\src\test\resources
2025-03-19 15:04:13,945 [Worker-3: Building] INFO  o.a.m.s.f.DefaultMavenResourcesFiltering - Copying 0 resource from src\main\resources to target\classes
2025-03-19 15:04:13,946 [Worker-3: Building] INFO  o.a.m.s.f.DefaultMavenResourcesFiltering - Copying 1 resource from src\main\resources to target\classes
2025-03-19 15:04:13,952 [Worker-3: Building] INFO  o.a.m.s.f.DefaultMavenResourcesFiltering - skip non existing resourceDirectory C:\ShopmeEcommerce\ShopmeProject\ShopmeWebParent\ShopmeFrontEnd\src\test\resources
2025-03-19 15:04:45,490 [Worker-10: Building] INFO  o.a.m.s.f.DefaultMavenResourcesFiltering - Copying 0 resource from src\main\resources to target\classes
2025-03-19 15:04:45,490 [Worker-10: Building] INFO  o.a.m.s.f.DefaultMavenResourcesFiltering - Copying 1 resource from src\main\resources to target\classes
2025-03-19 15:04:45,494 [Worker-10: Building] INFO  o.a.m.s.f.DefaultMavenResourcesFiltering - skip non existing resourceDirectory C:\ShopmeEcommerce\ShopmeProject\ShopmeWebParent\ShopmeFrontEnd\src\test\resources
2025-03-19 15:05:29,297 [Worker-7: Building] INFO  o.a.m.s.f.DefaultMavenResourcesFiltering - Copying 1 resource from src\main\resources to target\classes
2025-03-19 15:05:29,305 [Worker-7: Building] INFO  o.a.m.s.f.DefaultMavenResourcesFiltering - Copying 1 resource from src\main\resources to target\classes
2025-03-19 15:05:29,309 [Worker-7: Building] INFO  o.a.m.s.f.DefaultMavenResourcesFiltering - skip non existing resourceDirectory C:\ShopmeEcommerce\ShopmeProject\ShopmeWebParent\ShopmeFrontEnd\src\test\resources
2025-03-19 15:06:00,875 [Worker-17: Building] INFO  o.a.m.s.f.DefaultMavenResourcesFiltering - Copying 1 resource from src\main\resources to target\classes
2025-03-19 15:06:00,885 [Worker-17: Building] INFO  o.a.m.s.f.DefaultMavenResourcesFiltering - Copying 1 resource from src\main\resources to target\classes
2025-03-19 15:06:00,888 [Worker-17: Building] INFO  o.a.m.s.f.DefaultMavenResourcesFiltering - skip non existing resourceDirectory C:\ShopmeEcommerce\ShopmeProject\ShopmeWebParent\ShopmeFrontEnd\src\test\resources
2025-03-19 15:08:01,286 [Worker-3: Launching Executing install in C__ShopmeEcommerce_ShopmeProject] INFO  o.eclipse.m2e.core.internal.Bundles - getClasspathEntries(Bundle=org.eclipse.m2e.maven.runtime_3.9.900.20250220-2013 [361])
2025-03-19 15:08:01,288 [Worker-3: Launching Executing install in C__ShopmeEcommerce_ShopmeProject] INFO  o.eclipse.m2e.core.internal.Bundles - 	Entry: C:\Users\enriq\Java\STS4\sts-4.29.1.RELEASE\plugins\org.eclipse.m2e.maven.runtime_3.9.900.20250220-2013
2025-03-19 15:08:01,289 [Worker-3: Launching Executing install in C__ShopmeEcommerce_ShopmeProject] INFO  o.eclipse.m2e.core.internal.Bundles - 	Entry: C:\Users\enriq\Java\STS4\sts-4.29.1.RELEASE\plugins\org.eclipse.m2e.maven.runtime_3.9.900.20250220-2013\jars\aopalliance-1.0.jar
2025-03-19 15:08:01,289 [Worker-3: Launching Executing install in C__ShopmeEcommerce_ShopmeProject] INFO  o.eclipse.m2e.core.internal.Bundles - 	Entry: C:\Users\enriq\Java\STS4\sts-4.29.1.RELEASE\plugins\org.eclipse.m2e.maven.runtime_3.9.900.20250220-2013\jars\guice-5.1.0.jar
2025-03-19 15:08:01,289 [Worker-3: Launching Executing install in C__ShopmeEcommerce_ShopmeProject] INFO  o.eclipse.m2e.core.internal.Bundles - 	Entry: C:\Users\enriq\Java\STS4\sts-4.29.1.RELEASE\plugins\org.eclipse.m2e.maven.runtime_3.9.900.20250220-2013\jars\httpclient-4.5.14.jar
2025-03-19 15:08:01,289 [Worker-3: Launching Executing install in C__ShopmeEcommerce_ShopmeProject] INFO  o.eclipse.m2e.core.internal.Bundles - 	Entry: C:\Users\enriq\Java\STS4\sts-4.29.1.RELEASE\plugins\org.eclipse.m2e.maven.runtime_3.9.900.20250220-2013\jars\httpcore-4.4.16.jar
2025-03-19 15:08:01,289 [Worker-3: Launching Executing install in C__ShopmeEcommerce_ShopmeProject] INFO  o.eclipse.m2e.core.internal.Bundles - 	Entry: C:\Users\enriq\Java\STS4\sts-4.29.1.RELEASE\plugins\org.eclipse.m2e.maven.runtime_3.9.900.20250220-2013\jars\jansi-2.4.1.jar
2025-03-19 15:08:01,290 [Worker-3: Launching Executing install in C__ShopmeEcommerce_ShopmeProject] INFO  o.eclipse.m2e.core.internal.Bundles - 	Entry: C:\Users\enriq\Java\STS4\sts-4.29.1.RELEASE\plugins\org.eclipse.m2e.maven.runtime_3.9.900.20250220-2013\jars\jcl-over-slf4j-1.7.36.jar
2025-03-19 15:08:01,290 [Worker-3: Launching Executing install in C__ShopmeEcommerce_ShopmeProject] INFO  o.eclipse.m2e.core.internal.Bundles - 	Entry: C:\Users\enriq\Java\STS4\sts-4.29.1.RELEASE\plugins\org.eclipse.m2e.maven.runtime_3.9.900.20250220-2013\jars\maven-artifact-3.9.9.jar
2025-03-19 15:08:01,290 [Worker-3: Launching Executing install in C__ShopmeEcommerce_ShopmeProject] INFO  o.eclipse.m2e.core.internal.Bundles - 	Entry: C:\Users\enriq\Java\STS4\sts-4.29.1.RELEASE\plugins\org.eclipse.m2e.maven.runtime_3.9.900.20250220-2013\jars\maven-builder-support-3.9.9.jar
2025-03-19 15:08:01,290 [Worker-3: Launching Executing install in C__ShopmeEcommerce_ShopmeProject] INFO  o.eclipse.m2e.core.internal.Bundles - 	Entry: C:\Users\enriq\Java\STS4\sts-4.29.1.RELEASE\plugins\org.eclipse.m2e.maven.runtime_3.9.900.20250220-2013\jars\maven-compat-3.9.9.jar
2025-03-19 15:08:01,290 [Worker-3: Launching Executing install in C__ShopmeEcommerce_ShopmeProject] INFO  o.eclipse.m2e.core.internal.Bundles - 	Entry: C:\Users\enriq\Java\STS4\sts-4.29.1.RELEASE\plugins\org.eclipse.m2e.maven.runtime_3.9.900.20250220-2013\jars\maven-core-3.9.9.jar
2025-03-19 15:08:01,290 [Worker-3: Launching Executing install in C__ShopmeEcommerce_ShopmeProject] INFO  o.eclipse.m2e.core.internal.Bundles - 	Entry: C:\Users\enriq\Java\STS4\sts-4.29.1.RELEASE\plugins\org.eclipse.m2e.maven.runtime_3.9.900.20250220-2013\jars\maven-embedder-3.9.9.jar
2025-03-19 15:08:01,291 [Worker-3: Launching Executing install in C__ShopmeEcommerce_ShopmeProject] INFO  o.eclipse.m2e.core.internal.Bundles - 	Entry: C:\Users\enriq\Java\STS4\sts-4.29.1.RELEASE\plugins\org.eclipse.m2e.maven.runtime_3.9.900.20250220-2013\jars\maven-model-3.9.9.jar
2025-03-19 15:08:01,291 [Worker-3: Launching Executing install in C__ShopmeEcommerce_ShopmeProject] INFO  o.eclipse.m2e.core.internal.Bundles - 	Entry: C:\Users\enriq\Java\STS4\sts-4.29.1.RELEASE\plugins\org.eclipse.m2e.maven.runtime_3.9.900.20250220-2013\jars\maven-model-builder-3.9.9.jar
2025-03-19 15:08:01,291 [Worker-3: Launching Executing install in C__ShopmeEcommerce_ShopmeProject] INFO  o.eclipse.m2e.core.internal.Bundles - 	Entry: C:\Users\enriq\Java\STS4\sts-4.29.1.RELEASE\plugins\org.eclipse.m2e.maven.runtime_3.9.900.20250220-2013\jars\maven-plugin-api-3.9.9.jar
2025-03-19 15:08:01,291 [Worker-3: Launching Executing install in C__ShopmeEcommerce_ShopmeProject] INFO  o.eclipse.m2e.core.internal.Bundles - 	Entry: C:\Users\enriq\Java\STS4\sts-4.29.1.RELEASE\plugins\org.eclipse.m2e.maven.runtime_3.9.900.20250220-2013\jars\maven-repository-metadata-3.9.9.jar
2025-03-19 15:08:01,291 [Worker-3: Launching Executing install in C__ShopmeEcommerce_ShopmeProject] INFO  o.eclipse.m2e.core.internal.Bundles - 	Entry: C:\Users\enriq\Java\STS4\sts-4.29.1.RELEASE\plugins\org.eclipse.m2e.maven.runtime_3.9.900.20250220-2013\jars\maven-resolver-api-1.9.22.jar
2025-03-19 15:08:01,291 [Worker-3: Launching Executing install in C__ShopmeEcommerce_ShopmeProject] INFO  o.eclipse.m2e.core.internal.Bundles - 	Entry: C:\Users\enriq\Java\STS4\sts-4.29.1.RELEASE\plugins\org.eclipse.m2e.maven.runtime_3.9.900.20250220-2013\jars\maven-resolver-connector-basic-1.9.22.jar
2025-03-19 15:08:01,293 [Worker-3: Launching Executing install in C__ShopmeEcommerce_ShopmeProject] INFO  o.eclipse.m2e.core.internal.Bundles - 	Entry: C:\Users\enriq\Java\STS4\sts-4.29.1.RELEASE\plugins\org.eclipse.m2e.maven.runtime_3.9.900.20250220-2013\jars\maven-resolver-impl-1.9.22.jar
2025-03-19 15:08:01,299 [Worker-3: Launching Executing install in C__ShopmeEcommerce_ShopmeProject] INFO  o.eclipse.m2e.core.internal.Bundles - 	Entry: C:\Users\enriq\Java\STS4\sts-4.29.1.RELEASE\plugins\org.eclipse.m2e.maven.runtime_3.9.900.20250220-2013\jars\maven-resolver-named-locks-1.9.22.jar
2025-03-19 15:08:01,299 [Worker-3: Launching Executing install in C__ShopmeEcommerce_ShopmeProject] INFO  o.eclipse.m2e.core.internal.Bundles - 	Entry: C:\Users\enriq\Java\STS4\sts-4.29.1.RELEASE\plugins\org.eclipse.m2e.maven.runtime_3.9.900.20250220-2013\jars\maven-resolver-provider-3.9.9.jar
2025-03-19 15:08:01,299 [Worker-3: Launching Executing install in C__ShopmeEcommerce_ShopmeProject] INFO  o.eclipse.m2e.core.internal.Bundles - 	Entry: C:\Users\enriq\Java\STS4\sts-4.29.1.RELEASE\plugins\org.eclipse.m2e.maven.runtime_3.9.900.20250220-2013\jars\maven-resolver-spi-1.9.22.jar
2025-03-19 15:08:01,300 [Worker-3: Launching Executing install in C__ShopmeEcommerce_ShopmeProject] INFO  o.eclipse.m2e.core.internal.Bundles - 	Entry: C:\Users\enriq\Java\STS4\sts-4.29.1.RELEASE\plugins\org.eclipse.m2e.maven.runtime_3.9.900.20250220-2013\jars\maven-resolver-transport-file-1.9.22.jar
2025-03-19 15:08:01,300 [Worker-3: Launching Executing install in C__ShopmeEcommerce_ShopmeProject] INFO  o.eclipse.m2e.core.internal.Bundles - 	Entry: C:\Users\enriq\Java\STS4\sts-4.29.1.RELEASE\plugins\org.eclipse.m2e.maven.runtime_3.9.900.20250220-2013\jars\maven-resolver-transport-http-1.9.22.jar
2025-03-19 15:08:01,300 [Worker-3: Launching Executing install in C__ShopmeEcommerce_ShopmeProject] INFO  o.eclipse.m2e.core.internal.Bundles - 	Entry: C:\Users\enriq\Java\STS4\sts-4.29.1.RELEASE\plugins\org.eclipse.m2e.maven.runtime_3.9.900.20250220-2013\jars\maven-resolver-transport-wagon-1.9.22.jar
2025-03-19 15:08:01,300 [Worker-3: Launching Executing install in C__ShopmeEcommerce_ShopmeProject] INFO  o.eclipse.m2e.core.internal.Bundles - 	Entry: C:\Users\enriq\Java\STS4\sts-4.29.1.RELEASE\plugins\org.eclipse.m2e.maven.runtime_3.9.900.20250220-2013\jars\maven-resolver-util-1.9.22.jar
2025-03-19 15:08:01,300 [Worker-3: Launching Executing install in C__ShopmeEcommerce_ShopmeProject] INFO  o.eclipse.m2e.core.internal.Bundles - 	Entry: C:\Users\enriq\Java\STS4\sts-4.29.1.RELEASE\plugins\org.eclipse.m2e.maven.runtime_3.9.900.20250220-2013\jars\maven-settings-3.9.9.jar
2025-03-19 15:08:01,300 [Worker-3: Launching Executing install in C__ShopmeEcommerce_ShopmeProject] INFO  o.eclipse.m2e.core.internal.Bundles - 	Entry: C:\Users\enriq\Java\STS4\sts-4.29.1.RELEASE\plugins\org.eclipse.m2e.maven.runtime_3.9.900.20250220-2013\jars\maven-settings-builder-3.9.9.jar
2025-03-19 15:08:01,301 [Worker-3: Launching Executing install in C__ShopmeEcommerce_ShopmeProject] INFO  o.eclipse.m2e.core.internal.Bundles - 	Entry: C:\Users\enriq\Java\STS4\sts-4.29.1.RELEASE\plugins\org.eclipse.m2e.maven.runtime_3.9.900.20250220-2013\jars\maven-shared-utils-3.4.2.jar
2025-03-19 15:08:01,301 [Worker-3: Launching Executing install in C__ShopmeEcommerce_ShopmeProject] INFO  o.eclipse.m2e.core.internal.Bundles - 	Entry: C:\Users\enriq\Java\STS4\sts-4.29.1.RELEASE\plugins\org.eclipse.m2e.maven.runtime_3.9.900.20250220-2013\jars\org.eclipse.sisu.inject-0.9.0.M3.jar
2025-03-19 15:08:01,301 [Worker-3: Launching Executing install in C__ShopmeEcommerce_ShopmeProject] INFO  o.eclipse.m2e.core.internal.Bundles - 	Entry: C:\Users\enriq\Java\STS4\sts-4.29.1.RELEASE\plugins\org.eclipse.m2e.maven.runtime_3.9.900.20250220-2013\jars\org.eclipse.sisu.plexus-0.9.0.M3.jar
2025-03-19 15:08:01,301 [Worker-3: Launching Executing install in C__ShopmeEcommerce_ShopmeProject] INFO  o.eclipse.m2e.core.internal.Bundles - 	Entry: C:\Users\enriq\Java\STS4\sts-4.29.1.RELEASE\plugins\org.eclipse.m2e.maven.runtime_3.9.900.20250220-2013\jars\plexus-build-api-0.0.7.jar
2025-03-19 15:08:01,301 [Worker-3: Launching Executing install in C__ShopmeEcommerce_ShopmeProject] INFO  o.eclipse.m2e.core.internal.Bundles - 	Entry: C:\Users\enriq\Java\STS4\sts-4.29.1.RELEASE\plugins\org.eclipse.m2e.maven.runtime_3.9.900.20250220-2013\jars\plexus-build-api-1.2.0.jar
2025-03-19 15:08:01,301 [Worker-3: Launching Executing install in C__ShopmeEcommerce_ShopmeProject] INFO  o.eclipse.m2e.core.internal.Bundles - 	Entry: C:\Users\enriq\Java\STS4\sts-4.29.1.RELEASE\plugins\org.eclipse.m2e.maven.runtime_3.9.900.20250220-2013\jars\plexus-cipher-2.0.jar
2025-03-19 15:08:01,301 [Worker-3: Launching Executing install in C__ShopmeEcommerce_ShopmeProject] INFO  o.eclipse.m2e.core.internal.Bundles - 	Entry: C:\Users\enriq\Java\STS4\sts-4.29.1.RELEASE\plugins\org.eclipse.m2e.maven.runtime_3.9.900.20250220-2013\jars\plexus-classworlds-2.8.0.jar
2025-03-19 15:08:01,301 [Worker-3: Launching Executing install in C__ShopmeEcommerce_ShopmeProject] INFO  o.eclipse.m2e.core.internal.Bundles - 	Entry: C:\Users\enriq\Java\STS4\sts-4.29.1.RELEASE\plugins\org.eclipse.m2e.maven.runtime_3.9.900.20250220-2013\jars\plexus-component-annotations-2.1.0.jar
2025-03-19 15:08:01,301 [Worker-3: Launching Executing install in C__ShopmeEcommerce_ShopmeProject] INFO  o.eclipse.m2e.core.internal.Bundles - 	Entry: C:\Users\enriq\Java\STS4\sts-4.29.1.RELEASE\plugins\org.eclipse.m2e.maven.runtime_3.9.900.20250220-2013\jars\plexus-interpolation-1.27.jar
2025-03-19 15:08:01,301 [Worker-3: Launching Executing install in C__ShopmeEcommerce_ShopmeProject] INFO  o.eclipse.m2e.core.internal.Bundles - 	Entry: C:\Users\enriq\Java\STS4\sts-4.29.1.RELEASE\plugins\org.eclipse.m2e.maven.runtime_3.9.900.20250220-2013\jars\plexus-sec-dispatcher-2.0.jar
2025-03-19 15:08:01,303 [Worker-3: Launching Executing install in C__ShopmeEcommerce_ShopmeProject] INFO  o.eclipse.m2e.core.internal.Bundles - 	Entry: C:\Users\enriq\Java\STS4\sts-4.29.1.RELEASE\plugins\org.eclipse.m2e.maven.runtime_3.9.900.20250220-2013\jars\plexus-utils-3.5.1.jar
2025-03-19 15:08:01,304 [Worker-3: Launching Executing install in C__ShopmeEcommerce_ShopmeProject] INFO  o.eclipse.m2e.core.internal.Bundles - 	Entry: C:\Users\enriq\Java\STS4\sts-4.29.1.RELEASE\plugins\org.eclipse.m2e.maven.runtime_3.9.900.20250220-2013\jars\plexus-xml-3.0.1.jar
2025-03-19 15:08:01,304 [Worker-3: Launching Executing install in C__ShopmeEcommerce_ShopmeProject] INFO  o.eclipse.m2e.core.internal.Bundles - 	Entry: C:\Users\enriq\Java\STS4\sts-4.29.1.RELEASE\plugins\org.eclipse.m2e.maven.runtime_3.9.900.20250220-2013\jars\wagon-file-3.5.3.jar
2025-03-19 15:08:01,304 [Worker-3: Launching Executing install in C__ShopmeEcommerce_ShopmeProject] INFO  o.eclipse.m2e.core.internal.Bundles - 	Entry: C:\Users\enriq\Java\STS4\sts-4.29.1.RELEASE\plugins\org.eclipse.m2e.maven.runtime_3.9.900.20250220-2013\jars\wagon-http-3.5.3.jar
2025-03-19 15:08:01,304 [Worker-3: Launching Executing install in C__ShopmeEcommerce_ShopmeProject] INFO  o.eclipse.m2e.core.internal.Bundles - 	Entry: C:\Users\enriq\Java\STS4\sts-4.29.1.RELEASE\plugins\org.eclipse.m2e.maven.runtime_3.9.900.20250220-2013\jars\wagon-http-shared-3.5.3.jar
2025-03-19 15:08:01,304 [Worker-3: Launching Executing install in C__ShopmeEcommerce_ShopmeProject] INFO  o.eclipse.m2e.core.internal.Bundles - 	Entry: C:\Users\enriq\Java\STS4\sts-4.29.1.RELEASE\plugins\org.eclipse.m2e.maven.runtime_3.9.900.20250220-2013\jars\wagon-provider-api-3.5.3.jar
2025-03-19 15:08:01,311 [Worker-3: Launching Executing install in C__ShopmeEcommerce_ShopmeProject] INFO  o.eclipse.m2e.core.internal.Bundles - getClasspathEntries(Bundle=com.google.guava_33.4.0.jre [29])
2025-03-19 15:08:01,312 [Worker-3: Launching Executing install in C__ShopmeEcommerce_ShopmeProject] INFO  o.eclipse.m2e.core.internal.Bundles - 	Entry: C:\Users\enriq\Java\STS4\sts-4.29.1.RELEASE\plugins\com.google.guava_33.4.0.jre.jar
2025-03-19 15:08:01,312 [Worker-3: Launching Executing install in C__ShopmeEcommerce_ShopmeProject] INFO  o.eclipse.m2e.core.internal.Bundles - getClasspathEntries(Bundle=slf4j.api_2.0.17 [608])
2025-03-19 15:08:01,313 [Worker-3: Launching Executing install in C__ShopmeEcommerce_ShopmeProject] INFO  o.eclipse.m2e.core.internal.Bundles - 	Entry: C:\Users\enriq\Java\STS4\sts-4.29.1.RELEASE\plugins\slf4j.api_2.0.17.jar
2025-03-19 15:08:01,313 [Worker-3: Launching Executing install in C__ShopmeEcommerce_ShopmeProject] INFO  o.eclipse.m2e.core.internal.Bundles - getClasspathEntries(Bundle=jakarta.inject.jakarta.inject-api_1.0.5 [45])
2025-03-19 15:08:01,313 [Worker-3: Launching Executing install in C__ShopmeEcommerce_ShopmeProject] INFO  o.eclipse.m2e.core.internal.Bundles - 	Entry: C:\Users\enriq\Java\STS4\sts-4.29.1.RELEASE\plugins\jakarta.inject.jakarta.inject-api_1.0.5.jar
2025-03-19 15:08:01,313 [Worker-3: Launching Executing install in C__ShopmeEcommerce_ShopmeProject] INFO  o.eclipse.m2e.core.internal.Bundles - getClasspathEntries(Bundle=jakarta.annotation-api_1.3.5 [41])
2025-03-19 15:08:01,313 [Worker-3: Launching Executing install in C__ShopmeEcommerce_ShopmeProject] INFO  o.eclipse.m2e.core.internal.Bundles - 	Entry: C:\Users\enriq\Java\STS4\sts-4.29.1.RELEASE\plugins\jakarta.annotation-api_1.3.5.jar
2025-03-19 15:08:01,313 [Worker-3: Launching Executing install in C__ShopmeEcommerce_ShopmeProject] INFO  o.eclipse.m2e.core.internal.Bundles - getClasspathEntries(Bundle=org.apache.commons.cli_1.9.0 [77])
2025-03-19 15:08:01,314 [Worker-3: Launching Executing install in C__ShopmeEcommerce_ShopmeProject] INFO  o.eclipse.m2e.core.internal.Bundles - 	Entry: C:\Users\enriq\Java\STS4\sts-4.29.1.RELEASE\plugins\org.apache.commons.cli_1.9.0.jar
2025-03-19 15:08:01,314 [Worker-3: Launching Executing install in C__ShopmeEcommerce_ShopmeProject] INFO  o.eclipse.m2e.core.internal.Bundles - getClasspathEntries(Bundle=org.apache.commons.commons-codec_1.16.0 [79])
2025-03-19 15:08:01,314 [Worker-3: Launching Executing install in C__ShopmeEcommerce_ShopmeProject] INFO  o.eclipse.m2e.core.internal.Bundles - 	Entry: C:\Users\enriq\Java\STS4\sts-4.29.1.RELEASE\plugins\org.apache.commons.commons-codec_1.16.0.jar
2025-03-19 15:08:01,314 [Worker-3: Launching Executing install in C__ShopmeEcommerce_ShopmeProject] INFO  o.eclipse.m2e.core.internal.Bundles - getClasspathEntries(Bundle=com.google.guava.failureaccess_1.0.2 [30])
2025-03-19 15:08:01,315 [Worker-3: Launching Executing install in C__ShopmeEcommerce_ShopmeProject] INFO  o.eclipse.m2e.core.internal.Bundles - 	Entry: C:\Users\enriq\Java\STS4\sts-4.29.1.RELEASE\plugins\com.google.guava.failureaccess_1.0.2.jar
2025-03-19 15:08:01,322 [Worker-3: Launching Executing install in C__ShopmeEcommerce_ShopmeProject] INFO  o.e.m.i.launch.MavenLaunchDelegate - Run build in "C:\ShopmeEcommerce\ShopmeProject":
2025-03-19 15:08:01,323 [Worker-3: Launching Executing install in C__ShopmeEcommerce_ShopmeProject] INFO  o.e.m.i.launch.MavenLaunchDelegate -  mvn  -B -Dstyle.color=always install
2025-03-19 15:08:20,523 [Worker-15: Building] INFO  o.a.m.s.f.DefaultMavenResourcesFiltering - Copying 1 resource from src\main\resources to target\classes
2025-03-19 15:08:20,526 [Worker-15: Building] INFO  o.a.m.s.f.DefaultMavenResourcesFiltering - Copying 1 resource from src\main\resources to target\classes
2025-03-19 15:08:20,532 [Worker-15: Building] INFO  o.a.m.s.f.DefaultMavenResourcesFiltering - skip non existing resourceDirectory C:\ShopmeEcommerce\ShopmeProject\ShopmeWebParent\ShopmeBackEnd\src\test\resources
2025-03-19 15:08:21,487 [Worker-19: Building] INFO  o.a.m.s.f.DefaultMavenResourcesFiltering - Copying 1 resource from src\main\resources to target\classes
2025-03-19 15:08:21,506 [Worker-19: Building] INFO  o.a.m.s.f.DefaultMavenResourcesFiltering - Copying 0 resource from src\main\resources to target\classes
2025-03-19 15:08:21,512 [Worker-19: Building] INFO  o.a.m.s.f.DefaultMavenResourcesFiltering - skip non existing resourceDirectory C:\ShopmeEcommerce\ShopmeProject\ShopmeCommon\src\test\resources
2025-03-19 15:10:40,703 [Worker-15: Building] INFO  o.e.m.c.i.l.LifecycleMappingFactory - Using NULL lifecycle mapping for MavenProject: com.shopme:ShopmeWebParent:0.0.1-SNAPSHOT @ C:\ShopmeEcommerce\ShopmeProject\ShopmeWebParent\pom.xml.
2025-03-19 15:10:40,993 [Worker-15: Building] INFO  o.e.m.c.i.l.LifecycleMappingFactory - Using org.eclipse.m2e.jdt.JarLifecycleMapping lifecycle mapping for MavenProject: com.shopme:ShopmeBackEnd:0.0.1-SNAPSHOT @ C:\ShopmeEcommerce\ShopmeProject\ShopmeWebParent\ShopmeBackEnd\pom.xml.
2025-03-19 15:10:41,082 [Worker-15: Building] INFO  o.e.m.c.i.l.LifecycleMappingFactory - Using org.eclipse.m2e.jdt.JarLifecycleMapping lifecycle mapping for MavenProject: com.shopme:ShopmeFrontEnd:0.0.1-SNAPSHOT @ C:\ShopmeEcommerce\ShopmeProject\ShopmeWebParent\ShopmeFrontEnd\pom.xml.
2025-03-19 15:10:57,575 [Worker-10: Launching Executing install in C__ShopmeEcommerce_ShopmeProject_ShopmeWebParent] INFO  o.eclipse.m2e.core.internal.Bundles - getClasspathEntries(Bundle=org.eclipse.m2e.maven.runtime_3.9.900.20250220-2013 [361])
2025-03-19 15:10:57,576 [Worker-10: Launching Executing install in C__ShopmeEcommerce_ShopmeProject_ShopmeWebParent] INFO  o.eclipse.m2e.core.internal.Bundles - 	Entry: C:\Users\enriq\Java\STS4\sts-4.29.1.RELEASE\plugins\org.eclipse.m2e.maven.runtime_3.9.900.20250220-2013
2025-03-19 15:10:57,576 [Worker-10: Launching Executing install in C__ShopmeEcommerce_ShopmeProject_ShopmeWebParent] INFO  o.eclipse.m2e.core.internal.Bundles - 	Entry: C:\Users\enriq\Java\STS4\sts-4.29.1.RELEASE\plugins\org.eclipse.m2e.maven.runtime_3.9.900.20250220-2013\jars\aopalliance-1.0.jar
2025-03-19 15:10:57,577 [Worker-10: Launching Executing install in C__ShopmeEcommerce_ShopmeProject_ShopmeWebParent] INFO  o.eclipse.m2e.core.internal.Bundles - 	Entry: C:\Users\enriq\Java\STS4\sts-4.29.1.RELEASE\plugins\org.eclipse.m2e.maven.runtime_3.9.900.20250220-2013\jars\guice-5.1.0.jar
2025-03-19 15:10:57,577 [Worker-10: Launching Executing install in C__ShopmeEcommerce_ShopmeProject_ShopmeWebParent] INFO  o.eclipse.m2e.core.internal.Bundles - 	Entry: C:\Users\enriq\Java\STS4\sts-4.29.1.RELEASE\plugins\org.eclipse.m2e.maven.runtime_3.9.900.20250220-2013\jars\httpclient-4.5.14.jar
2025-03-19 15:10:57,577 [Worker-10: Launching Executing install in C__ShopmeEcommerce_ShopmeProject_ShopmeWebParent] INFO  o.eclipse.m2e.core.internal.Bundles - 	Entry: C:\Users\enriq\Java\STS4\sts-4.29.1.RELEASE\plugins\org.eclipse.m2e.maven.runtime_3.9.900.20250220-2013\jars\httpcore-4.4.16.jar
2025-03-19 15:10:57,577 [Worker-10: Launching Executing install in C__ShopmeEcommerce_ShopmeProject_ShopmeWebParent] INFO  o.eclipse.m2e.core.internal.Bundles - 	Entry: C:\Users\enriq\Java\STS4\sts-4.29.1.RELEASE\plugins\org.eclipse.m2e.maven.runtime_3.9.900.20250220-2013\jars\jansi-2.4.1.jar
2025-03-19 15:10:57,577 [Worker-10: Launching Executing install in C__ShopmeEcommerce_ShopmeProject_ShopmeWebParent] INFO  o.eclipse.m2e.core.internal.Bundles - 	Entry: C:\Users\enriq\Java\STS4\sts-4.29.1.RELEASE\plugins\org.eclipse.m2e.maven.runtime_3.9.900.20250220-2013\jars\jcl-over-slf4j-1.7.36.jar
2025-03-19 15:10:57,577 [Worker-10: Launching Executing install in C__ShopmeEcommerce_ShopmeProject_ShopmeWebParent] INFO  o.eclipse.m2e.core.internal.Bundles - 	Entry: C:\Users\enriq\Java\STS4\sts-4.29.1.RELEASE\plugins\org.eclipse.m2e.maven.runtime_3.9.900.20250220-2013\jars\maven-artifact-3.9.9.jar
2025-03-19 15:10:57,577 [Worker-10: Launching Executing install in C__ShopmeEcommerce_ShopmeProject_ShopmeWebParent] INFO  o.eclipse.m2e.core.internal.Bundles - 	Entry: C:\Users\enriq\Java\STS4\sts-4.29.1.RELEASE\plugins\org.eclipse.m2e.maven.runtime_3.9.900.20250220-2013\jars\maven-builder-support-3.9.9.jar
2025-03-19 15:10:57,578 [Worker-10: Launching Executing install in C__ShopmeEcommerce_ShopmeProject_ShopmeWebParent] INFO  o.eclipse.m2e.core.internal.Bundles - 	Entry: C:\Users\enriq\Java\STS4\sts-4.29.1.RELEASE\plugins\org.eclipse.m2e.maven.runtime_3.9.900.20250220-2013\jars\maven-compat-3.9.9.jar
2025-03-19 15:10:57,578 [Worker-10: Launching Executing install in C__ShopmeEcommerce_ShopmeProject_ShopmeWebParent] INFO  o.eclipse.m2e.core.internal.Bundles - 	Entry: C:\Users\enriq\Java\STS4\sts-4.29.1.RELEASE\plugins\org.eclipse.m2e.maven.runtime_3.9.900.20250220-2013\jars\maven-core-3.9.9.jar
2025-03-19 15:10:57,578 [Worker-10: Launching Executing install in C__ShopmeEcommerce_ShopmeProject_ShopmeWebParent] INFO  o.eclipse.m2e.core.internal.Bundles - 	Entry: C:\Users\enriq\Java\STS4\sts-4.29.1.RELEASE\plugins\org.eclipse.m2e.maven.runtime_3.9.900.20250220-2013\jars\maven-embedder-3.9.9.jar
2025-03-19 15:10:57,578 [Worker-10: Launching Executing install in C__ShopmeEcommerce_ShopmeProject_ShopmeWebParent] INFO  o.eclipse.m2e.core.internal.Bundles - 	Entry: C:\Users\enriq\Java\STS4\sts-4.29.1.RELEASE\plugins\org.eclipse.m2e.maven.runtime_3.9.900.20250220-2013\jars\maven-model-3.9.9.jar
2025-03-19 15:10:57,578 [Worker-10: Launching Executing install in C__ShopmeEcommerce_ShopmeProject_ShopmeWebParent] INFO  o.eclipse.m2e.core.internal.Bundles - 	Entry: C:\Users\enriq\Java\STS4\sts-4.29.1.RELEASE\plugins\org.eclipse.m2e.maven.runtime_3.9.900.20250220-2013\jars\maven-model-builder-3.9.9.jar
2025-03-19 15:10:57,578 [Worker-10: Launching Executing install in C__ShopmeEcommerce_ShopmeProject_ShopmeWebParent] INFO  o.eclipse.m2e.core.internal.Bundles - 	Entry: C:\Users\enriq\Java\STS4\sts-4.29.1.RELEASE\plugins\org.eclipse.m2e.maven.runtime_3.9.900.20250220-2013\jars\maven-plugin-api-3.9.9.jar
2025-03-19 15:10:57,578 [Worker-10: Launching Executing install in C__ShopmeEcommerce_ShopmeProject_ShopmeWebParent] INFO  o.eclipse.m2e.core.internal.Bundles - 	Entry: C:\Users\enriq\Java\STS4\sts-4.29.1.RELEASE\plugins\org.eclipse.m2e.maven.runtime_3.9.900.20250220-2013\jars\maven-repository-metadata-3.9.9.jar
2025-03-19 15:10:57,578 [Worker-10: Launching Executing install in C__ShopmeEcommerce_ShopmeProject_ShopmeWebParent] INFO  o.eclipse.m2e.core.internal.Bundles - 	Entry: C:\Users\enriq\Java\STS4\sts-4.29.1.RELEASE\plugins\org.eclipse.m2e.maven.runtime_3.9.900.20250220-2013\jars\maven-resolver-api-1.9.22.jar
2025-03-19 15:10:57,578 [Worker-10: Launching Executing install in C__ShopmeEcommerce_ShopmeProject_ShopmeWebParent] INFO  o.eclipse.m2e.core.internal.Bundles - 	Entry: C:\Users\enriq\Java\STS4\sts-4.29.1.RELEASE\plugins\org.eclipse.m2e.maven.runtime_3.9.900.20250220-2013\jars\maven-resolver-connector-basic-1.9.22.jar
2025-03-19 15:10:57,579 [Worker-10: Launching Executing install in C__ShopmeEcommerce_ShopmeProject_ShopmeWebParent] INFO  o.eclipse.m2e.core.internal.Bundles - 	Entry: C:\Users\enriq\Java\STS4\sts-4.29.1.RELEASE\plugins\org.eclipse.m2e.maven.runtime_3.9.900.20250220-2013\jars\maven-resolver-impl-1.9.22.jar
2025-03-19 15:10:57,579 [Worker-10: Launching Executing install in C__ShopmeEcommerce_ShopmeProject_ShopmeWebParent] INFO  o.eclipse.m2e.core.internal.Bundles - 	Entry: C:\Users\enriq\Java\STS4\sts-4.29.1.RELEASE\plugins\org.eclipse.m2e.maven.runtime_3.9.900.20250220-2013\jars\maven-resolver-named-locks-1.9.22.jar
2025-03-19 15:10:57,579 [Worker-10: Launching Executing install in C__ShopmeEcommerce_ShopmeProject_ShopmeWebParent] INFO  o.eclipse.m2e.core.internal.Bundles - 	Entry: C:\Users\enriq\Java\STS4\sts-4.29.1.RELEASE\plugins\org.eclipse.m2e.maven.runtime_3.9.900.20250220-2013\jars\maven-resolver-provider-3.9.9.jar
2025-03-19 15:10:57,579 [Worker-10: Launching Executing install in C__ShopmeEcommerce_ShopmeProject_ShopmeWebParent] INFO  o.eclipse.m2e.core.internal.Bundles - 	Entry: C:\Users\enriq\Java\STS4\sts-4.29.1.RELEASE\plugins\org.eclipse.m2e.maven.runtime_3.9.900.20250220-2013\jars\maven-resolver-spi-1.9.22.jar
2025-03-19 15:10:57,579 [Worker-10: Launching Executing install in C__ShopmeEcommerce_ShopmeProject_ShopmeWebParent] INFO  o.eclipse.m2e.core.internal.Bundles - 	Entry: C:\Users\enriq\Java\STS4\sts-4.29.1.RELEASE\plugins\org.eclipse.m2e.maven.runtime_3.9.900.20250220-2013\jars\maven-resolver-transport-file-1.9.22.jar
2025-03-19 15:10:57,579 [Worker-10: Launching Executing install in C__ShopmeEcommerce_ShopmeProject_ShopmeWebParent] INFO  o.eclipse.m2e.core.internal.Bundles - 	Entry: C:\Users\enriq\Java\STS4\sts-4.29.1.RELEASE\plugins\org.eclipse.m2e.maven.runtime_3.9.900.20250220-2013\jars\maven-resolver-transport-http-1.9.22.jar
2025-03-19 15:10:57,579 [Worker-10: Launching Executing install in C__ShopmeEcommerce_ShopmeProject_ShopmeWebParent] INFO  o.eclipse.m2e.core.internal.Bundles - 	Entry: C:\Users\enriq\Java\STS4\sts-4.29.1.RELEASE\plugins\org.eclipse.m2e.maven.runtime_3.9.900.20250220-2013\jars\maven-resolver-transport-wagon-1.9.22.jar
2025-03-19 15:10:57,579 [Worker-10: Launching Executing install in C__ShopmeEcommerce_ShopmeProject_ShopmeWebParent] INFO  o.eclipse.m2e.core.internal.Bundles - 	Entry: C:\Users\enriq\Java\STS4\sts-4.29.1.RELEASE\plugins\org.eclipse.m2e.maven.runtime_3.9.900.20250220-2013\jars\maven-resolver-util-1.9.22.jar
2025-03-19 15:10:57,579 [Worker-10: Launching Executing install in C__ShopmeEcommerce_ShopmeProject_ShopmeWebParent] INFO  o.eclipse.m2e.core.internal.Bundles - 	Entry: C:\Users\enriq\Java\STS4\sts-4.29.1.RELEASE\plugins\org.eclipse.m2e.maven.runtime_3.9.900.20250220-2013\jars\maven-settings-3.9.9.jar
2025-03-19 15:10:57,580 [Worker-10: Launching Executing install in C__ShopmeEcommerce_ShopmeProject_ShopmeWebParent] INFO  o.eclipse.m2e.core.internal.Bundles - 	Entry: C:\Users\enriq\Java\STS4\sts-4.29.1.RELEASE\plugins\org.eclipse.m2e.maven.runtime_3.9.900.20250220-2013\jars\maven-settings-builder-3.9.9.jar
2025-03-19 15:10:57,580 [Worker-10: Launching Executing install in C__ShopmeEcommerce_ShopmeProject_ShopmeWebParent] INFO  o.eclipse.m2e.core.internal.Bundles - 	Entry: C:\Users\enriq\Java\STS4\sts-4.29.1.RELEASE\plugins\org.eclipse.m2e.maven.runtime_3.9.900.20250220-2013\jars\maven-shared-utils-3.4.2.jar
2025-03-19 15:10:57,580 [Worker-10: Launching Executing install in C__ShopmeEcommerce_ShopmeProject_ShopmeWebParent] INFO  o.eclipse.m2e.core.internal.Bundles - 	Entry: C:\Users\enriq\Java\STS4\sts-4.29.1.RELEASE\plugins\org.eclipse.m2e.maven.runtime_3.9.900.20250220-2013\jars\org.eclipse.sisu.inject-0.9.0.M3.jar
2025-03-19 15:10:57,580 [Worker-10: Launching Executing install in C__ShopmeEcommerce_ShopmeProject_ShopmeWebParent] INFO  o.eclipse.m2e.core.internal.Bundles - 	Entry: C:\Users\enriq\Java\STS4\sts-4.29.1.RELEASE\plugins\org.eclipse.m2e.maven.runtime_3.9.900.20250220-2013\jars\org.eclipse.sisu.plexus-0.9.0.M3.jar
2025-03-19 15:10:57,580 [Worker-10: Launching Executing install in C__ShopmeEcommerce_ShopmeProject_ShopmeWebParent] INFO  o.eclipse.m2e.core.internal.Bundles - 	Entry: C:\Users\enriq\Java\STS4\sts-4.29.1.RELEASE\plugins\org.eclipse.m2e.maven.runtime_3.9.900.20250220-2013\jars\plexus-build-api-0.0.7.jar
2025-03-19 15:10:57,580 [Worker-10: Launching Executing install in C__ShopmeEcommerce_ShopmeProject_ShopmeWebParent] INFO  o.eclipse.m2e.core.internal.Bundles - 	Entry: C:\Users\enriq\Java\STS4\sts-4.29.1.RELEASE\plugins\org.eclipse.m2e.maven.runtime_3.9.900.20250220-2013\jars\plexus-build-api-1.2.0.jar
2025-03-19 15:10:57,580 [Worker-10: Launching Executing install in C__ShopmeEcommerce_ShopmeProject_ShopmeWebParent] INFO  o.eclipse.m2e.core.internal.Bundles - 	Entry: C:\Users\enriq\Java\STS4\sts-4.29.1.RELEASE\plugins\org.eclipse.m2e.maven.runtime_3.9.900.20250220-2013\jars\plexus-cipher-2.0.jar
2025-03-19 15:10:57,580 [Worker-10: Launching Executing install in C__ShopmeEcommerce_ShopmeProject_ShopmeWebParent] INFO  o.eclipse.m2e.core.internal.Bundles - 	Entry: C:\Users\enriq\Java\STS4\sts-4.29.1.RELEASE\plugins\org.eclipse.m2e.maven.runtime_3.9.900.20250220-2013\jars\plexus-classworlds-2.8.0.jar
2025-03-19 15:10:57,580 [Worker-10: Launching Executing install in C__ShopmeEcommerce_ShopmeProject_ShopmeWebParent] INFO  o.eclipse.m2e.core.internal.Bundles - 	Entry: C:\Users\enriq\Java\STS4\sts-4.29.1.RELEASE\plugins\org.eclipse.m2e.maven.runtime_3.9.900.20250220-2013\jars\plexus-component-annotations-2.1.0.jar
2025-03-19 15:10:57,581 [Worker-10: Launching Executing install in C__ShopmeEcommerce_ShopmeProject_ShopmeWebParent] INFO  o.eclipse.m2e.core.internal.Bundles - 	Entry: C:\Users\enriq\Java\STS4\sts-4.29.1.RELEASE\plugins\org.eclipse.m2e.maven.runtime_3.9.900.20250220-2013\jars\plexus-interpolation-1.27.jar
2025-03-19 15:10:57,581 [Worker-10: Launching Executing install in C__ShopmeEcommerce_ShopmeProject_ShopmeWebParent] INFO  o.eclipse.m2e.core.internal.Bundles - 	Entry: C:\Users\enriq\Java\STS4\sts-4.29.1.RELEASE\plugins\org.eclipse.m2e.maven.runtime_3.9.900.20250220-2013\jars\plexus-sec-dispatcher-2.0.jar
2025-03-19 15:10:57,581 [Worker-10: Launching Executing install in C__ShopmeEcommerce_ShopmeProject_ShopmeWebParent] INFO  o.eclipse.m2e.core.internal.Bundles - 	Entry: C:\Users\enriq\Java\STS4\sts-4.29.1.RELEASE\plugins\org.eclipse.m2e.maven.runtime_3.9.900.20250220-2013\jars\plexus-utils-3.5.1.jar
2025-03-19 15:10:57,581 [Worker-10: Launching Executing install in C__ShopmeEcommerce_ShopmeProject_ShopmeWebParent] INFO  o.eclipse.m2e.core.internal.Bundles - 	Entry: C:\Users\enriq\Java\STS4\sts-4.29.1.RELEASE\plugins\org.eclipse.m2e.maven.runtime_3.9.900.20250220-2013\jars\plexus-xml-3.0.1.jar
2025-03-19 15:10:57,581 [Worker-10: Launching Executing install in C__ShopmeEcommerce_ShopmeProject_ShopmeWebParent] INFO  o.eclipse.m2e.core.internal.Bundles - 	Entry: C:\Users\enriq\Java\STS4\sts-4.29.1.RELEASE\plugins\org.eclipse.m2e.maven.runtime_3.9.900.20250220-2013\jars\wagon-file-3.5.3.jar
2025-03-19 15:10:57,581 [Worker-10: Launching Executing install in C__ShopmeEcommerce_ShopmeProject_ShopmeWebParent] INFO  o.eclipse.m2e.core.internal.Bundles - 	Entry: C:\Users\enriq\Java\STS4\sts-4.29.1.RELEASE\plugins\org.eclipse.m2e.maven.runtime_3.9.900.20250220-2013\jars\wagon-http-3.5.3.jar
2025-03-19 15:10:57,581 [Worker-10: Launching Executing install in C__ShopmeEcommerce_ShopmeProject_ShopmeWebParent] INFO  o.eclipse.m2e.core.internal.Bundles - 	Entry: C:\Users\enriq\Java\STS4\sts-4.29.1.RELEASE\plugins\org.eclipse.m2e.maven.runtime_3.9.900.20250220-2013\jars\wagon-http-shared-3.5.3.jar
2025-03-19 15:10:57,582 [Worker-10: Launching Executing install in C__ShopmeEcommerce_ShopmeProject_ShopmeWebParent] INFO  o.eclipse.m2e.core.internal.Bundles - 	Entry: C:\Users\enriq\Java\STS4\sts-4.29.1.RELEASE\plugins\org.eclipse.m2e.maven.runtime_3.9.900.20250220-2013\jars\wagon-provider-api-3.5.3.jar
2025-03-19 15:10:57,582 [Worker-10: Launching Executing install in C__ShopmeEcommerce_ShopmeProject_ShopmeWebParent] INFO  o.eclipse.m2e.core.internal.Bundles - getClasspathEntries(Bundle=com.google.guava_33.4.0.jre [29])
2025-03-19 15:10:57,583 [Worker-10: Launching Executing install in C__ShopmeEcommerce_ShopmeProject_ShopmeWebParent] INFO  o.eclipse.m2e.core.internal.Bundles - 	Entry: C:\Users\enriq\Java\STS4\sts-4.29.1.RELEASE\plugins\com.google.guava_33.4.0.jre.jar
2025-03-19 15:10:57,583 [Worker-10: Launching Executing install in C__ShopmeEcommerce_ShopmeProject_ShopmeWebParent] INFO  o.eclipse.m2e.core.internal.Bundles - getClasspathEntries(Bundle=slf4j.api_2.0.17 [608])
2025-03-19 15:10:57,583 [Worker-10: Launching Executing install in C__ShopmeEcommerce_ShopmeProject_ShopmeWebParent] INFO  o.eclipse.m2e.core.internal.Bundles - 	Entry: C:\Users\enriq\Java\STS4\sts-4.29.1.RELEASE\plugins\slf4j.api_2.0.17.jar
2025-03-19 15:10:57,583 [Worker-10: Launching Executing install in C__ShopmeEcommerce_ShopmeProject_ShopmeWebParent] INFO  o.eclipse.m2e.core.internal.Bundles - getClasspathEntries(Bundle=jakarta.inject.jakarta.inject-api_1.0.5 [45])
2025-03-19 15:10:57,584 [Worker-10: Launching Executing install in C__ShopmeEcommerce_ShopmeProject_ShopmeWebParent] INFO  o.eclipse.m2e.core.internal.Bundles - 	Entry: C:\Users\enriq\Java\STS4\sts-4.29.1.RELEASE\plugins\jakarta.inject.jakarta.inject-api_1.0.5.jar
2025-03-19 15:10:57,584 [Worker-10: Launching Executing install in C__ShopmeEcommerce_ShopmeProject_ShopmeWebParent] INFO  o.eclipse.m2e.core.internal.Bundles - getClasspathEntries(Bundle=jakarta.annotation-api_1.3.5 [41])
2025-03-19 15:10:57,584 [Worker-10: Launching Executing install in C__ShopmeEcommerce_ShopmeProject_ShopmeWebParent] INFO  o.eclipse.m2e.core.internal.Bundles - 	Entry: C:\Users\enriq\Java\STS4\sts-4.29.1.RELEASE\plugins\jakarta.annotation-api_1.3.5.jar
2025-03-19 15:10:57,584 [Worker-10: Launching Executing install in C__ShopmeEcommerce_ShopmeProject_ShopmeWebParent] INFO  o.eclipse.m2e.core.internal.Bundles - getClasspathEntries(Bundle=org.apache.commons.cli_1.9.0 [77])
2025-03-19 15:10:57,584 [Worker-10: Launching Executing install in C__ShopmeEcommerce_ShopmeProject_ShopmeWebParent] INFO  o.eclipse.m2e.core.internal.Bundles - 	Entry: C:\Users\enriq\Java\STS4\sts-4.29.1.RELEASE\plugins\org.apache.commons.cli_1.9.0.jar
2025-03-19 15:10:57,584 [Worker-10: Launching Executing install in C__ShopmeEcommerce_ShopmeProject_ShopmeWebParent] INFO  o.eclipse.m2e.core.internal.Bundles - getClasspathEntries(Bundle=org.apache.commons.commons-codec_1.16.0 [79])
2025-03-19 15:10:57,585 [Worker-10: Launching Executing install in C__ShopmeEcommerce_ShopmeProject_ShopmeWebParent] INFO  o.eclipse.m2e.core.internal.Bundles - 	Entry: C:\Users\enriq\Java\STS4\sts-4.29.1.RELEASE\plugins\org.apache.commons.commons-codec_1.16.0.jar
2025-03-19 15:10:57,585 [Worker-10: Launching Executing install in C__ShopmeEcommerce_ShopmeProject_ShopmeWebParent] INFO  o.eclipse.m2e.core.internal.Bundles - getClasspathEntries(Bundle=com.google.guava.failureaccess_1.0.2 [30])
2025-03-19 15:10:57,585 [Worker-10: Launching Executing install in C__ShopmeEcommerce_ShopmeProject_ShopmeWebParent] INFO  o.eclipse.m2e.core.internal.Bundles - 	Entry: C:\Users\enriq\Java\STS4\sts-4.29.1.RELEASE\plugins\com.google.guava.failureaccess_1.0.2.jar
2025-03-19 15:10:57,586 [Worker-10: Launching Executing install in C__ShopmeEcommerce_ShopmeProject_ShopmeWebParent] INFO  o.e.m.i.launch.MavenLaunchDelegate - Run build in "C:\ShopmeEcommerce\ShopmeProject\ShopmeWebParent":
2025-03-19 15:10:57,587 [Worker-10: Launching Executing install in C__ShopmeEcommerce_ShopmeProject_ShopmeWebParent] INFO  o.e.m.i.launch.MavenLaunchDelegate -  mvn  -Ppom.xml -B -Dstyle.color=always install
2025-03-19 15:11:10,550 [Worker-17: Building] INFO  o.a.m.s.f.DefaultMavenResourcesFiltering - Copying 1 resource from src\main\resources to target\classes
2025-03-19 15:11:10,567 [Worker-17: Building] INFO  o.a.m.s.f.DefaultMavenResourcesFiltering - Copying 1 resource from src\main\resources to target\classes
2025-03-19 15:11:10,575 [Worker-17: Building] INFO  o.a.m.s.f.DefaultMavenResourcesFiltering - skip non existing resourceDirectory C:\ShopmeEcommerce\ShopmeProject\ShopmeWebParent\ShopmeFrontEnd\src\test\resources
2025-03-19 15:11:48,324 [Worker-3: Building] INFO  o.a.m.s.f.DefaultMavenResourcesFiltering - Copying 1 resource from src\main\resources to target\classes
2025-03-19 15:11:48,329 [Worker-3: Building] INFO  o.a.m.s.f.DefaultMavenResourcesFiltering - Copying 1 resource from src\main\resources to target\classes
2025-03-19 15:11:48,332 [Worker-3: Building] INFO  o.a.m.s.f.DefaultMavenResourcesFiltering - skip non existing resourceDirectory C:\ShopmeEcommerce\ShopmeProject\ShopmeWebParent\ShopmeFrontEnd\src\test\resources
2025-03-19 15:11:56,426 [Worker-7: Launching Executing install in C__ShopmeEcommerce_ShopmeProject_ShopmeWebParent] INFO  o.eclipse.m2e.core.internal.Bundles - getClasspathEntries(Bundle=org.eclipse.m2e.maven.runtime_3.9.900.20250220-2013 [361])
2025-03-19 15:11:56,428 [Worker-7: Launching Executing install in C__ShopmeEcommerce_ShopmeProject_ShopmeWebParent] INFO  o.eclipse.m2e.core.internal.Bundles - 	Entry: C:\Users\enriq\Java\STS4\sts-4.29.1.RELEASE\plugins\org.eclipse.m2e.maven.runtime_3.9.900.20250220-2013
2025-03-19 15:11:56,428 [Worker-7: Launching Executing install in C__ShopmeEcommerce_ShopmeProject_ShopmeWebParent] INFO  o.eclipse.m2e.core.internal.Bundles - 	Entry: C:\Users\enriq\Java\STS4\sts-4.29.1.RELEASE\plugins\org.eclipse.m2e.maven.runtime_3.9.900.20250220-2013\jars\aopalliance-1.0.jar
2025-03-19 15:11:56,428 [Worker-7: Launching Executing install in C__ShopmeEcommerce_ShopmeProject_ShopmeWebParent] INFO  o.eclipse.m2e.core.internal.Bundles - 	Entry: C:\Users\enriq\Java\STS4\sts-4.29.1.RELEASE\plugins\org.eclipse.m2e.maven.runtime_3.9.900.20250220-2013\jars\guice-5.1.0.jar
2025-03-19 15:11:56,429 [Worker-7: Launching Executing install in C__ShopmeEcommerce_ShopmeProject_ShopmeWebParent] INFO  o.eclipse.m2e.core.internal.Bundles - 	Entry: C:\Users\enriq\Java\STS4\sts-4.29.1.RELEASE\plugins\org.eclipse.m2e.maven.runtime_3.9.900.20250220-2013\jars\httpclient-4.5.14.jar
2025-03-19 15:11:56,429 [Worker-7: Launching Executing install in C__ShopmeEcommerce_ShopmeProject_ShopmeWebParent] INFO  o.eclipse.m2e.core.internal.Bundles - 	Entry: C:\Users\enriq\Java\STS4\sts-4.29.1.RELEASE\plugins\org.eclipse.m2e.maven.runtime_3.9.900.20250220-2013\jars\httpcore-4.4.16.jar
2025-03-19 15:11:56,429 [Worker-7: Launching Executing install in C__ShopmeEcommerce_ShopmeProject_ShopmeWebParent] INFO  o.eclipse.m2e.core.internal.Bundles - 	Entry: C:\Users\enriq\Java\STS4\sts-4.29.1.RELEASE\plugins\org.eclipse.m2e.maven.runtime_3.9.900.20250220-2013\jars\jansi-2.4.1.jar
2025-03-19 15:11:56,429 [Worker-7: Launching Executing install in C__ShopmeEcommerce_ShopmeProject_ShopmeWebParent] INFO  o.eclipse.m2e.core.internal.Bundles - 	Entry: C:\Users\enriq\Java\STS4\sts-4.29.1.RELEASE\plugins\org.eclipse.m2e.maven.runtime_3.9.900.20250220-2013\jars\jcl-over-slf4j-1.7.36.jar
2025-03-19 15:11:56,429 [Worker-7: Launching Executing install in C__ShopmeEcommerce_ShopmeProject_ShopmeWebParent] INFO  o.eclipse.m2e.core.internal.Bundles - 	Entry: C:\Users\enriq\Java\STS4\sts-4.29.1.RELEASE\plugins\org.eclipse.m2e.maven.runtime_3.9.900.20250220-2013\jars\maven-artifact-3.9.9.jar
2025-03-19 15:11:56,430 [Worker-7: Launching Executing install in C__ShopmeEcommerce_ShopmeProject_ShopmeWebParent] INFO  o.eclipse.m2e.core.internal.Bundles - 	Entry: C:\Users\enriq\Java\STS4\sts-4.29.1.RELEASE\plugins\org.eclipse.m2e.maven.runtime_3.9.900.20250220-2013\jars\maven-builder-support-3.9.9.jar
2025-03-19 15:11:56,430 [Worker-7: Launching Executing install in C__ShopmeEcommerce_ShopmeProject_ShopmeWebParent] INFO  o.eclipse.m2e.core.internal.Bundles - 	Entry: C:\Users\enriq\Java\STS4\sts-4.29.1.RELEASE\plugins\org.eclipse.m2e.maven.runtime_3.9.900.20250220-2013\jars\maven-compat-3.9.9.jar
2025-03-19 15:11:56,430 [Worker-7: Launching Executing install in C__ShopmeEcommerce_ShopmeProject_ShopmeWebParent] INFO  o.eclipse.m2e.core.internal.Bundles - 	Entry: C:\Users\enriq\Java\STS4\sts-4.29.1.RELEASE\plugins\org.eclipse.m2e.maven.runtime_3.9.900.20250220-2013\jars\maven-core-3.9.9.jar
2025-03-19 15:11:56,430 [Worker-7: Launching Executing install in C__ShopmeEcommerce_ShopmeProject_ShopmeWebParent] INFO  o.eclipse.m2e.core.internal.Bundles - 	Entry: C:\Users\enriq\Java\STS4\sts-4.29.1.RELEASE\plugins\org.eclipse.m2e.maven.runtime_3.9.900.20250220-2013\jars\maven-embedder-3.9.9.jar
2025-03-19 15:11:56,430 [Worker-7: Launching Executing install in C__ShopmeEcommerce_ShopmeProject_ShopmeWebParent] INFO  o.eclipse.m2e.core.internal.Bundles - 	Entry: C:\Users\enriq\Java\STS4\sts-4.29.1.RELEASE\plugins\org.eclipse.m2e.maven.runtime_3.9.900.20250220-2013\jars\maven-model-3.9.9.jar
2025-03-19 15:11:56,430 [Worker-7: Launching Executing install in C__ShopmeEcommerce_ShopmeProject_ShopmeWebParent] INFO  o.eclipse.m2e.core.internal.Bundles - 	Entry: C:\Users\enriq\Java\STS4\sts-4.29.1.RELEASE\plugins\org.eclipse.m2e.maven.runtime_3.9.900.20250220-2013\jars\maven-model-builder-3.9.9.jar
2025-03-19 15:11:56,431 [Worker-7: Launching Executing install in C__ShopmeEcommerce_ShopmeProject_ShopmeWebParent] INFO  o.eclipse.m2e.core.internal.Bundles - 	Entry: C:\Users\enriq\Java\STS4\sts-4.29.1.RELEASE\plugins\org.eclipse.m2e.maven.runtime_3.9.900.20250220-2013\jars\maven-plugin-api-3.9.9.jar
2025-03-19 15:11:56,431 [Worker-7: Launching Executing install in C__ShopmeEcommerce_ShopmeProject_ShopmeWebParent] INFO  o.eclipse.m2e.core.internal.Bundles - 	Entry: C:\Users\enriq\Java\STS4\sts-4.29.1.RELEASE\plugins\org.eclipse.m2e.maven.runtime_3.9.900.20250220-2013\jars\maven-repository-metadata-3.9.9.jar
2025-03-19 15:11:56,431 [Worker-7: Launching Executing install in C__ShopmeEcommerce_ShopmeProject_ShopmeWebParent] INFO  o.eclipse.m2e.core.internal.Bundles - 	Entry: C:\Users\enriq\Java\STS4\sts-4.29.1.RELEASE\plugins\org.eclipse.m2e.maven.runtime_3.9.900.20250220-2013\jars\maven-resolver-api-1.9.22.jar
2025-03-19 15:11:56,431 [Worker-7: Launching Executing install in C__ShopmeEcommerce_ShopmeProject_ShopmeWebParent] INFO  o.eclipse.m2e.core.internal.Bundles - 	Entry: C:\Users\enriq\Java\STS4\sts-4.29.1.RELEASE\plugins\org.eclipse.m2e.maven.runtime_3.9.900.20250220-2013\jars\maven-resolver-connector-basic-1.9.22.jar
2025-03-19 15:11:56,431 [Worker-7: Launching Executing install in C__ShopmeEcommerce_ShopmeProject_ShopmeWebParent] INFO  o.eclipse.m2e.core.internal.Bundles - 	Entry: C:\Users\enriq\Java\STS4\sts-4.29.1.RELEASE\plugins\org.eclipse.m2e.maven.runtime_3.9.900.20250220-2013\jars\maven-resolver-impl-1.9.22.jar
2025-03-19 15:11:56,432 [Worker-7: Launching Executing install in C__ShopmeEcommerce_ShopmeProject_ShopmeWebParent] INFO  o.eclipse.m2e.core.internal.Bundles - 	Entry: C:\Users\enriq\Java\STS4\sts-4.29.1.RELEASE\plugins\org.eclipse.m2e.maven.runtime_3.9.900.20250220-2013\jars\maven-resolver-named-locks-1.9.22.jar
2025-03-19 15:11:56,432 [Worker-7: Launching Executing install in C__ShopmeEcommerce_ShopmeProject_ShopmeWebParent] INFO  o.eclipse.m2e.core.internal.Bundles - 	Entry: C:\Users\enriq\Java\STS4\sts-4.29.1.RELEASE\plugins\org.eclipse.m2e.maven.runtime_3.9.900.20250220-2013\jars\maven-resolver-provider-3.9.9.jar
2025-03-19 15:11:56,432 [Worker-7: Launching Executing install in C__ShopmeEcommerce_ShopmeProject_ShopmeWebParent] INFO  o.eclipse.m2e.core.internal.Bundles - 	Entry: C:\Users\enriq\Java\STS4\sts-4.29.1.RELEASE\plugins\org.eclipse.m2e.maven.runtime_3.9.900.20250220-2013\jars\maven-resolver-spi-1.9.22.jar
2025-03-19 15:11:56,432 [Worker-7: Launching Executing install in C__ShopmeEcommerce_ShopmeProject_ShopmeWebParent] INFO  o.eclipse.m2e.core.internal.Bundles - 	Entry: C:\Users\enriq\Java\STS4\sts-4.29.1.RELEASE\plugins\org.eclipse.m2e.maven.runtime_3.9.900.20250220-2013\jars\maven-resolver-transport-file-1.9.22.jar
2025-03-19 15:11:56,432 [Worker-7: Launching Executing install in C__ShopmeEcommerce_ShopmeProject_ShopmeWebParent] INFO  o.eclipse.m2e.core.internal.Bundles - 	Entry: C:\Users\enriq\Java\STS4\sts-4.29.1.RELEASE\plugins\org.eclipse.m2e.maven.runtime_3.9.900.20250220-2013\jars\maven-resolver-transport-http-1.9.22.jar
2025-03-19 15:11:56,432 [Worker-7: Launching Executing install in C__ShopmeEcommerce_ShopmeProject_ShopmeWebParent] INFO  o.eclipse.m2e.core.internal.Bundles - 	Entry: C:\Users\enriq\Java\STS4\sts-4.29.1.RELEASE\plugins\org.eclipse.m2e.maven.runtime_3.9.900.20250220-2013\jars\maven-resolver-transport-wagon-1.9.22.jar
2025-03-19 15:11:56,433 [Worker-7: Launching Executing install in C__ShopmeEcommerce_ShopmeProject_ShopmeWebParent] INFO  o.eclipse.m2e.core.internal.Bundles - 	Entry: C:\Users\enriq\Java\STS4\sts-4.29.1.RELEASE\plugins\org.eclipse.m2e.maven.runtime_3.9.900.20250220-2013\jars\maven-resolver-util-1.9.22.jar
2025-03-19 15:11:56,433 [Worker-7: Launching Executing install in C__ShopmeEcommerce_ShopmeProject_ShopmeWebParent] INFO  o.eclipse.m2e.core.internal.Bundles - 	Entry: C:\Users\enriq\Java\STS4\sts-4.29.1.RELEASE\plugins\org.eclipse.m2e.maven.runtime_3.9.900.20250220-2013\jars\maven-settings-3.9.9.jar
2025-03-19 15:11:56,433 [Worker-7: Launching Executing install in C__ShopmeEcommerce_ShopmeProject_ShopmeWebParent] INFO  o.eclipse.m2e.core.internal.Bundles - 	Entry: C:\Users\enriq\Java\STS4\sts-4.29.1.RELEASE\plugins\org.eclipse.m2e.maven.runtime_3.9.900.20250220-2013\jars\maven-settings-builder-3.9.9.jar
2025-03-19 15:11:56,433 [Worker-7: Launching Executing install in C__ShopmeEcommerce_ShopmeProject_ShopmeWebParent] INFO  o.eclipse.m2e.core.internal.Bundles - 	Entry: C:\Users\enriq\Java\STS4\sts-4.29.1.RELEASE\plugins\org.eclipse.m2e.maven.runtime_3.9.900.20250220-2013\jars\maven-shared-utils-3.4.2.jar
2025-03-19 15:11:56,433 [Worker-7: Launching Executing install in C__ShopmeEcommerce_ShopmeProject_ShopmeWebParent] INFO  o.eclipse.m2e.core.internal.Bundles - 	Entry: C:\Users\enriq\Java\STS4\sts-4.29.1.RELEASE\plugins\org.eclipse.m2e.maven.runtime_3.9.900.20250220-2013\jars\org.eclipse.sisu.inject-0.9.0.M3.jar
2025-03-19 15:11:56,433 [Worker-7: Launching Executing install in C__ShopmeEcommerce_ShopmeProject_ShopmeWebParent] INFO  o.eclipse.m2e.core.internal.Bundles - 	Entry: C:\Users\enriq\Java\STS4\sts-4.29.1.RELEASE\plugins\org.eclipse.m2e.maven.runtime_3.9.900.20250220-2013\jars\org.eclipse.sisu.plexus-0.9.0.M3.jar
2025-03-19 15:11:56,434 [Worker-7: Launching Executing install in C__ShopmeEcommerce_ShopmeProject_ShopmeWebParent] INFO  o.eclipse.m2e.core.internal.Bundles - 	Entry: C:\Users\enriq\Java\STS4\sts-4.29.1.RELEASE\plugins\org.eclipse.m2e.maven.runtime_3.9.900.20250220-2013\jars\plexus-build-api-0.0.7.jar
2025-03-19 15:11:56,434 [Worker-7: Launching Executing install in C__ShopmeEcommerce_ShopmeProject_ShopmeWebParent] INFO  o.eclipse.m2e.core.internal.Bundles - 	Entry: C:\Users\enriq\Java\STS4\sts-4.29.1.RELEASE\plugins\org.eclipse.m2e.maven.runtime_3.9.900.20250220-2013\jars\plexus-build-api-1.2.0.jar
2025-03-19 15:11:56,434 [Worker-7: Launching Executing install in C__ShopmeEcommerce_ShopmeProject_ShopmeWebParent] INFO  o.eclipse.m2e.core.internal.Bundles - 	Entry: C:\Users\enriq\Java\STS4\sts-4.29.1.RELEASE\plugins\org.eclipse.m2e.maven.runtime_3.9.900.20250220-2013\jars\plexus-cipher-2.0.jar
2025-03-19 15:11:56,434 [Worker-7: Launching Executing install in C__ShopmeEcommerce_ShopmeProject_ShopmeWebParent] INFO  o.eclipse.m2e.core.internal.Bundles - 	Entry: C:\Users\enriq\Java\STS4\sts-4.29.1.RELEASE\plugins\org.eclipse.m2e.maven.runtime_3.9.900.20250220-2013\jars\plexus-classworlds-2.8.0.jar
2025-03-19 15:11:56,434 [Worker-7: Launching Executing install in C__ShopmeEcommerce_ShopmeProject_ShopmeWebParent] INFO  o.eclipse.m2e.core.internal.Bundles - 	Entry: C:\Users\enriq\Java\STS4\sts-4.29.1.RELEASE\plugins\org.eclipse.m2e.maven.runtime_3.9.900.20250220-2013\jars\plexus-component-annotations-2.1.0.jar
2025-03-19 15:11:56,434 [Worker-7: Launching Executing install in C__ShopmeEcommerce_ShopmeProject_ShopmeWebParent] INFO  o.eclipse.m2e.core.internal.Bundles - 	Entry: C:\Users\enriq\Java\STS4\sts-4.29.1.RELEASE\plugins\org.eclipse.m2e.maven.runtime_3.9.900.20250220-2013\jars\plexus-interpolation-1.27.jar
2025-03-19 15:11:56,434 [Worker-7: Launching Executing install in C__ShopmeEcommerce_ShopmeProject_ShopmeWebParent] INFO  o.eclipse.m2e.core.internal.Bundles - 	Entry: C:\Users\enriq\Java\STS4\sts-4.29.1.RELEASE\plugins\org.eclipse.m2e.maven.runtime_3.9.900.20250220-2013\jars\plexus-sec-dispatcher-2.0.jar
2025-03-19 15:11:56,435 [Worker-7: Launching Executing install in C__ShopmeEcommerce_ShopmeProject_ShopmeWebParent] INFO  o.eclipse.m2e.core.internal.Bundles - 	Entry: C:\Users\enriq\Java\STS4\sts-4.29.1.RELEASE\plugins\org.eclipse.m2e.maven.runtime_3.9.900.20250220-2013\jars\plexus-utils-3.5.1.jar
2025-03-19 15:11:56,435 [Worker-7: Launching Executing install in C__ShopmeEcommerce_ShopmeProject_ShopmeWebParent] INFO  o.eclipse.m2e.core.internal.Bundles - 	Entry: C:\Users\enriq\Java\STS4\sts-4.29.1.RELEASE\plugins\org.eclipse.m2e.maven.runtime_3.9.900.20250220-2013\jars\plexus-xml-3.0.1.jar
2025-03-19 15:11:56,435 [Worker-7: Launching Executing install in C__ShopmeEcommerce_ShopmeProject_ShopmeWebParent] INFO  o.eclipse.m2e.core.internal.Bundles - 	Entry: C:\Users\enriq\Java\STS4\sts-4.29.1.RELEASE\plugins\org.eclipse.m2e.maven.runtime_3.9.900.20250220-2013\jars\wagon-file-3.5.3.jar
2025-03-19 15:11:56,435 [Worker-7: Launching Executing install in C__ShopmeEcommerce_ShopmeProject_ShopmeWebParent] INFO  o.eclipse.m2e.core.internal.Bundles - 	Entry: C:\Users\enriq\Java\STS4\sts-4.29.1.RELEASE\plugins\org.eclipse.m2e.maven.runtime_3.9.900.20250220-2013\jars\wagon-http-3.5.3.jar
2025-03-19 15:11:56,435 [Worker-7: Launching Executing install in C__ShopmeEcommerce_ShopmeProject_ShopmeWebParent] INFO  o.eclipse.m2e.core.internal.Bundles - 	Entry: C:\Users\enriq\Java\STS4\sts-4.29.1.RELEASE\plugins\org.eclipse.m2e.maven.runtime_3.9.900.20250220-2013\jars\wagon-http-shared-3.5.3.jar
2025-03-19 15:11:56,436 [Worker-7: Launching Executing install in C__ShopmeEcommerce_ShopmeProject_ShopmeWebParent] INFO  o.eclipse.m2e.core.internal.Bundles - 	Entry: C:\Users\enriq\Java\STS4\sts-4.29.1.RELEASE\plugins\org.eclipse.m2e.maven.runtime_3.9.900.20250220-2013\jars\wagon-provider-api-3.5.3.jar
2025-03-19 15:11:56,436 [Worker-7: Launching Executing install in C__ShopmeEcommerce_ShopmeProject_ShopmeWebParent] INFO  o.eclipse.m2e.core.internal.Bundles - getClasspathEntries(Bundle=com.google.guava_33.4.0.jre [29])
2025-03-19 15:11:56,436 [Worker-7: Launching Executing install in C__ShopmeEcommerce_ShopmeProject_ShopmeWebParent] INFO  o.eclipse.m2e.core.internal.Bundles - 	Entry: C:\Users\enriq\Java\STS4\sts-4.29.1.RELEASE\plugins\com.google.guava_33.4.0.jre.jar
2025-03-19 15:11:56,437 [Worker-7: Launching Executing install in C__ShopmeEcommerce_ShopmeProject_ShopmeWebParent] INFO  o.eclipse.m2e.core.internal.Bundles - getClasspathEntries(Bundle=slf4j.api_2.0.17 [608])
2025-03-19 15:11:56,438 [Worker-7: Launching Executing install in C__ShopmeEcommerce_ShopmeProject_ShopmeWebParent] INFO  o.eclipse.m2e.core.internal.Bundles - 	Entry: C:\Users\enriq\Java\STS4\sts-4.29.1.RELEASE\plugins\slf4j.api_2.0.17.jar
2025-03-19 15:11:56,439 [Worker-7: Launching Executing install in C__ShopmeEcommerce_ShopmeProject_ShopmeWebParent] INFO  o.eclipse.m2e.core.internal.Bundles - getClasspathEntries(Bundle=jakarta.inject.jakarta.inject-api_1.0.5 [45])
2025-03-19 15:11:56,439 [Worker-7: Launching Executing install in C__ShopmeEcommerce_ShopmeProject_ShopmeWebParent] INFO  o.eclipse.m2e.core.internal.Bundles - 	Entry: C:\Users\enriq\Java\STS4\sts-4.29.1.RELEASE\plugins\jakarta.inject.jakarta.inject-api_1.0.5.jar
2025-03-19 15:11:56,439 [Worker-7: Launching Executing install in C__ShopmeEcommerce_ShopmeProject_ShopmeWebParent] INFO  o.eclipse.m2e.core.internal.Bundles - getClasspathEntries(Bundle=jakarta.annotation-api_1.3.5 [41])
2025-03-19 15:11:56,440 [Worker-7: Launching Executing install in C__ShopmeEcommerce_ShopmeProject_ShopmeWebParent] INFO  o.eclipse.m2e.core.internal.Bundles - 	Entry: C:\Users\enriq\Java\STS4\sts-4.29.1.RELEASE\plugins\jakarta.annotation-api_1.3.5.jar
2025-03-19 15:11:56,440 [Worker-7: Launching Executing install in C__ShopmeEcommerce_ShopmeProject_ShopmeWebParent] INFO  o.eclipse.m2e.core.internal.Bundles - getClasspathEntries(Bundle=org.apache.commons.cli_1.9.0 [77])
2025-03-19 15:11:56,440 [Worker-7: Launching Executing install in C__ShopmeEcommerce_ShopmeProject_ShopmeWebParent] INFO  o.eclipse.m2e.core.internal.Bundles - 	Entry: C:\Users\enriq\Java\STS4\sts-4.29.1.RELEASE\plugins\org.apache.commons.cli_1.9.0.jar
2025-03-19 15:11:56,440 [Worker-7: Launching Executing install in C__ShopmeEcommerce_ShopmeProject_ShopmeWebParent] INFO  o.eclipse.m2e.core.internal.Bundles - getClasspathEntries(Bundle=org.apache.commons.commons-codec_1.16.0 [79])
2025-03-19 15:11:56,441 [Worker-7: Launching Executing install in C__ShopmeEcommerce_ShopmeProject_ShopmeWebParent] INFO  o.eclipse.m2e.core.internal.Bundles - 	Entry: C:\Users\enriq\Java\STS4\sts-4.29.1.RELEASE\plugins\org.apache.commons.commons-codec_1.16.0.jar
2025-03-19 15:11:56,441 [Worker-7: Launching Executing install in C__ShopmeEcommerce_ShopmeProject_ShopmeWebParent] INFO  o.eclipse.m2e.core.internal.Bundles - getClasspathEntries(Bundle=com.google.guava.failureaccess_1.0.2 [30])
2025-03-19 15:11:56,441 [Worker-7: Launching Executing install in C__ShopmeEcommerce_ShopmeProject_ShopmeWebParent] INFO  o.eclipse.m2e.core.internal.Bundles - 	Entry: C:\Users\enriq\Java\STS4\sts-4.29.1.RELEASE\plugins\com.google.guava.failureaccess_1.0.2.jar
2025-03-19 15:11:56,442 [Worker-7: Launching Executing install in C__ShopmeEcommerce_ShopmeProject_ShopmeWebParent] INFO  o.e.m.i.launch.MavenLaunchDelegate - Run build in "C:\ShopmeEcommerce\ShopmeProject\ShopmeWebParent":
2025-03-19 15:11:56,443 [Worker-7: Launching Executing install in C__ShopmeEcommerce_ShopmeProject_ShopmeWebParent] INFO  o.e.m.i.launch.MavenLaunchDelegate -  mvn  -Ppom.xml -B -Dstyle.color=always install
2025-03-19 15:13:18,082 [Worker-2: Loading available Gradle versions] INFO  o.e.b.c.i.u.g.PublishedGradleVersions - Gradle version information cache is up-to-date. Trying to read.
2025-03-19 15:14:17,940 [Worker-1: Launching Executing install in C__ShopmeEcommerce_ShopmeProject] INFO  o.eclipse.m2e.core.internal.Bundles - getClasspathEntries(Bundle=org.eclipse.m2e.maven.runtime_3.9.900.20250220-2013 [361])
2025-03-19 15:14:17,944 [Worker-1: Launching Executing install in C__ShopmeEcommerce_ShopmeProject] INFO  o.eclipse.m2e.core.internal.Bundles - 	Entry: C:\Users\enriq\Java\STS4\sts-4.29.1.RELEASE\plugins\org.eclipse.m2e.maven.runtime_3.9.900.20250220-2013
2025-03-19 15:14:17,944 [Worker-1: Launching Executing install in C__ShopmeEcommerce_ShopmeProject] INFO  o.eclipse.m2e.core.internal.Bundles - 	Entry: C:\Users\enriq\Java\STS4\sts-4.29.1.RELEASE\plugins\org.eclipse.m2e.maven.runtime_3.9.900.20250220-2013\jars\aopalliance-1.0.jar
2025-03-19 15:14:17,944 [Worker-1: Launching Executing install in C__ShopmeEcommerce_ShopmeProject] INFO  o.eclipse.m2e.core.internal.Bundles - 	Entry: C:\Users\enriq\Java\STS4\sts-4.29.1.RELEASE\plugins\org.eclipse.m2e.maven.runtime_3.9.900.20250220-2013\jars\guice-5.1.0.jar
2025-03-19 15:14:17,944 [Worker-1: Launching Executing install in C__ShopmeEcommerce_ShopmeProject] INFO  o.eclipse.m2e.core.internal.Bundles - 	Entry: C:\Users\enriq\Java\STS4\sts-4.29.1.RELEASE\plugins\org.eclipse.m2e.maven.runtime_3.9.900.20250220-2013\jars\httpclient-4.5.14.jar
2025-03-19 15:14:17,945 [Worker-1: Launching Executing install in C__ShopmeEcommerce_ShopmeProject] INFO  o.eclipse.m2e.core.internal.Bundles - 	Entry: C:\Users\enriq\Java\STS4\sts-4.29.1.RELEASE\plugins\org.eclipse.m2e.maven.runtime_3.9.900.20250220-2013\jars\httpcore-4.4.16.jar
2025-03-19 15:14:17,945 [Worker-1: Launching Executing install in C__ShopmeEcommerce_ShopmeProject] INFO  o.eclipse.m2e.core.internal.Bundles - 	Entry: C:\Users\enriq\Java\STS4\sts-4.29.1.RELEASE\plugins\org.eclipse.m2e.maven.runtime_3.9.900.20250220-2013\jars\jansi-2.4.1.jar
2025-03-19 15:14:17,945 [Worker-1: Launching Executing install in C__ShopmeEcommerce_ShopmeProject] INFO  o.eclipse.m2e.core.internal.Bundles - 	Entry: C:\Users\enriq\Java\STS4\sts-4.29.1.RELEASE\plugins\org.eclipse.m2e.maven.runtime_3.9.900.20250220-2013\jars\jcl-over-slf4j-1.7.36.jar
2025-03-19 15:14:17,945 [Worker-1: Launching Executing install in C__ShopmeEcommerce_ShopmeProject] INFO  o.eclipse.m2e.core.internal.Bundles - 	Entry: C:\Users\enriq\Java\STS4\sts-4.29.1.RELEASE\plugins\org.eclipse.m2e.maven.runtime_3.9.900.20250220-2013\jars\maven-artifact-3.9.9.jar
2025-03-19 15:14:17,946 [Worker-1: Launching Executing install in C__ShopmeEcommerce_ShopmeProject] INFO  o.eclipse.m2e.core.internal.Bundles - 	Entry: C:\Users\enriq\Java\STS4\sts-4.29.1.RELEASE\plugins\org.eclipse.m2e.maven.runtime_3.9.900.20250220-2013\jars\maven-builder-support-3.9.9.jar
2025-03-19 15:14:17,946 [Worker-1: Launching Executing install in C__ShopmeEcommerce_ShopmeProject] INFO  o.eclipse.m2e.core.internal.Bundles - 	Entry: C:\Users\enriq\Java\STS4\sts-4.29.1.RELEASE\plugins\org.eclipse.m2e.maven.runtime_3.9.900.20250220-2013\jars\maven-compat-3.9.9.jar
2025-03-19 15:14:17,946 [Worker-1: Launching Executing install in C__ShopmeEcommerce_ShopmeProject] INFO  o.eclipse.m2e.core.internal.Bundles - 	Entry: C:\Users\enriq\Java\STS4\sts-4.29.1.RELEASE\plugins\org.eclipse.m2e.maven.runtime_3.9.900.20250220-2013\jars\maven-core-3.9.9.jar
2025-03-19 15:14:17,946 [Worker-1: Launching Executing install in C__ShopmeEcommerce_ShopmeProject] INFO  o.eclipse.m2e.core.internal.Bundles - 	Entry: C:\Users\enriq\Java\STS4\sts-4.29.1.RELEASE\plugins\org.eclipse.m2e.maven.runtime_3.9.900.20250220-2013\jars\maven-embedder-3.9.9.jar
2025-03-19 15:14:17,946 [Worker-1: Launching Executing install in C__ShopmeEcommerce_ShopmeProject] INFO  o.eclipse.m2e.core.internal.Bundles - 	Entry: C:\Users\enriq\Java\STS4\sts-4.29.1.RELEASE\plugins\org.eclipse.m2e.maven.runtime_3.9.900.20250220-2013\jars\maven-model-3.9.9.jar
2025-03-19 15:14:17,946 [Worker-1: Launching Executing install in C__ShopmeEcommerce_ShopmeProject] INFO  o.eclipse.m2e.core.internal.Bundles - 	Entry: C:\Users\enriq\Java\STS4\sts-4.29.1.RELEASE\plugins\org.eclipse.m2e.maven.runtime_3.9.900.20250220-2013\jars\maven-model-builder-3.9.9.jar
2025-03-19 15:14:17,947 [Worker-1: Launching Executing install in C__ShopmeEcommerce_ShopmeProject] INFO  o.eclipse.m2e.core.internal.Bundles - 	Entry: C:\Users\enriq\Java\STS4\sts-4.29.1.RELEASE\plugins\org.eclipse.m2e.maven.runtime_3.9.900.20250220-2013\jars\maven-plugin-api-3.9.9.jar
2025-03-19 15:14:17,947 [Worker-1: Launching Executing install in C__ShopmeEcommerce_ShopmeProject] INFO  o.eclipse.m2e.core.internal.Bundles - 	Entry: C:\Users\enriq\Java\STS4\sts-4.29.1.RELEASE\plugins\org.eclipse.m2e.maven.runtime_3.9.900.20250220-2013\jars\maven-repository-metadata-3.9.9.jar
2025-03-19 15:14:17,947 [Worker-1: Launching Executing install in C__ShopmeEcommerce_ShopmeProject] INFO  o.eclipse.m2e.core.internal.Bundles - 	Entry: C:\Users\enriq\Java\STS4\sts-4.29.1.RELEASE\plugins\org.eclipse.m2e.maven.runtime_3.9.900.20250220-2013\jars\maven-resolver-api-1.9.22.jar
2025-03-19 15:14:17,947 [Worker-1: Launching Executing install in C__ShopmeEcommerce_ShopmeProject] INFO  o.eclipse.m2e.core.internal.Bundles - 	Entry: C:\Users\enriq\Java\STS4\sts-4.29.1.RELEASE\plugins\org.eclipse.m2e.maven.runtime_3.9.900.20250220-2013\jars\maven-resolver-connector-basic-1.9.22.jar
2025-03-19 15:14:17,947 [Worker-1: Launching Executing install in C__ShopmeEcommerce_ShopmeProject] INFO  o.eclipse.m2e.core.internal.Bundles - 	Entry: C:\Users\enriq\Java\STS4\sts-4.29.1.RELEASE\plugins\org.eclipse.m2e.maven.runtime_3.9.900.20250220-2013\jars\maven-resolver-impl-1.9.22.jar
2025-03-19 15:14:17,948 [Worker-1: Launching Executing install in C__ShopmeEcommerce_ShopmeProject] INFO  o.eclipse.m2e.core.internal.Bundles - 	Entry: C:\Users\enriq\Java\STS4\sts-4.29.1.RELEASE\plugins\org.eclipse.m2e.maven.runtime_3.9.900.20250220-2013\jars\maven-resolver-named-locks-1.9.22.jar
2025-03-19 15:14:17,948 [Worker-1: Launching Executing install in C__ShopmeEcommerce_ShopmeProject] INFO  o.eclipse.m2e.core.internal.Bundles - 	Entry: C:\Users\enriq\Java\STS4\sts-4.29.1.RELEASE\plugins\org.eclipse.m2e.maven.runtime_3.9.900.20250220-2013\jars\maven-resolver-provider-3.9.9.jar
2025-03-19 15:14:17,948 [Worker-1: Launching Executing install in C__ShopmeEcommerce_ShopmeProject] INFO  o.eclipse.m2e.core.internal.Bundles - 	Entry: C:\Users\enriq\Java\STS4\sts-4.29.1.RELEASE\plugins\org.eclipse.m2e.maven.runtime_3.9.900.20250220-2013\jars\maven-resolver-spi-1.9.22.jar
2025-03-19 15:14:17,948 [Worker-1: Launching Executing install in C__ShopmeEcommerce_ShopmeProject] INFO  o.eclipse.m2e.core.internal.Bundles - 	Entry: C:\Users\enriq\Java\STS4\sts-4.29.1.RELEASE\plugins\org.eclipse.m2e.maven.runtime_3.9.900.20250220-2013\jars\maven-resolver-transport-file-1.9.22.jar
2025-03-19 15:14:17,948 [Worker-1: Launching Executing install in C__ShopmeEcommerce_ShopmeProject] INFO  o.eclipse.m2e.core.internal.Bundles - 	Entry: C:\Users\enriq\Java\STS4\sts-4.29.1.RELEASE\plugins\org.eclipse.m2e.maven.runtime_3.9.900.20250220-2013\jars\maven-resolver-transport-http-1.9.22.jar
2025-03-19 15:14:17,948 [Worker-1: Launching Executing install in C__ShopmeEcommerce_ShopmeProject] INFO  o.eclipse.m2e.core.internal.Bundles - 	Entry: C:\Users\enriq\Java\STS4\sts-4.29.1.RELEASE\plugins\org.eclipse.m2e.maven.runtime_3.9.900.20250220-2013\jars\maven-resolver-transport-wagon-1.9.22.jar
2025-03-19 15:14:17,949 [Worker-1: Launching Executing install in C__ShopmeEcommerce_ShopmeProject] INFO  o.eclipse.m2e.core.internal.Bundles - 	Entry: C:\Users\enriq\Java\STS4\sts-4.29.1.RELEASE\plugins\org.eclipse.m2e.maven.runtime_3.9.900.20250220-2013\jars\maven-resolver-util-1.9.22.jar
2025-03-19 15:14:17,949 [Worker-1: Launching Executing install in C__ShopmeEcommerce_ShopmeProject] INFO  o.eclipse.m2e.core.internal.Bundles - 	Entry: C:\Users\enriq\Java\STS4\sts-4.29.1.RELEASE\plugins\org.eclipse.m2e.maven.runtime_3.9.900.20250220-2013\jars\maven-settings-3.9.9.jar
2025-03-19 15:14:17,949 [Worker-1: Launching Executing install in C__ShopmeEcommerce_ShopmeProject] INFO  o.eclipse.m2e.core.internal.Bundles - 	Entry: C:\Users\enriq\Java\STS4\sts-4.29.1.RELEASE\plugins\org.eclipse.m2e.maven.runtime_3.9.900.20250220-2013\jars\maven-settings-builder-3.9.9.jar
2025-03-19 15:14:17,949 [Worker-1: Launching Executing install in C__ShopmeEcommerce_ShopmeProject] INFO  o.eclipse.m2e.core.internal.Bundles - 	Entry: C:\Users\enriq\Java\STS4\sts-4.29.1.RELEASE\plugins\org.eclipse.m2e.maven.runtime_3.9.900.20250220-2013\jars\maven-shared-utils-3.4.2.jar
2025-03-19 15:14:17,949 [Worker-1: Launching Executing install in C__ShopmeEcommerce_ShopmeProject] INFO  o.eclipse.m2e.core.internal.Bundles - 	Entry: C:\Users\enriq\Java\STS4\sts-4.29.1.RELEASE\plugins\org.eclipse.m2e.maven.runtime_3.9.900.20250220-2013\jars\org.eclipse.sisu.inject-0.9.0.M3.jar
2025-03-19 15:14:17,950 [Worker-1: Launching Executing install in C__ShopmeEcommerce_ShopmeProject] INFO  o.eclipse.m2e.core.internal.Bundles - 	Entry: C:\Users\enriq\Java\STS4\sts-4.29.1.RELEASE\plugins\org.eclipse.m2e.maven.runtime_3.9.900.20250220-2013\jars\org.eclipse.sisu.plexus-0.9.0.M3.jar
2025-03-19 15:14:17,950 [Worker-1: Launching Executing install in C__ShopmeEcommerce_ShopmeProject] INFO  o.eclipse.m2e.core.internal.Bundles - 	Entry: C:\Users\enriq\Java\STS4\sts-4.29.1.RELEASE\plugins\org.eclipse.m2e.maven.runtime_3.9.900.20250220-2013\jars\plexus-build-api-0.0.7.jar
2025-03-19 15:14:17,950 [Worker-1: Launching Executing install in C__ShopmeEcommerce_ShopmeProject] INFO  o.eclipse.m2e.core.internal.Bundles - 	Entry: C:\Users\enriq\Java\STS4\sts-4.29.1.RELEASE\plugins\org.eclipse.m2e.maven.runtime_3.9.900.20250220-2013\jars\plexus-build-api-1.2.0.jar
2025-03-19 15:14:17,950 [Worker-1: Launching Executing install in C__ShopmeEcommerce_ShopmeProject] INFO  o.eclipse.m2e.core.internal.Bundles - 	Entry: C:\Users\enriq\Java\STS4\sts-4.29.1.RELEASE\plugins\org.eclipse.m2e.maven.runtime_3.9.900.20250220-2013\jars\plexus-cipher-2.0.jar
2025-03-19 15:14:17,950 [Worker-1: Launching Executing install in C__ShopmeEcommerce_ShopmeProject] INFO  o.eclipse.m2e.core.internal.Bundles - 	Entry: C:\Users\enriq\Java\STS4\sts-4.29.1.RELEASE\plugins\org.eclipse.m2e.maven.runtime_3.9.900.20250220-2013\jars\plexus-classworlds-2.8.0.jar
2025-03-19 15:14:17,950 [Worker-1: Launching Executing install in C__ShopmeEcommerce_ShopmeProject] INFO  o.eclipse.m2e.core.internal.Bundles - 	Entry: C:\Users\enriq\Java\STS4\sts-4.29.1.RELEASE\plugins\org.eclipse.m2e.maven.runtime_3.9.900.20250220-2013\jars\plexus-component-annotations-2.1.0.jar
2025-03-19 15:14:17,951 [Worker-1: Launching Executing install in C__ShopmeEcommerce_ShopmeProject] INFO  o.eclipse.m2e.core.internal.Bundles - 	Entry: C:\Users\enriq\Java\STS4\sts-4.29.1.RELEASE\plugins\org.eclipse.m2e.maven.runtime_3.9.900.20250220-2013\jars\plexus-interpolation-1.27.jar
2025-03-19 15:14:17,951 [Worker-1: Launching Executing install in C__ShopmeEcommerce_ShopmeProject] INFO  o.eclipse.m2e.core.internal.Bundles - 	Entry: C:\Users\enriq\Java\STS4\sts-4.29.1.RELEASE\plugins\org.eclipse.m2e.maven.runtime_3.9.900.20250220-2013\jars\plexus-sec-dispatcher-2.0.jar
2025-03-19 15:14:17,951 [Worker-1: Launching Executing install in C__ShopmeEcommerce_ShopmeProject] INFO  o.eclipse.m2e.core.internal.Bundles - 	Entry: C:\Users\enriq\Java\STS4\sts-4.29.1.RELEASE\plugins\org.eclipse.m2e.maven.runtime_3.9.900.20250220-2013\jars\plexus-utils-3.5.1.jar
2025-03-19 15:14:17,951 [Worker-1: Launching Executing install in C__ShopmeEcommerce_ShopmeProject] INFO  o.eclipse.m2e.core.internal.Bundles - 	Entry: C:\Users\enriq\Java\STS4\sts-4.29.1.RELEASE\plugins\org.eclipse.m2e.maven.runtime_3.9.900.20250220-2013\jars\plexus-xml-3.0.1.jar
2025-03-19 15:14:17,952 [Worker-1: Launching Executing install in C__ShopmeEcommerce_ShopmeProject] INFO  o.eclipse.m2e.core.internal.Bundles - 	Entry: C:\Users\enriq\Java\STS4\sts-4.29.1.RELEASE\plugins\org.eclipse.m2e.maven.runtime_3.9.900.20250220-2013\jars\wagon-file-3.5.3.jar
2025-03-19 15:14:17,952 [Worker-1: Launching Executing install in C__ShopmeEcommerce_ShopmeProject] INFO  o.eclipse.m2e.core.internal.Bundles - 	Entry: C:\Users\enriq\Java\STS4\sts-4.29.1.RELEASE\plugins\org.eclipse.m2e.maven.runtime_3.9.900.20250220-2013\jars\wagon-http-3.5.3.jar
2025-03-19 15:14:17,952 [Worker-1: Launching Executing install in C__ShopmeEcommerce_ShopmeProject] INFO  o.eclipse.m2e.core.internal.Bundles - 	Entry: C:\Users\enriq\Java\STS4\sts-4.29.1.RELEASE\plugins\org.eclipse.m2e.maven.runtime_3.9.900.20250220-2013\jars\wagon-http-shared-3.5.3.jar
2025-03-19 15:14:17,952 [Worker-1: Launching Executing install in C__ShopmeEcommerce_ShopmeProject] INFO  o.eclipse.m2e.core.internal.Bundles - 	Entry: C:\Users\enriq\Java\STS4\sts-4.29.1.RELEASE\plugins\org.eclipse.m2e.maven.runtime_3.9.900.20250220-2013\jars\wagon-provider-api-3.5.3.jar
2025-03-19 15:14:17,954 [Worker-1: Launching Executing install in C__ShopmeEcommerce_ShopmeProject] INFO  o.eclipse.m2e.core.internal.Bundles - getClasspathEntries(Bundle=com.google.guava_33.4.0.jre [29])
2025-03-19 15:14:17,955 [Worker-1: Launching Executing install in C__ShopmeEcommerce_ShopmeProject] INFO  o.eclipse.m2e.core.internal.Bundles - 	Entry: C:\Users\enriq\Java\STS4\sts-4.29.1.RELEASE\plugins\com.google.guava_33.4.0.jre.jar
2025-03-19 15:14:17,955 [Worker-1: Launching Executing install in C__ShopmeEcommerce_ShopmeProject] INFO  o.eclipse.m2e.core.internal.Bundles - getClasspathEntries(Bundle=slf4j.api_2.0.17 [608])
2025-03-19 15:14:17,955 [Worker-1: Launching Executing install in C__ShopmeEcommerce_ShopmeProject] INFO  o.eclipse.m2e.core.internal.Bundles - 	Entry: C:\Users\enriq\Java\STS4\sts-4.29.1.RELEASE\plugins\slf4j.api_2.0.17.jar
2025-03-19 15:14:17,955 [Worker-1: Launching Executing install in C__ShopmeEcommerce_ShopmeProject] INFO  o.eclipse.m2e.core.internal.Bundles - getClasspathEntries(Bundle=jakarta.inject.jakarta.inject-api_1.0.5 [45])
2025-03-19 15:14:17,955 [Worker-1: Launching Executing install in C__ShopmeEcommerce_ShopmeProject] INFO  o.eclipse.m2e.core.internal.Bundles - 	Entry: C:\Users\enriq\Java\STS4\sts-4.29.1.RELEASE\plugins\jakarta.inject.jakarta.inject-api_1.0.5.jar
2025-03-19 15:14:17,955 [Worker-1: Launching Executing install in C__ShopmeEcommerce_ShopmeProject] INFO  o.eclipse.m2e.core.internal.Bundles - getClasspathEntries(Bundle=jakarta.annotation-api_1.3.5 [41])
2025-03-19 15:14:17,956 [Worker-1: Launching Executing install in C__ShopmeEcommerce_ShopmeProject] INFO  o.eclipse.m2e.core.internal.Bundles - 	Entry: C:\Users\enriq\Java\STS4\sts-4.29.1.RELEASE\plugins\jakarta.annotation-api_1.3.5.jar
2025-03-19 15:14:17,956 [Worker-1: Launching Executing install in C__ShopmeEcommerce_ShopmeProject] INFO  o.eclipse.m2e.core.internal.Bundles - getClasspathEntries(Bundle=org.apache.commons.cli_1.9.0 [77])
2025-03-19 15:14:17,956 [Worker-1: Launching Executing install in C__ShopmeEcommerce_ShopmeProject] INFO  o.eclipse.m2e.core.internal.Bundles - 	Entry: C:\Users\enriq\Java\STS4\sts-4.29.1.RELEASE\plugins\org.apache.commons.cli_1.9.0.jar
2025-03-19 15:14:17,957 [Worker-1: Launching Executing install in C__ShopmeEcommerce_ShopmeProject] INFO  o.eclipse.m2e.core.internal.Bundles - getClasspathEntries(Bundle=org.apache.commons.commons-codec_1.16.0 [79])
2025-03-19 15:14:17,957 [Worker-1: Launching Executing install in C__ShopmeEcommerce_ShopmeProject] INFO  o.eclipse.m2e.core.internal.Bundles - 	Entry: C:\Users\enriq\Java\STS4\sts-4.29.1.RELEASE\plugins\org.apache.commons.commons-codec_1.16.0.jar
2025-03-19 15:14:17,957 [Worker-1: Launching Executing install in C__ShopmeEcommerce_ShopmeProject] INFO  o.eclipse.m2e.core.internal.Bundles - getClasspathEntries(Bundle=com.google.guava.failureaccess_1.0.2 [30])
2025-03-19 15:14:17,957 [Worker-1: Launching Executing install in C__ShopmeEcommerce_ShopmeProject] INFO  o.eclipse.m2e.core.internal.Bundles - 	Entry: C:\Users\enriq\Java\STS4\sts-4.29.1.RELEASE\plugins\com.google.guava.failureaccess_1.0.2.jar
2025-03-19 15:14:17,964 [Worker-1: Launching Executing install in C__ShopmeEcommerce_ShopmeProject] INFO  o.e.m.i.launch.MavenLaunchDelegate - Run build in "C:\ShopmeEcommerce\ShopmeProject":
2025-03-19 15:14:17,968 [Worker-1: Launching Executing install in C__ShopmeEcommerce_ShopmeProject] INFO  o.e.m.i.launch.MavenLaunchDelegate -  mvn  -B -Dstyle.color=always install
2025-03-19 16:17:22,152 [Worker-4: Loading available Gradle versions] INFO  o.e.b.c.i.u.g.PublishedGradleVersions - Gradle version information cache is up-to-date. Trying to read.
2025-03-24 17:23:18,565 [Worker-5: Loading available Gradle versions] INFO  o.e.b.c.i.u.g.PublishedGradleVersions - Gradle version information cache is out-of-date. Trying to update.
2025-03-24 17:25:41,713 [Worker-1: Building] INFO  o.a.m.s.f.DefaultMavenResourcesFiltering - Copying 1 resource from src\main\resources to target\classes
2025-03-24 17:25:41,733 [Worker-1: Building] INFO  o.a.m.s.f.DefaultMavenResourcesFiltering - Copying 2 resources from src\main\resources to target\classes
2025-03-24 17:25:41,761 [Worker-1: Building] INFO  o.a.m.s.f.DefaultMavenResourcesFiltering - skip non existing resourceDirectory C:\ShopmeEcommerce\ShopmeProject\ShopmeWebParent\ShopmeBackEnd\src\test\resources
2025-03-24 17:25:45,758 [Worker-1: Building] INFO  o.a.m.s.f.DefaultMavenResourcesFiltering - Copying 1 resource from src\main\resources to target\classes
2025-03-24 17:25:45,790 [Worker-1: Building] INFO  o.a.m.s.f.DefaultMavenResourcesFiltering - Copying 0 resource from src\main\resources to target\classes
2025-03-24 17:25:45,795 [Worker-1: Building] INFO  o.a.m.s.f.DefaultMavenResourcesFiltering - skip non existing resourceDirectory C:\ShopmeEcommerce\ShopmeProject\ShopmeCommon\src\test\resources
2025-03-24 17:25:47,669 [Worker-1: Building] INFO  o.a.m.s.f.DefaultMavenResourcesFiltering - Copying 1 resource from src\main\resources to target\classes
2025-03-24 17:25:47,706 [Worker-1: Building] INFO  o.a.m.s.f.DefaultMavenResourcesFiltering - Copying 1 resource from src\main\resources to target\classes
2025-03-24 17:25:47,717 [Worker-1: Building] INFO  o.a.m.s.f.DefaultMavenResourcesFiltering - skip non existing resourceDirectory C:\ShopmeEcommerce\ShopmeProject\ShopmeWebParent\ShopmeFrontEnd\src\test\resources
2025-03-24 17:33:20,850 [Worker-4: Building] INFO  o.e.m.c.i.l.LifecycleMappingFactory - Using NULL lifecycle mapping for MavenProject: com.shopme:ShopmeWebParent:0.0.1-SNAPSHOT @ C:\ShopmeEcommerce\ShopmeProject\ShopmeWebParent\pom.xml.
2025-03-24 17:33:24,591 [Worker-4: Building] INFO  o.e.m.c.i.e.AbstractTransferListenerAdapter - Downloaded https://repo.maven.apache.org/maven2/org/webjars/boostrap/5.3.2/boostrap-5.3.2.pom
2025-03-24 17:33:24,593 [Worker-4: Building] WARN  o.e.m.c.i.embedder.EclipseLogger - The POM for org.webjars:boostrap:jar:5.3.2 is missing, no dependency information available
2025-03-24 17:33:24,620 [Worker-4: Building] INFO  o.e.m.c.i.e.AbstractTransferListenerAdapter - Downloading https://repo.maven.apache.org/maven2/org/webjars/jquery/3.7.1/jquery-3.7.1.pom
2025-03-24 17:33:24,666 [Worker-4: Building] INFO  o.e.m.c.i.e.AbstractTransferListenerAdapter - Downloaded https://repo.maven.apache.org/maven2/org/webjars/jquery/3.7.1/jquery-3.7.1.pom
2025-03-24 17:33:24,700 [Worker-4: Building] INFO  o.e.m.c.i.e.AbstractTransferListenerAdapter - Downloading https://repo.maven.apache.org/maven2/org/webjars/webjars-locator-core/0.59/webjars-locator-core-0.59.pom
2025-03-24 17:33:24,769 [Worker-4: Building] INFO  o.e.m.c.i.e.AbstractTransferListenerAdapter - Downloaded https://repo.maven.apache.org/maven2/org/webjars/webjars-locator-core/0.59/webjars-locator-core-0.59.pom
2025-03-24 17:33:24,815 [Worker-4: Building] INFO  o.e.m.c.i.e.AbstractTransferListenerAdapter - Downloading https://repo.maven.apache.org/maven2/io/github/classgraph/classgraph/4.8.173/classgraph-4.8.173.pom
2025-03-24 17:33:24,872 [Worker-4: Building] INFO  o.e.m.c.i.e.AbstractTransferListenerAdapter - Downloaded https://repo.maven.apache.org/maven2/io/github/classgraph/classgraph/4.8.173/classgraph-4.8.173.pom
2025-03-24 17:33:25,032 [Worker-4: Building] INFO  o.e.m.c.i.e.AbstractTransferListenerAdapter - Downloaded https://repo.maven.apache.org/maven2/org/webjars/boostrap/5.3.2/boostrap-5.3.2.jar
2025-03-24 17:33:25,055 [BasicRepositoryConnector-repo.maven.apache.org-0-1] INFO  o.e.m.c.i.e.AbstractTransferListenerAdapter - Downloading https://repo.maven.apache.org/maven2/org/webjars/webjars-locator-core/0.59/webjars-locator-core-0.59.jar
2025-03-24 17:33:25,115 [BasicRepositoryConnector-repo.maven.apache.org-0-0] INFO  o.e.m.c.i.e.AbstractTransferListenerAdapter - Downloading https://repo.maven.apache.org/maven2/org/webjars/jquery/3.7.1/jquery-3.7.1.jar
2025-03-24 17:33:25,128 [BasicRepositoryConnector-repo.maven.apache.org-0-2] INFO  o.e.m.c.i.e.AbstractTransferListenerAdapter - Downloading https://repo.maven.apache.org/maven2/io/github/classgraph/classgraph/4.8.173/classgraph-4.8.173.jar
2025-03-24 17:33:25,361 [BasicRepositoryConnector-repo.maven.apache.org-0-0] INFO  o.e.m.c.i.e.AbstractTransferListenerAdapter - Downloaded https://repo.maven.apache.org/maven2/org/webjars/jquery/3.7.1/jquery-3.7.1.jar
2025-03-24 17:33:25,390 [BasicRepositoryConnector-repo.maven.apache.org-0-1] INFO  o.e.m.c.i.e.AbstractTransferListenerAdapter - Downloaded https://repo.maven.apache.org/maven2/org/webjars/webjars-locator-core/0.59/webjars-locator-core-0.59.jar
2025-03-24 17:33:25,471 [BasicRepositoryConnector-repo.maven.apache.org-0-2] INFO  o.e.m.c.i.e.AbstractTransferListenerAdapter - Downloaded https://repo.maven.apache.org/maven2/io/github/classgraph/classgraph/4.8.173/classgraph-4.8.173.jar
2025-03-24 17:33:28,549 [Worker-4: Building] INFO  o.e.m.c.i.l.LifecycleMappingFactory - Using org.eclipse.m2e.jdt.JarLifecycleMapping lifecycle mapping for MavenProject: com.shopme:ShopmeBackEnd:0.0.1-SNAPSHOT @ C:\ShopmeEcommerce\ShopmeProject\ShopmeWebParent\ShopmeBackEnd\pom.xml.
2025-03-24 17:33:28,705 [Worker-4: Building] INFO  o.e.m.c.i.l.LifecycleMappingFactory - Using org.eclipse.m2e.jdt.JarLifecycleMapping lifecycle mapping for MavenProject: com.shopme:ShopmeFrontEnd:0.0.1-SNAPSHOT @ C:\ShopmeEcommerce\ShopmeProject\ShopmeWebParent\ShopmeFrontEnd\pom.xml.
2025-03-24 17:33:34,980 [Worker-4: Download sources and javadoc] INFO  o.e.m.c.i.e.AbstractTransferListenerAdapter - Downloaded https://repo.maven.apache.org/maven2/org/webjars/boostrap/5.3.2/boostrap-5.3.2-sources.jar
2025-03-24 17:33:34,986 [Worker-4: Download sources and javadoc] ERROR o.e.m.j.internal.DownloadSourcesJob - Could not download sources for org.webjars:boostrap:5.3.2
org.eclipse.core.runtime.CoreException: Could not resolve artifact org.webjars:boostrap:jar:sources:5.3.2
	at org.eclipse.m2e.core.internal.embedder.MavenImpl.lambda$7(MavenImpl.java:540)
	at org.eclipse.m2e.core.internal.embedder.MavenExecutionContext.executeBare(MavenExecutionContext.java:458)
	at org.eclipse.m2e.core.internal.embedder.MavenExecutionContext.execute(MavenExecutionContext.java:292)
	at org.eclipse.m2e.core.internal.embedder.MavenExecutionContext.execute(MavenExecutionContext.java:278)
	at org.eclipse.m2e.core.internal.embedder.MavenImpl.resolve(MavenImpl.java:509)
	at org.eclipse.m2e.core.internal.embedder.MavenImpl.resolve(MavenImpl.java:494)
	at org.eclipse.m2e.jdt.internal.DownloadSourcesJob.download(DownloadSourcesJob.java:308)
	at org.eclipse.m2e.jdt.internal.DownloadSourcesJob.downloadAttachments(DownloadSourcesJob.java:282)
	at org.eclipse.m2e.jdt.internal.DownloadSourcesJob.downloadMaven(DownloadSourcesJob.java:252)
	at org.eclipse.m2e.jdt.internal.DownloadSourcesJob.downloadFilesAndPopulateToUpdate(DownloadSourcesJob.java:220)
	at org.eclipse.m2e.jdt.internal.DownloadSourcesJob.lambda$0(DownloadSourcesJob.java:149)
	at org.eclipse.m2e.core.internal.embedder.MavenExecutionContext.executeBare(MavenExecutionContext.java:458)
	at org.eclipse.m2e.core.internal.embedder.MavenExecutionContext.execute(MavenExecutionContext.java:339)
	at org.eclipse.m2e.core.internal.embedder.MavenExecutionContext.execute(MavenExecutionContext.java:278)
	at org.eclipse.m2e.core.embedder.IMaven.execute(IMaven.java:300)
	at org.eclipse.m2e.jdt.internal.DownloadSourcesJob.run(DownloadSourcesJob.java:149)
	at org.eclipse.core.internal.jobs.Worker.run(Worker.java:63)
2025-03-24 17:33:35,084 [Worker-4: Download sources and javadoc] INFO  o.e.m.c.i.e.AbstractTransferListenerAdapter - Downloading https://repo.maven.apache.org/maven2/org/webjars/jquery/3.7.1/jquery-3.7.1-sources.jar
2025-03-24 17:33:35,135 [Worker-4: Download sources and javadoc] INFO  o.e.m.c.i.e.AbstractTransferListenerAdapter - Downloaded https://repo.maven.apache.org/maven2/org/webjars/jquery/3.7.1/jquery-3.7.1-sources.jar
2025-03-24 17:33:35,139 [Worker-4: Download sources and javadoc] INFO  o.e.m.j.internal.DownloadSourcesJob - Downloaded sources for org.webjars:jquery:3.7.1
2025-03-24 17:33:35,220 [Worker-4: Download sources and javadoc] INFO  o.e.m.c.i.e.AbstractTransferListenerAdapter - Downloading https://repo.maven.apache.org/maven2/org/webjars/webjars-locator-core/0.59/webjars-locator-core-0.59-sources.jar
2025-03-24 17:33:35,516 [Worker-4: Download sources and javadoc] INFO  o.e.m.c.i.e.AbstractTransferListenerAdapter - Downloaded https://repo.maven.apache.org/maven2/org/webjars/webjars-locator-core/0.59/webjars-locator-core-0.59-sources.jar
2025-03-24 17:33:35,521 [Worker-4: Download sources and javadoc] INFO  o.e.m.j.internal.DownloadSourcesJob - Downloaded sources for org.webjars:webjars-locator-core:0.59
2025-03-24 17:33:35,623 [Worker-4: Download sources and javadoc] INFO  o.e.m.c.i.e.AbstractTransferListenerAdapter - Downloading https://repo.maven.apache.org/maven2/io/github/classgraph/classgraph/4.8.173/classgraph-4.8.173-sources.jar
2025-03-24 17:33:35,994 [Worker-4: Download sources and javadoc] INFO  o.e.m.c.i.e.AbstractTransferListenerAdapter - Downloaded https://repo.maven.apache.org/maven2/io/github/classgraph/classgraph/4.8.173/classgraph-4.8.173-sources.jar
2025-03-24 17:33:35,999 [Worker-4: Download sources and javadoc] INFO  o.e.m.j.internal.DownloadSourcesJob - Downloaded sources for io.github.classgraph:classgraph:4.8.173
2025-03-24 17:33:36,121 [Worker-4: Download sources and javadoc] INFO  o.e.m.c.i.e.AbstractTransferListenerAdapter - Downloaded https://repo.maven.apache.org/maven2/org/webjars/boostrap/5.3.2/boostrap-5.3.2-javadoc.jar
2025-03-24 17:33:36,125 [Worker-4: Download sources and javadoc] ERROR o.e.m.j.internal.DownloadSourcesJob - Could not download javadoc for org.webjars:boostrap:5.3.2
org.eclipse.core.runtime.CoreException: Could not resolve artifact org.webjars:boostrap:jar:javadoc:5.3.2
	at org.eclipse.m2e.core.internal.embedder.MavenImpl.lambda$7(MavenImpl.java:540)
	at org.eclipse.m2e.core.internal.embedder.MavenExecutionContext.executeBare(MavenExecutionContext.java:458)
	at org.eclipse.m2e.core.internal.embedder.MavenExecutionContext.execute(MavenExecutionContext.java:292)
	at org.eclipse.m2e.core.internal.embedder.MavenExecutionContext.execute(MavenExecutionContext.java:278)
	at org.eclipse.m2e.core.internal.embedder.MavenImpl.resolve(MavenImpl.java:509)
	at org.eclipse.m2e.core.internal.embedder.MavenImpl.resolve(MavenImpl.java:494)
	at org.eclipse.m2e.jdt.internal.DownloadSourcesJob.download(DownloadSourcesJob.java:308)
	at org.eclipse.m2e.jdt.internal.DownloadSourcesJob.downloadAttachments(DownloadSourcesJob.java:294)
	at org.eclipse.m2e.jdt.internal.DownloadSourcesJob.downloadMaven(DownloadSourcesJob.java:252)
	at org.eclipse.m2e.jdt.internal.DownloadSourcesJob.downloadFilesAndPopulateToUpdate(DownloadSourcesJob.java:220)
	at org.eclipse.m2e.jdt.internal.DownloadSourcesJob.lambda$0(DownloadSourcesJob.java:149)
	at org.eclipse.m2e.core.internal.embedder.MavenExecutionContext.executeBare(MavenExecutionContext.java:458)
	at org.eclipse.m2e.core.internal.embedder.MavenExecutionContext.execute(MavenExecutionContext.java:339)
	at org.eclipse.m2e.core.internal.embedder.MavenExecutionContext.execute(MavenExecutionContext.java:278)
	at org.eclipse.m2e.core.embedder.IMaven.execute(IMaven.java:300)
	at org.eclipse.m2e.jdt.internal.DownloadSourcesJob.run(DownloadSourcesJob.java:149)
	at org.eclipse.core.internal.jobs.Worker.run(Worker.java:63)
2025-03-24 17:33:36,134 [Worker-4: Download sources and javadoc] INFO  o.e.m.j.internal.DownloadSourcesJob - Downloaded sources for org.webjars:jquery:3.7.1
2025-03-24 17:33:36,143 [Worker-4: Download sources and javadoc] INFO  o.e.m.j.internal.DownloadSourcesJob - Downloaded sources for org.webjars:webjars-locator-core:0.59
2025-03-24 17:33:36,153 [Worker-4: Download sources and javadoc] INFO  o.e.m.j.internal.DownloadSourcesJob - Downloaded sources for io.github.classgraph:classgraph:4.8.173
2025-03-24 17:33:36,164 [Worker-4: Download sources and javadoc] INFO  o.e.m.j.internal.DownloadSourcesJob - Downloaded sources for org.webjars:jquery:3.7.1
2025-03-24 17:33:36,173 [Worker-4: Download sources and javadoc] INFO  o.e.m.j.internal.DownloadSourcesJob - Downloaded sources for org.webjars:webjars-locator-core:0.59
2025-03-24 17:33:36,178 [Worker-4: Download sources and javadoc] INFO  o.e.m.j.internal.DownloadSourcesJob - Downloaded sources for io.github.classgraph:classgraph:4.8.173
2025-03-24 17:38:44,729 [Worker-12: Building] INFO  o.e.m.c.i.l.LifecycleMappingFactory - Using NULL lifecycle mapping for MavenProject: com.shopme:ShopmeWebParent:0.0.1-SNAPSHOT @ C:\ShopmeEcommerce\ShopmeProject\ShopmeWebParent\pom.xml.
2025-03-24 17:38:45,027 [Worker-12: Building] INFO  o.e.m.c.i.e.AbstractTransferListenerAdapter - Downloaded https://repo.maven.apache.org/maven2/org/webjars/boostrap/5.3.3/boostrap-5.3.3.pom
2025-03-24 17:38:45,029 [Worker-12: Building] WARN  o.e.m.c.i.embedder.EclipseLogger - The POM for org.webjars:boostrap:jar:5.3.3 is missing, no dependency information available
2025-03-24 17:38:45,124 [Worker-12: Building] INFO  o.e.m.c.i.e.AbstractTransferListenerAdapter - Downloaded https://repo.maven.apache.org/maven2/org/webjars/boostrap/5.3.3/boostrap-5.3.3.jar
2025-03-24 17:38:45,187 [Worker-12: Building] INFO  o.e.m.c.i.l.LifecycleMappingFactory - Using org.eclipse.m2e.jdt.JarLifecycleMapping lifecycle mapping for MavenProject: com.shopme:ShopmeBackEnd:0.0.1-SNAPSHOT @ C:\ShopmeEcommerce\ShopmeProject\ShopmeWebParent\ShopmeBackEnd\pom.xml.
2025-03-24 17:38:45,325 [Worker-12: Building] INFO  o.e.m.c.i.l.LifecycleMappingFactory - Using org.eclipse.m2e.jdt.JarLifecycleMapping lifecycle mapping for MavenProject: com.shopme:ShopmeFrontEnd:0.0.1-SNAPSHOT @ C:\ShopmeEcommerce\ShopmeProject\ShopmeWebParent\ShopmeFrontEnd\pom.xml.
2025-03-24 17:38:46,717 [Worker-14: Download sources and javadoc] INFO  o.e.m.c.i.e.AbstractTransferListenerAdapter - Downloaded https://repo.maven.apache.org/maven2/org/webjars/boostrap/5.3.3/boostrap-5.3.3-sources.jar
2025-03-24 17:38:46,730 [Worker-14: Download sources and javadoc] ERROR o.e.m.j.internal.DownloadSourcesJob - Could not download sources for org.webjars:boostrap:5.3.3
org.eclipse.core.runtime.CoreException: Could not resolve artifact org.webjars:boostrap:jar:sources:5.3.3
	at org.eclipse.m2e.core.internal.embedder.MavenImpl.lambda$7(MavenImpl.java:540)
	at org.eclipse.m2e.core.internal.embedder.MavenExecutionContext.executeBare(MavenExecutionContext.java:458)
	at org.eclipse.m2e.core.internal.embedder.MavenExecutionContext.execute(MavenExecutionContext.java:292)
	at org.eclipse.m2e.core.internal.embedder.MavenExecutionContext.execute(MavenExecutionContext.java:278)
	at org.eclipse.m2e.core.internal.embedder.MavenImpl.resolve(MavenImpl.java:509)
	at org.eclipse.m2e.core.internal.embedder.MavenImpl.resolve(MavenImpl.java:494)
	at org.eclipse.m2e.jdt.internal.DownloadSourcesJob.download(DownloadSourcesJob.java:308)
	at org.eclipse.m2e.jdt.internal.DownloadSourcesJob.downloadAttachments(DownloadSourcesJob.java:282)
	at org.eclipse.m2e.jdt.internal.DownloadSourcesJob.downloadMaven(DownloadSourcesJob.java:252)
	at org.eclipse.m2e.jdt.internal.DownloadSourcesJob.downloadFilesAndPopulateToUpdate(DownloadSourcesJob.java:220)
	at org.eclipse.m2e.jdt.internal.DownloadSourcesJob.lambda$0(DownloadSourcesJob.java:149)
	at org.eclipse.m2e.core.internal.embedder.MavenExecutionContext.executeBare(MavenExecutionContext.java:458)
	at org.eclipse.m2e.core.internal.embedder.MavenExecutionContext.execute(MavenExecutionContext.java:339)
	at org.eclipse.m2e.core.internal.embedder.MavenExecutionContext.execute(MavenExecutionContext.java:278)
	at org.eclipse.m2e.core.embedder.IMaven.execute(IMaven.java:300)
	at org.eclipse.m2e.jdt.internal.DownloadSourcesJob.run(DownloadSourcesJob.java:149)
	at org.eclipse.core.internal.jobs.Worker.run(Worker.java:63)
2025-03-24 17:38:46,869 [Worker-14: Download sources and javadoc] INFO  o.e.m.c.i.e.AbstractTransferListenerAdapter - Downloaded https://repo.maven.apache.org/maven2/org/webjars/boostrap/5.3.3/boostrap-5.3.3-javadoc.jar
2025-03-24 17:38:46,872 [Worker-14: Download sources and javadoc] ERROR o.e.m.j.internal.DownloadSourcesJob - Could not download javadoc for org.webjars:boostrap:5.3.3
org.eclipse.core.runtime.CoreException: Could not resolve artifact org.webjars:boostrap:jar:javadoc:5.3.3
	at org.eclipse.m2e.core.internal.embedder.MavenImpl.lambda$7(MavenImpl.java:540)
	at org.eclipse.m2e.core.internal.embedder.MavenExecutionContext.executeBare(MavenExecutionContext.java:458)
	at org.eclipse.m2e.core.internal.embedder.MavenExecutionContext.execute(MavenExecutionContext.java:292)
	at org.eclipse.m2e.core.internal.embedder.MavenExecutionContext.execute(MavenExecutionContext.java:278)
	at org.eclipse.m2e.core.internal.embedder.MavenImpl.resolve(MavenImpl.java:509)
	at org.eclipse.m2e.core.internal.embedder.MavenImpl.resolve(MavenImpl.java:494)
	at org.eclipse.m2e.jdt.internal.DownloadSourcesJob.download(DownloadSourcesJob.java:308)
	at org.eclipse.m2e.jdt.internal.DownloadSourcesJob.downloadAttachments(DownloadSourcesJob.java:294)
	at org.eclipse.m2e.jdt.internal.DownloadSourcesJob.downloadMaven(DownloadSourcesJob.java:252)
	at org.eclipse.m2e.jdt.internal.DownloadSourcesJob.downloadFilesAndPopulateToUpdate(DownloadSourcesJob.java:220)
	at org.eclipse.m2e.jdt.internal.DownloadSourcesJob.lambda$0(DownloadSourcesJob.java:149)
	at org.eclipse.m2e.core.internal.embedder.MavenExecutionContext.executeBare(MavenExecutionContext.java:458)
	at org.eclipse.m2e.core.internal.embedder.MavenExecutionContext.execute(MavenExecutionContext.java:339)
	at org.eclipse.m2e.core.internal.embedder.MavenExecutionContext.execute(MavenExecutionContext.java:278)
	at org.eclipse.m2e.core.embedder.IMaven.execute(IMaven.java:300)
	at org.eclipse.m2e.jdt.internal.DownloadSourcesJob.run(DownloadSourcesJob.java:149)
	at org.eclipse.core.internal.jobs.Worker.run(Worker.java:63)
2025-03-24 17:39:18,798 [Worker-14: Building] INFO  o.e.m.c.i.l.LifecycleMappingFactory - Using NULL lifecycle mapping for MavenProject: com.shopme:ShopmeWebParent:0.0.1-SNAPSHOT @ C:\ShopmeEcommerce\ShopmeProject\ShopmeWebParent\pom.xml.
2025-03-24 17:39:19,037 [Worker-14: Building] INFO  o.e.m.c.i.e.AbstractTransferListenerAdapter - Downloaded https://repo.maven.apache.org/maven2/org/webjars/boostrap/4.3.1/boostrap-4.3.1.pom
2025-03-24 17:39:19,040 [Worker-14: Building] WARN  o.e.m.c.i.embedder.EclipseLogger - The POM for org.webjars:boostrap:jar:4.3.1 is missing, no dependency information available
2025-03-24 17:39:19,132 [Worker-14: Building] INFO  o.e.m.c.i.e.AbstractTransferListenerAdapter - Downloaded https://repo.maven.apache.org/maven2/org/webjars/boostrap/4.3.1/boostrap-4.3.1.jar
2025-03-24 17:39:19,199 [Worker-14: Building] INFO  o.e.m.c.i.l.LifecycleMappingFactory - Using org.eclipse.m2e.jdt.JarLifecycleMapping lifecycle mapping for MavenProject: com.shopme:ShopmeBackEnd:0.0.1-SNAPSHOT @ C:\ShopmeEcommerce\ShopmeProject\ShopmeWebParent\ShopmeBackEnd\pom.xml.
2025-03-24 17:39:19,316 [Worker-14: Building] INFO  o.e.m.c.i.l.LifecycleMappingFactory - Using org.eclipse.m2e.jdt.JarLifecycleMapping lifecycle mapping for MavenProject: com.shopme:ShopmeFrontEnd:0.0.1-SNAPSHOT @ C:\ShopmeEcommerce\ShopmeProject\ShopmeWebParent\ShopmeFrontEnd\pom.xml.
2025-03-24 17:39:20,816 [Worker-4: Download sources and javadoc] INFO  o.e.m.c.i.e.AbstractTransferListenerAdapter - Downloaded https://repo.maven.apache.org/maven2/org/webjars/boostrap/4.3.1/boostrap-4.3.1-sources.jar
2025-03-24 17:39:20,834 [Worker-4: Download sources and javadoc] ERROR o.e.m.j.internal.DownloadSourcesJob - Could not download sources for org.webjars:boostrap:4.3.1
org.eclipse.core.runtime.CoreException: Could not resolve artifact org.webjars:boostrap:jar:sources:4.3.1
	at org.eclipse.m2e.core.internal.embedder.MavenImpl.lambda$7(MavenImpl.java:540)
	at org.eclipse.m2e.core.internal.embedder.MavenExecutionContext.executeBare(MavenExecutionContext.java:458)
	at org.eclipse.m2e.core.internal.embedder.MavenExecutionContext.execute(MavenExecutionContext.java:292)
	at org.eclipse.m2e.core.internal.embedder.MavenExecutionContext.execute(MavenExecutionContext.java:278)
	at org.eclipse.m2e.core.internal.embedder.MavenImpl.resolve(MavenImpl.java:509)
	at org.eclipse.m2e.core.internal.embedder.MavenImpl.resolve(MavenImpl.java:494)
	at org.eclipse.m2e.jdt.internal.DownloadSourcesJob.download(DownloadSourcesJob.java:308)
	at org.eclipse.m2e.jdt.internal.DownloadSourcesJob.downloadAttachments(DownloadSourcesJob.java:282)
	at org.eclipse.m2e.jdt.internal.DownloadSourcesJob.downloadMaven(DownloadSourcesJob.java:252)
	at org.eclipse.m2e.jdt.internal.DownloadSourcesJob.downloadFilesAndPopulateToUpdate(DownloadSourcesJob.java:220)
	at org.eclipse.m2e.jdt.internal.DownloadSourcesJob.lambda$0(DownloadSourcesJob.java:149)
	at org.eclipse.m2e.core.internal.embedder.MavenExecutionContext.executeBare(MavenExecutionContext.java:458)
	at org.eclipse.m2e.core.internal.embedder.MavenExecutionContext.execute(MavenExecutionContext.java:339)
	at org.eclipse.m2e.core.internal.embedder.MavenExecutionContext.execute(MavenExecutionContext.java:278)
	at org.eclipse.m2e.core.embedder.IMaven.execute(IMaven.java:300)
	at org.eclipse.m2e.jdt.internal.DownloadSourcesJob.run(DownloadSourcesJob.java:149)
	at org.eclipse.core.internal.jobs.Worker.run(Worker.java:63)
2025-03-24 17:39:20,980 [Worker-4: Download sources and javadoc] INFO  o.e.m.c.i.e.AbstractTransferListenerAdapter - Downloaded https://repo.maven.apache.org/maven2/org/webjars/boostrap/4.3.1/boostrap-4.3.1-javadoc.jar
2025-03-24 17:39:20,985 [Worker-4: Download sources and javadoc] ERROR o.e.m.j.internal.DownloadSourcesJob - Could not download javadoc for org.webjars:boostrap:4.3.1
org.eclipse.core.runtime.CoreException: Could not resolve artifact org.webjars:boostrap:jar:javadoc:4.3.1
	at org.eclipse.m2e.core.internal.embedder.MavenImpl.lambda$7(MavenImpl.java:540)
	at org.eclipse.m2e.core.internal.embedder.MavenExecutionContext.executeBare(MavenExecutionContext.java:458)
	at org.eclipse.m2e.core.internal.embedder.MavenExecutionContext.execute(MavenExecutionContext.java:292)
	at org.eclipse.m2e.core.internal.embedder.MavenExecutionContext.execute(MavenExecutionContext.java:278)
	at org.eclipse.m2e.core.internal.embedder.MavenImpl.resolve(MavenImpl.java:509)
	at org.eclipse.m2e.core.internal.embedder.MavenImpl.resolve(MavenImpl.java:494)
	at org.eclipse.m2e.jdt.internal.DownloadSourcesJob.download(DownloadSourcesJob.java:308)
	at org.eclipse.m2e.jdt.internal.DownloadSourcesJob.downloadAttachments(DownloadSourcesJob.java:294)
	at org.eclipse.m2e.jdt.internal.DownloadSourcesJob.downloadMaven(DownloadSourcesJob.java:252)
	at org.eclipse.m2e.jdt.internal.DownloadSourcesJob.downloadFilesAndPopulateToUpdate(DownloadSourcesJob.java:220)
	at org.eclipse.m2e.jdt.internal.DownloadSourcesJob.lambda$0(DownloadSourcesJob.java:149)
	at org.eclipse.m2e.core.internal.embedder.MavenExecutionContext.executeBare(MavenExecutionContext.java:458)
	at org.eclipse.m2e.core.internal.embedder.MavenExecutionContext.execute(MavenExecutionContext.java:339)
	at org.eclipse.m2e.core.internal.embedder.MavenExecutionContext.execute(MavenExecutionContext.java:278)
	at org.eclipse.m2e.core.embedder.IMaven.execute(IMaven.java:300)
	at org.eclipse.m2e.jdt.internal.DownloadSourcesJob.run(DownloadSourcesJob.java:149)
	at org.eclipse.core.internal.jobs.Worker.run(Worker.java:63)
2025-03-24 17:40:28,119 [Worker-0: Building] INFO  o.e.m.c.i.l.LifecycleMappingFactory - Using NULL lifecycle mapping for MavenProject: com.shopme:ShopmeWebParent:0.0.1-SNAPSHOT @ C:\ShopmeEcommerce\ShopmeProject\ShopmeWebParent\pom.xml.
2025-03-24 17:40:28,424 [Worker-0: Building] INFO  o.e.m.c.i.l.LifecycleMappingFactory - Using org.eclipse.m2e.jdt.JarLifecycleMapping lifecycle mapping for MavenProject: com.shopme:ShopmeBackEnd:0.0.1-SNAPSHOT @ C:\ShopmeEcommerce\ShopmeProject\ShopmeWebParent\ShopmeBackEnd\pom.xml.
2025-03-24 17:40:28,526 [Worker-0: Building] INFO  o.e.m.c.i.l.LifecycleMappingFactory - Using org.eclipse.m2e.jdt.JarLifecycleMapping lifecycle mapping for MavenProject: com.shopme:ShopmeFrontEnd:0.0.1-SNAPSHOT @ C:\ShopmeEcommerce\ShopmeProject\ShopmeWebParent\ShopmeFrontEnd\pom.xml.
2025-03-24 17:40:58,751 [Worker-4: Building] INFO  o.e.m.c.i.l.LifecycleMappingFactory - Using NULL lifecycle mapping for MavenProject: com.shopme:ShopmeWebParent:0.0.1-SNAPSHOT @ C:\ShopmeEcommerce\ShopmeProject\ShopmeWebParent\pom.xml.
2025-03-24 17:40:59,037 [Worker-4: Building] INFO  o.e.m.c.i.e.AbstractTransferListenerAdapter - Downloaded https://repo.maven.apache.org/maven2/org/webjars/boostrap/5.3.1/boostrap-5.3.1.pom
2025-03-24 17:40:59,039 [Worker-4: Building] WARN  o.e.m.c.i.embedder.EclipseLogger - The POM for org.webjars:boostrap:jar:5.3.1 is missing, no dependency information available
2025-03-24 17:40:59,188 [Worker-4: Building] INFO  o.e.m.c.i.e.AbstractTransferListenerAdapter - Downloaded https://repo.maven.apache.org/maven2/org/webjars/boostrap/5.3.1/boostrap-5.3.1.jar
2025-03-24 17:40:59,257 [Worker-4: Building] INFO  o.e.m.c.i.l.LifecycleMappingFactory - Using org.eclipse.m2e.jdt.JarLifecycleMapping lifecycle mapping for MavenProject: com.shopme:ShopmeBackEnd:0.0.1-SNAPSHOT @ C:\ShopmeEcommerce\ShopmeProject\ShopmeWebParent\ShopmeBackEnd\pom.xml.
2025-03-24 17:40:59,380 [Worker-4: Building] INFO  o.e.m.c.i.l.LifecycleMappingFactory - Using org.eclipse.m2e.jdt.JarLifecycleMapping lifecycle mapping for MavenProject: com.shopme:ShopmeFrontEnd:0.0.1-SNAPSHOT @ C:\ShopmeEcommerce\ShopmeProject\ShopmeWebParent\ShopmeFrontEnd\pom.xml.
2025-03-24 17:40:59,659 [Worker-4: Building] ERROR o.e.m.c.i.p.ProjectConfigurationManager - Could not read maven project
org.eclipse.core.runtime.CoreException: Could not read maven project
	at org.eclipse.m2e.core.internal.embedder.MavenImpl.lambda$4(MavenImpl.java:371)
	at org.eclipse.m2e.core.internal.embedder.MavenExecutionContext.executeBare(MavenExecutionContext.java:458)
	at org.eclipse.m2e.core.internal.embedder.MavenExecutionContext.execute(MavenExecutionContext.java:292)
	at org.eclipse.m2e.core.internal.embedder.MavenExecutionContext.execute(MavenExecutionContext.java:278)
	at org.eclipse.m2e.core.internal.embedder.MavenImpl.readProject(MavenImpl.java:361)
	at org.eclipse.m2e.mavenarchiver.internal.AbstractMavenArchiverConfigurator.lambda$4(AbstractMavenArchiverConfigurator.java:576)
	at org.eclipse.m2e.core.internal.embedder.MavenExecutionContext.executeBare(MavenExecutionContext.java:458)
	at org.eclipse.m2e.core.internal.embedder.MavenExecutionContext.execute(MavenExecutionContext.java:339)
	at org.eclipse.m2e.mavenarchiver.internal.AbstractMavenArchiverConfigurator.loadParentHierarchy(AbstractMavenArchiverConfigurator.java:568)
	at org.eclipse.m2e.mavenarchiver.internal.AbstractMavenArchiverConfigurator.generateManifest(AbstractMavenArchiverConfigurator.java:365)
	at org.eclipse.m2e.mavenarchiver.internal.AbstractMavenArchiverConfigurator.mavenProjectChanged(AbstractMavenArchiverConfigurator.java:228)
	at org.eclipse.m2e.mavenarchiver.internal.AbstractMavenArchiverConfigurator.mavenProjectChanged(AbstractMavenArchiverConfigurator.java:220)
	at org.eclipse.m2e.core.internal.project.ProjectConfigurationManager.mavenProjectChanged(ProjectConfigurationManager.java:885)
	at org.eclipse.m2e.core.internal.project.registry.ProjectRegistryManager.notifyProjectChangeListeners(ProjectRegistryManager.java:892)
	at org.eclipse.m2e.core.internal.project.registry.ProjectRegistryManager.applyMutableProjectRegistry(ProjectRegistryManager.java:1042)
	at org.eclipse.m2e.core.internal.project.registry.ProjectRegistryManager.refresh(ProjectRegistryManager.java:324)
	at org.eclipse.m2e.core.internal.builder.MavenBuilder$BuildMethod.getProjectFacade(MavenBuilder.java:146)
	at org.eclipse.m2e.core.internal.builder.MavenBuilder$BuildMethod.lambda$0(MavenBuilder.java:84)
	at org.eclipse.m2e.core.internal.embedder.MavenExecutionContext.executeBare(MavenExecutionContext.java:458)
	at org.eclipse.m2e.core.internal.embedder.MavenExecutionContext.execute(MavenExecutionContext.java:339)
	at org.eclipse.m2e.core.internal.embedder.MavenExecutionContext.execute(MavenExecutionContext.java:278)
	at org.eclipse.m2e.core.internal.builder.MavenBuilder$BuildMethod.execute(MavenBuilder.java:83)
	at org.eclipse.m2e.core.internal.builder.MavenBuilder.build(MavenBuilder.java:192)
	at org.eclipse.core.internal.events.BuildManager$2.run(BuildManager.java:1077)
	at org.eclipse.core.runtime.SafeRunner.run(SafeRunner.java:47)
	at org.eclipse.core.internal.events.BuildManager.basicBuild(BuildManager.java:296)
	at org.eclipse.core.internal.events.BuildManager.basicBuild(BuildManager.java:352)
	at org.eclipse.core.internal.events.BuildManager$1.run(BuildManager.java:441)
	at org.eclipse.core.runtime.SafeRunner.run(SafeRunner.java:47)
	at org.eclipse.core.internal.events.BuildManager.basicBuild(BuildManager.java:444)
	at org.eclipse.core.internal.events.BuildManager.basicBuildLoop(BuildManager.java:555)
	at org.eclipse.core.internal.events.BuildManager.basicBuildLoop(BuildManager.java:503)
	at org.eclipse.core.internal.events.BuildManager.build(BuildManager.java:585)
	at org.eclipse.core.internal.events.AutoBuildJob.doBuild(AutoBuildJob.java:207)
	at org.eclipse.core.internal.events.AutoBuildJob.run(AutoBuildJob.java:300)
	at org.eclipse.core.internal.jobs.Worker.run(Worker.java:63)
Caused by: org.apache.maven.project.ProjectBuildingException: Some problems were encountered while processing the POMs:
[ERROR] 'dependencies.dependency.version' for org.webjars:webjars-locator:jar is missing. @ line 68, column 15

	at org.apache.maven.project.DefaultProjectBuilder.build(DefaultProjectBuilder.java:208)
	at org.apache.maven.project.DefaultProjectBuilder.build(DefaultProjectBuilder.java:123)
	at org.eclipse.m2e.core.internal.embedder.MavenImpl.lambda$4(MavenImpl.java:369)
	... 35 common frames omitted
Caused by: org.apache.maven.model.building.ModelBuildingException: 1 problem was encountered while building the effective model for com.shopme:ShopmeWebParent:0.0.1-SNAPSHOT
[ERROR] 'dependencies.dependency.version' for org.webjars:webjars-locator:jar is missing. @ line 68, column 15

	at org.apache.maven.model.building.DefaultModelProblemCollector.newModelBuildingException(DefaultModelProblemCollector.java:176)
	at org.apache.maven.model.building.DefaultModelBuilder.build(DefaultModelBuilder.java:550)
	at org.apache.maven.model.building.DefaultModelBuilder.build(DefaultModelBuilder.java:419)
	at org.apache.maven.model.building.DefaultModelBuilder.build(DefaultModelBuilder.java:248)
	at org.apache.maven.project.DefaultProjectBuilder.build(DefaultProjectBuilder.java:176)
	... 37 common frames omitted
2025-03-24 17:40:59,878 [Worker-4: Building] ERROR o.e.m.c.i.p.ProjectConfigurationManager - Could not read maven project
org.eclipse.core.runtime.CoreException: Could not read maven project
	at org.eclipse.m2e.core.internal.embedder.MavenImpl.lambda$4(MavenImpl.java:371)
	at org.eclipse.m2e.core.internal.embedder.MavenExecutionContext.executeBare(MavenExecutionContext.java:458)
	at org.eclipse.m2e.core.internal.embedder.MavenExecutionContext.execute(MavenExecutionContext.java:292)
	at org.eclipse.m2e.core.internal.embedder.MavenExecutionContext.execute(MavenExecutionContext.java:278)
	at org.eclipse.m2e.core.internal.embedder.MavenImpl.readProject(MavenImpl.java:361)
	at org.eclipse.m2e.mavenarchiver.internal.AbstractMavenArchiverConfigurator.lambda$4(AbstractMavenArchiverConfigurator.java:576)
	at org.eclipse.m2e.core.internal.embedder.MavenExecutionContext.executeBare(MavenExecutionContext.java:458)
	at org.eclipse.m2e.core.internal.embedder.MavenExecutionContext.execute(MavenExecutionContext.java:339)
	at org.eclipse.m2e.mavenarchiver.internal.AbstractMavenArchiverConfigurator.loadParentHierarchy(AbstractMavenArchiverConfigurator.java:568)
	at org.eclipse.m2e.mavenarchiver.internal.AbstractMavenArchiverConfigurator.generateManifest(AbstractMavenArchiverConfigurator.java:365)
	at org.eclipse.m2e.mavenarchiver.internal.AbstractMavenArchiverConfigurator.mavenProjectChanged(AbstractMavenArchiverConfigurator.java:228)
	at org.eclipse.m2e.mavenarchiver.internal.AbstractMavenArchiverConfigurator.mavenProjectChanged(AbstractMavenArchiverConfigurator.java:220)
	at org.eclipse.m2e.core.internal.project.ProjectConfigurationManager.mavenProjectChanged(ProjectConfigurationManager.java:885)
	at org.eclipse.m2e.core.internal.project.registry.ProjectRegistryManager.notifyProjectChangeListeners(ProjectRegistryManager.java:892)
	at org.eclipse.m2e.core.internal.project.registry.ProjectRegistryManager.applyMutableProjectRegistry(ProjectRegistryManager.java:1042)
	at org.eclipse.m2e.core.internal.project.registry.ProjectRegistryManager.refresh(ProjectRegistryManager.java:324)
	at org.eclipse.m2e.core.internal.builder.MavenBuilder$BuildMethod.getProjectFacade(MavenBuilder.java:146)
	at org.eclipse.m2e.core.internal.builder.MavenBuilder$BuildMethod.lambda$0(MavenBuilder.java:84)
	at org.eclipse.m2e.core.internal.embedder.MavenExecutionContext.executeBare(MavenExecutionContext.java:458)
	at org.eclipse.m2e.core.internal.embedder.MavenExecutionContext.execute(MavenExecutionContext.java:339)
	at org.eclipse.m2e.core.internal.embedder.MavenExecutionContext.execute(MavenExecutionContext.java:278)
	at org.eclipse.m2e.core.internal.builder.MavenBuilder$BuildMethod.execute(MavenBuilder.java:83)
	at org.eclipse.m2e.core.internal.builder.MavenBuilder.build(MavenBuilder.java:192)
	at org.eclipse.core.internal.events.BuildManager$2.run(BuildManager.java:1077)
	at org.eclipse.core.runtime.SafeRunner.run(SafeRunner.java:47)
	at org.eclipse.core.internal.events.BuildManager.basicBuild(BuildManager.java:296)
	at org.eclipse.core.internal.events.BuildManager.basicBuild(BuildManager.java:352)
	at org.eclipse.core.internal.events.BuildManager$1.run(BuildManager.java:441)
	at org.eclipse.core.runtime.SafeRunner.run(SafeRunner.java:47)
	at org.eclipse.core.internal.events.BuildManager.basicBuild(BuildManager.java:444)
	at org.eclipse.core.internal.events.BuildManager.basicBuildLoop(BuildManager.java:555)
	at org.eclipse.core.internal.events.BuildManager.basicBuildLoop(BuildManager.java:503)
	at org.eclipse.core.internal.events.BuildManager.build(BuildManager.java:585)
	at org.eclipse.core.internal.events.AutoBuildJob.doBuild(AutoBuildJob.java:207)
	at org.eclipse.core.internal.events.AutoBuildJob.run(AutoBuildJob.java:300)
	at org.eclipse.core.internal.jobs.Worker.run(Worker.java:63)
Caused by: org.apache.maven.project.ProjectBuildingException: Some problems were encountered while processing the POMs:
[ERROR] 'dependencies.dependency.version' for org.webjars:webjars-locator:jar is missing. @ line 68, column 15

	at org.apache.maven.project.DefaultProjectBuilder.build(DefaultProjectBuilder.java:208)
	at org.apache.maven.project.DefaultProjectBuilder.build(DefaultProjectBuilder.java:123)
	at org.eclipse.m2e.core.internal.embedder.MavenImpl.lambda$4(MavenImpl.java:369)
	... 35 common frames omitted
Caused by: org.apache.maven.model.building.ModelBuildingException: 1 problem was encountered while building the effective model for com.shopme:ShopmeWebParent:0.0.1-SNAPSHOT
[ERROR] 'dependencies.dependency.version' for org.webjars:webjars-locator:jar is missing. @ line 68, column 15

	at org.apache.maven.model.building.DefaultModelProblemCollector.newModelBuildingException(DefaultModelProblemCollector.java:176)
	at org.apache.maven.model.building.DefaultModelBuilder.build(DefaultModelBuilder.java:550)
	at org.apache.maven.model.building.DefaultModelBuilder.build(DefaultModelBuilder.java:419)
	at org.apache.maven.model.building.DefaultModelBuilder.build(DefaultModelBuilder.java:248)
	at org.apache.maven.project.DefaultProjectBuilder.build(DefaultProjectBuilder.java:176)
	... 37 common frames omitted
2025-03-24 17:41:01,243 [Worker-16: Download sources and javadoc] INFO  o.e.m.c.i.e.AbstractTransferListenerAdapter - Downloaded https://repo.maven.apache.org/maven2/org/webjars/boostrap/5.3.1/boostrap-5.3.1-sources.jar
2025-03-24 17:41:01,247 [Worker-16: Download sources and javadoc] ERROR o.e.m.j.internal.DownloadSourcesJob - Could not download sources for org.webjars:boostrap:5.3.1
org.eclipse.core.runtime.CoreException: Could not resolve artifact org.webjars:boostrap:jar:sources:5.3.1
	at org.eclipse.m2e.core.internal.embedder.MavenImpl.lambda$7(MavenImpl.java:540)
	at org.eclipse.m2e.core.internal.embedder.MavenExecutionContext.executeBare(MavenExecutionContext.java:458)
	at org.eclipse.m2e.core.internal.embedder.MavenExecutionContext.execute(MavenExecutionContext.java:292)
	at org.eclipse.m2e.core.internal.embedder.MavenExecutionContext.execute(MavenExecutionContext.java:278)
	at org.eclipse.m2e.core.internal.embedder.MavenImpl.resolve(MavenImpl.java:509)
	at org.eclipse.m2e.core.internal.embedder.MavenImpl.resolve(MavenImpl.java:494)
	at org.eclipse.m2e.jdt.internal.DownloadSourcesJob.download(DownloadSourcesJob.java:308)
	at org.eclipse.m2e.jdt.internal.DownloadSourcesJob.downloadAttachments(DownloadSourcesJob.java:282)
	at org.eclipse.m2e.jdt.internal.DownloadSourcesJob.downloadMaven(DownloadSourcesJob.java:252)
	at org.eclipse.m2e.jdt.internal.DownloadSourcesJob.downloadFilesAndPopulateToUpdate(DownloadSourcesJob.java:220)
	at org.eclipse.m2e.jdt.internal.DownloadSourcesJob.lambda$0(DownloadSourcesJob.java:149)
	at org.eclipse.m2e.core.internal.embedder.MavenExecutionContext.executeBare(MavenExecutionContext.java:458)
	at org.eclipse.m2e.core.internal.embedder.MavenExecutionContext.execute(MavenExecutionContext.java:339)
	at org.eclipse.m2e.core.internal.embedder.MavenExecutionContext.execute(MavenExecutionContext.java:278)
	at org.eclipse.m2e.core.embedder.IMaven.execute(IMaven.java:300)
	at org.eclipse.m2e.jdt.internal.DownloadSourcesJob.run(DownloadSourcesJob.java:149)
	at org.eclipse.core.internal.jobs.Worker.run(Worker.java:63)
2025-03-24 17:41:01,383 [Worker-16: Download sources and javadoc] INFO  o.e.m.c.i.e.AbstractTransferListenerAdapter - Downloaded https://repo.maven.apache.org/maven2/org/webjars/boostrap/5.3.1/boostrap-5.3.1-javadoc.jar
2025-03-24 17:41:01,388 [Worker-16: Download sources and javadoc] ERROR o.e.m.j.internal.DownloadSourcesJob - Could not download javadoc for org.webjars:boostrap:5.3.1
org.eclipse.core.runtime.CoreException: Could not resolve artifact org.webjars:boostrap:jar:javadoc:5.3.1
	at org.eclipse.m2e.core.internal.embedder.MavenImpl.lambda$7(MavenImpl.java:540)
	at org.eclipse.m2e.core.internal.embedder.MavenExecutionContext.executeBare(MavenExecutionContext.java:458)
	at org.eclipse.m2e.core.internal.embedder.MavenExecutionContext.execute(MavenExecutionContext.java:292)
	at org.eclipse.m2e.core.internal.embedder.MavenExecutionContext.execute(MavenExecutionContext.java:278)
	at org.eclipse.m2e.core.internal.embedder.MavenImpl.resolve(MavenImpl.java:509)
	at org.eclipse.m2e.core.internal.embedder.MavenImpl.resolve(MavenImpl.java:494)
	at org.eclipse.m2e.jdt.internal.DownloadSourcesJob.download(DownloadSourcesJob.java:308)
	at org.eclipse.m2e.jdt.internal.DownloadSourcesJob.downloadAttachments(DownloadSourcesJob.java:294)
	at org.eclipse.m2e.jdt.internal.DownloadSourcesJob.downloadMaven(DownloadSourcesJob.java:252)
	at org.eclipse.m2e.jdt.internal.DownloadSourcesJob.downloadFilesAndPopulateToUpdate(DownloadSourcesJob.java:220)
	at org.eclipse.m2e.jdt.internal.DownloadSourcesJob.lambda$0(DownloadSourcesJob.java:149)
	at org.eclipse.m2e.core.internal.embedder.MavenExecutionContext.executeBare(MavenExecutionContext.java:458)
	at org.eclipse.m2e.core.internal.embedder.MavenExecutionContext.execute(MavenExecutionContext.java:339)
	at org.eclipse.m2e.core.internal.embedder.MavenExecutionContext.execute(MavenExecutionContext.java:278)
	at org.eclipse.m2e.core.embedder.IMaven.execute(IMaven.java:300)
	at org.eclipse.m2e.jdt.internal.DownloadSourcesJob.run(DownloadSourcesJob.java:149)
	at org.eclipse.core.internal.jobs.Worker.run(Worker.java:63)
2025-03-24 17:41:43,277 [Worker-14: Building] INFO  o.e.m.c.i.l.LifecycleMappingFactory - Using NULL lifecycle mapping for MavenProject: com.shopme:ShopmeWebParent:0.0.1-SNAPSHOT @ C:\ShopmeEcommerce\ShopmeProject\ShopmeWebParent\pom.xml.
2025-03-24 17:41:43,548 [Worker-14: Building] INFO  o.e.m.c.i.e.AbstractTransferListenerAdapter - Downloading https://repo.maven.apache.org/maven2/org/webjars/bootstrap/5.3.1/bootstrap-5.3.1.pom
2025-03-24 17:41:43,584 [Worker-14: Building] INFO  o.e.m.c.i.e.AbstractTransferListenerAdapter - Downloaded https://repo.maven.apache.org/maven2/org/webjars/bootstrap/5.3.1/bootstrap-5.3.1.pom
2025-03-24 17:41:43,712 [Worker-14: Building] INFO  o.e.m.c.i.e.AbstractTransferListenerAdapter - Downloading https://repo.maven.apache.org/maven2/org/webjars/bootstrap/5.3.1/bootstrap-5.3.1.jar
2025-03-24 17:41:44,655 [Worker-14: Building] INFO  o.e.m.c.i.e.AbstractTransferListenerAdapter - Downloaded https://repo.maven.apache.org/maven2/org/webjars/bootstrap/5.3.1/bootstrap-5.3.1.jar
2025-03-24 17:41:44,735 [Worker-14: Building] INFO  o.e.m.c.i.l.LifecycleMappingFactory - Using org.eclipse.m2e.jdt.JarLifecycleMapping lifecycle mapping for MavenProject: com.shopme:ShopmeBackEnd:0.0.1-SNAPSHOT @ C:\ShopmeEcommerce\ShopmeProject\ShopmeWebParent\ShopmeBackEnd\pom.xml.
2025-03-24 17:41:44,817 [Worker-14: Building] INFO  o.e.m.c.i.l.LifecycleMappingFactory - Using org.eclipse.m2e.jdt.JarLifecycleMapping lifecycle mapping for MavenProject: com.shopme:ShopmeFrontEnd:0.0.1-SNAPSHOT @ C:\ShopmeEcommerce\ShopmeProject\ShopmeWebParent\ShopmeFrontEnd\pom.xml.
2025-03-24 17:41:45,126 [Worker-14: Building] ERROR o.e.m.c.i.p.ProjectConfigurationManager - Could not read maven project
org.eclipse.core.runtime.CoreException: Could not read maven project
	at org.eclipse.m2e.core.internal.embedder.MavenImpl.lambda$4(MavenImpl.java:371)
	at org.eclipse.m2e.core.internal.embedder.MavenExecutionContext.executeBare(MavenExecutionContext.java:458)
	at org.eclipse.m2e.core.internal.embedder.MavenExecutionContext.execute(MavenExecutionContext.java:292)
	at org.eclipse.m2e.core.internal.embedder.MavenExecutionContext.execute(MavenExecutionContext.java:278)
	at org.eclipse.m2e.core.internal.embedder.MavenImpl.readProject(MavenImpl.java:361)
	at org.eclipse.m2e.mavenarchiver.internal.AbstractMavenArchiverConfigurator.lambda$4(AbstractMavenArchiverConfigurator.java:576)
	at org.eclipse.m2e.core.internal.embedder.MavenExecutionContext.executeBare(MavenExecutionContext.java:458)
	at org.eclipse.m2e.core.internal.embedder.MavenExecutionContext.execute(MavenExecutionContext.java:339)
	at org.eclipse.m2e.mavenarchiver.internal.AbstractMavenArchiverConfigurator.loadParentHierarchy(AbstractMavenArchiverConfigurator.java:568)
	at org.eclipse.m2e.mavenarchiver.internal.AbstractMavenArchiverConfigurator.generateManifest(AbstractMavenArchiverConfigurator.java:365)
	at org.eclipse.m2e.mavenarchiver.internal.AbstractMavenArchiverConfigurator.mavenProjectChanged(AbstractMavenArchiverConfigurator.java:228)
	at org.eclipse.m2e.mavenarchiver.internal.AbstractMavenArchiverConfigurator.mavenProjectChanged(AbstractMavenArchiverConfigurator.java:220)
	at org.eclipse.m2e.core.internal.project.ProjectConfigurationManager.mavenProjectChanged(ProjectConfigurationManager.java:885)
	at org.eclipse.m2e.core.internal.project.registry.ProjectRegistryManager.notifyProjectChangeListeners(ProjectRegistryManager.java:892)
	at org.eclipse.m2e.core.internal.project.registry.ProjectRegistryManager.applyMutableProjectRegistry(ProjectRegistryManager.java:1042)
	at org.eclipse.m2e.core.internal.project.registry.ProjectRegistryManager.refresh(ProjectRegistryManager.java:324)
	at org.eclipse.m2e.core.internal.builder.MavenBuilder$BuildMethod.getProjectFacade(MavenBuilder.java:146)
	at org.eclipse.m2e.core.internal.builder.MavenBuilder$BuildMethod.lambda$0(MavenBuilder.java:84)
	at org.eclipse.m2e.core.internal.embedder.MavenExecutionContext.executeBare(MavenExecutionContext.java:458)
	at org.eclipse.m2e.core.internal.embedder.MavenExecutionContext.execute(MavenExecutionContext.java:339)
	at org.eclipse.m2e.core.internal.embedder.MavenExecutionContext.execute(MavenExecutionContext.java:278)
	at org.eclipse.m2e.core.internal.builder.MavenBuilder$BuildMethod.execute(MavenBuilder.java:83)
	at org.eclipse.m2e.core.internal.builder.MavenBuilder.build(MavenBuilder.java:192)
	at org.eclipse.core.internal.events.BuildManager$2.run(BuildManager.java:1077)
	at org.eclipse.core.runtime.SafeRunner.run(SafeRunner.java:47)
	at org.eclipse.core.internal.events.BuildManager.basicBuild(BuildManager.java:296)
	at org.eclipse.core.internal.events.BuildManager.basicBuild(BuildManager.java:352)
	at org.eclipse.core.internal.events.BuildManager$1.run(BuildManager.java:441)
	at org.eclipse.core.runtime.SafeRunner.run(SafeRunner.java:47)
	at org.eclipse.core.internal.events.BuildManager.basicBuild(BuildManager.java:444)
	at org.eclipse.core.internal.events.BuildManager.basicBuildLoop(BuildManager.java:555)
	at org.eclipse.core.internal.events.BuildManager.basicBuildLoop(BuildManager.java:503)
	at org.eclipse.core.internal.events.BuildManager.build(BuildManager.java:585)
	at org.eclipse.core.internal.events.AutoBuildJob.doBuild(AutoBuildJob.java:207)
	at org.eclipse.core.internal.events.AutoBuildJob.run(AutoBuildJob.java:300)
	at org.eclipse.core.internal.jobs.Worker.run(Worker.java:63)
Caused by: org.apache.maven.project.ProjectBuildingException: Some problems were encountered while processing the POMs:
[ERROR] 'dependencies.dependency.version' for org.webjars:webjars-locator:jar is missing. @ line 68, column 15

	at org.apache.maven.project.DefaultProjectBuilder.build(DefaultProjectBuilder.java:208)
	at org.apache.maven.project.DefaultProjectBuilder.build(DefaultProjectBuilder.java:123)
	at org.eclipse.m2e.core.internal.embedder.MavenImpl.lambda$4(MavenImpl.java:369)
	... 35 common frames omitted
Caused by: org.apache.maven.model.building.ModelBuildingException: 1 problem was encountered while building the effective model for com.shopme:ShopmeWebParent:0.0.1-SNAPSHOT
[ERROR] 'dependencies.dependency.version' for org.webjars:webjars-locator:jar is missing. @ line 68, column 15

	at org.apache.maven.model.building.DefaultModelProblemCollector.newModelBuildingException(DefaultModelProblemCollector.java:176)
	at org.apache.maven.model.building.DefaultModelBuilder.build(DefaultModelBuilder.java:550)
	at org.apache.maven.model.building.DefaultModelBuilder.build(DefaultModelBuilder.java:419)
	at org.apache.maven.model.building.DefaultModelBuilder.build(DefaultModelBuilder.java:248)
	at org.apache.maven.project.DefaultProjectBuilder.build(DefaultProjectBuilder.java:176)
	... 37 common frames omitted
2025-03-24 17:41:45,372 [Worker-14: Building] ERROR o.e.m.c.i.p.ProjectConfigurationManager - Could not read maven project
org.eclipse.core.runtime.CoreException: Could not read maven project
	at org.eclipse.m2e.core.internal.embedder.MavenImpl.lambda$4(MavenImpl.java:371)
	at org.eclipse.m2e.core.internal.embedder.MavenExecutionContext.executeBare(MavenExecutionContext.java:458)
	at org.eclipse.m2e.core.internal.embedder.MavenExecutionContext.execute(MavenExecutionContext.java:292)
	at org.eclipse.m2e.core.internal.embedder.MavenExecutionContext.execute(MavenExecutionContext.java:278)
	at org.eclipse.m2e.core.internal.embedder.MavenImpl.readProject(MavenImpl.java:361)
	at org.eclipse.m2e.mavenarchiver.internal.AbstractMavenArchiverConfigurator.lambda$4(AbstractMavenArchiverConfigurator.java:576)
	at org.eclipse.m2e.core.internal.embedder.MavenExecutionContext.executeBare(MavenExecutionContext.java:458)
	at org.eclipse.m2e.core.internal.embedder.MavenExecutionContext.execute(MavenExecutionContext.java:339)
	at org.eclipse.m2e.mavenarchiver.internal.AbstractMavenArchiverConfigurator.loadParentHierarchy(AbstractMavenArchiverConfigurator.java:568)
	at org.eclipse.m2e.mavenarchiver.internal.AbstractMavenArchiverConfigurator.generateManifest(AbstractMavenArchiverConfigurator.java:365)
	at org.eclipse.m2e.mavenarchiver.internal.AbstractMavenArchiverConfigurator.mavenProjectChanged(AbstractMavenArchiverConfigurator.java:228)
	at org.eclipse.m2e.mavenarchiver.internal.AbstractMavenArchiverConfigurator.mavenProjectChanged(AbstractMavenArchiverConfigurator.java:220)
	at org.eclipse.m2e.core.internal.project.ProjectConfigurationManager.mavenProjectChanged(ProjectConfigurationManager.java:885)
	at org.eclipse.m2e.core.internal.project.registry.ProjectRegistryManager.notifyProjectChangeListeners(ProjectRegistryManager.java:892)
	at org.eclipse.m2e.core.internal.project.registry.ProjectRegistryManager.applyMutableProjectRegistry(ProjectRegistryManager.java:1042)
	at org.eclipse.m2e.core.internal.project.registry.ProjectRegistryManager.refresh(ProjectRegistryManager.java:324)
	at org.eclipse.m2e.core.internal.builder.MavenBuilder$BuildMethod.getProjectFacade(MavenBuilder.java:146)
	at org.eclipse.m2e.core.internal.builder.MavenBuilder$BuildMethod.lambda$0(MavenBuilder.java:84)
	at org.eclipse.m2e.core.internal.embedder.MavenExecutionContext.executeBare(MavenExecutionContext.java:458)
	at org.eclipse.m2e.core.internal.embedder.MavenExecutionContext.execute(MavenExecutionContext.java:339)
	at org.eclipse.m2e.core.internal.embedder.MavenExecutionContext.execute(MavenExecutionContext.java:278)
	at org.eclipse.m2e.core.internal.builder.MavenBuilder$BuildMethod.execute(MavenBuilder.java:83)
	at org.eclipse.m2e.core.internal.builder.MavenBuilder.build(MavenBuilder.java:192)
	at org.eclipse.core.internal.events.BuildManager$2.run(BuildManager.java:1077)
	at org.eclipse.core.runtime.SafeRunner.run(SafeRunner.java:47)
	at org.eclipse.core.internal.events.BuildManager.basicBuild(BuildManager.java:296)
	at org.eclipse.core.internal.events.BuildManager.basicBuild(BuildManager.java:352)
	at org.eclipse.core.internal.events.BuildManager$1.run(BuildManager.java:441)
	at org.eclipse.core.runtime.SafeRunner.run(SafeRunner.java:47)
	at org.eclipse.core.internal.events.BuildManager.basicBuild(BuildManager.java:444)
	at org.eclipse.core.internal.events.BuildManager.basicBuildLoop(BuildManager.java:555)
	at org.eclipse.core.internal.events.BuildManager.basicBuildLoop(BuildManager.java:503)
	at org.eclipse.core.internal.events.BuildManager.build(BuildManager.java:585)
	at org.eclipse.core.internal.events.AutoBuildJob.doBuild(AutoBuildJob.java:207)
	at org.eclipse.core.internal.events.AutoBuildJob.run(AutoBuildJob.java:300)
	at org.eclipse.core.internal.jobs.Worker.run(Worker.java:63)
Caused by: org.apache.maven.project.ProjectBuildingException: Some problems were encountered while processing the POMs:
[ERROR] 'dependencies.dependency.version' for org.webjars:webjars-locator:jar is missing. @ line 68, column 15

	at org.apache.maven.project.DefaultProjectBuilder.build(DefaultProjectBuilder.java:208)
	at org.apache.maven.project.DefaultProjectBuilder.build(DefaultProjectBuilder.java:123)
	at org.eclipse.m2e.core.internal.embedder.MavenImpl.lambda$4(MavenImpl.java:369)
	... 35 common frames omitted
Caused by: org.apache.maven.model.building.ModelBuildingException: 1 problem was encountered while building the effective model for com.shopme:ShopmeWebParent:0.0.1-SNAPSHOT
[ERROR] 'dependencies.dependency.version' for org.webjars:webjars-locator:jar is missing. @ line 68, column 15

	at org.apache.maven.model.building.DefaultModelProblemCollector.newModelBuildingException(DefaultModelProblemCollector.java:176)
	at org.apache.maven.model.building.DefaultModelBuilder.build(DefaultModelBuilder.java:550)
	at org.apache.maven.model.building.DefaultModelBuilder.build(DefaultModelBuilder.java:419)
	at org.apache.maven.model.building.DefaultModelBuilder.build(DefaultModelBuilder.java:248)
	at org.apache.maven.project.DefaultProjectBuilder.build(DefaultProjectBuilder.java:176)
	... 37 common frames omitted
2025-03-24 17:41:46,656 [Worker-16: Download sources and javadoc] INFO  o.e.m.c.i.e.AbstractTransferListenerAdapter - Downloaded https://repo.maven.apache.org/maven2/org/webjars/bootstrap/5.3.1/bootstrap-5.3.1-sources.jar
2025-03-24 17:41:46,660 [Worker-16: Download sources and javadoc] ERROR o.e.m.j.internal.DownloadSourcesJob - Could not download sources for org.webjars:bootstrap:5.3.1
org.eclipse.core.runtime.CoreException: Could not resolve artifact org.webjars:bootstrap:jar:sources:5.3.1
	at org.eclipse.m2e.core.internal.embedder.MavenImpl.lambda$7(MavenImpl.java:540)
	at org.eclipse.m2e.core.internal.embedder.MavenExecutionContext.executeBare(MavenExecutionContext.java:458)
	at org.eclipse.m2e.core.internal.embedder.MavenExecutionContext.execute(MavenExecutionContext.java:292)
	at org.eclipse.m2e.core.internal.embedder.MavenExecutionContext.execute(MavenExecutionContext.java:278)
	at org.eclipse.m2e.core.internal.embedder.MavenImpl.resolve(MavenImpl.java:509)
	at org.eclipse.m2e.core.internal.embedder.MavenImpl.resolve(MavenImpl.java:494)
	at org.eclipse.m2e.jdt.internal.DownloadSourcesJob.download(DownloadSourcesJob.java:308)
	at org.eclipse.m2e.jdt.internal.DownloadSourcesJob.downloadAttachments(DownloadSourcesJob.java:282)
	at org.eclipse.m2e.jdt.internal.DownloadSourcesJob.downloadMaven(DownloadSourcesJob.java:252)
	at org.eclipse.m2e.jdt.internal.DownloadSourcesJob.downloadFilesAndPopulateToUpdate(DownloadSourcesJob.java:220)
	at org.eclipse.m2e.jdt.internal.DownloadSourcesJob.lambda$0(DownloadSourcesJob.java:149)
	at org.eclipse.m2e.core.internal.embedder.MavenExecutionContext.executeBare(MavenExecutionContext.java:458)
	at org.eclipse.m2e.core.internal.embedder.MavenExecutionContext.execute(MavenExecutionContext.java:339)
	at org.eclipse.m2e.core.internal.embedder.MavenExecutionContext.execute(MavenExecutionContext.java:278)
	at org.eclipse.m2e.core.embedder.IMaven.execute(IMaven.java:300)
	at org.eclipse.m2e.jdt.internal.DownloadSourcesJob.run(DownloadSourcesJob.java:149)
	at org.eclipse.core.internal.jobs.Worker.run(Worker.java:63)
2025-03-24 17:41:47,126 [Worker-16: Download sources and javadoc] INFO  o.e.m.c.i.e.AbstractTransferListenerAdapter - Downloading https://repo.maven.apache.org/maven2/org/webjars/bootstrap/5.3.1/bootstrap-5.3.1-javadoc.jar
2025-03-24 17:41:47,936 [Worker-16: Download sources and javadoc] INFO  o.e.m.c.i.e.AbstractTransferListenerAdapter - Downloaded https://repo.maven.apache.org/maven2/org/webjars/bootstrap/5.3.1/bootstrap-5.3.1-javadoc.jar
2025-03-24 17:41:47,941 [Worker-16: Download sources and javadoc] INFO  o.e.m.j.internal.DownloadSourcesJob - Downloaded javadoc for org.webjars:bootstrap:5.3.1
2025-03-24 17:42:53,104 [Worker-12: Building] INFO  o.e.m.c.i.l.LifecycleMappingFactory - Using NULL lifecycle mapping for MavenProject: com.shopme:ShopmeWebParent:0.0.1-SNAPSHOT @ C:\ShopmeEcommerce\ShopmeProject\ShopmeWebParent\pom.xml.
2025-03-24 17:42:53,384 [Worker-12: Building] INFO  o.e.m.c.i.l.LifecycleMappingFactory - Using org.eclipse.m2e.jdt.JarLifecycleMapping lifecycle mapping for MavenProject: com.shopme:ShopmeBackEnd:0.0.1-SNAPSHOT @ C:\ShopmeEcommerce\ShopmeProject\ShopmeWebParent\ShopmeBackEnd\pom.xml.
2025-03-24 17:42:53,488 [Worker-12: Building] INFO  o.e.m.c.i.l.LifecycleMappingFactory - Using org.eclipse.m2e.jdt.JarLifecycleMapping lifecycle mapping for MavenProject: com.shopme:ShopmeFrontEnd:0.0.1-SNAPSHOT @ C:\ShopmeEcommerce\ShopmeProject\ShopmeWebParent\ShopmeFrontEnd\pom.xml.
2025-03-24 18:30:26,706 [Worker-18: Building] INFO  o.a.m.s.f.DefaultMavenResourcesFiltering - Copying 0 resource from src\main\resources to target\classes
2025-03-24 18:30:26,732 [Worker-18: Building] INFO  o.a.m.s.f.DefaultMavenResourcesFiltering - Copying 1 resource from src\main\resources to target\classes
2025-03-24 18:30:26,745 [Worker-18: Building] INFO  o.a.m.s.f.DefaultMavenResourcesFiltering - skip non existing resourceDirectory C:\ShopmeEcommerce\ShopmeProject\ShopmeWebParent\ShopmeBackEnd\src\test\resources
2025-03-24 18:30:41,196 [Worker-20: Building] INFO  o.a.m.s.f.DefaultMavenResourcesFiltering - Copying 0 resource from src\main\resources to target\classes
2025-03-24 18:30:41,197 [Worker-20: Building] INFO  o.a.m.s.f.DefaultMavenResourcesFiltering - Copying 1 resource from src\main\resources to target\classes
2025-03-24 18:30:41,203 [Worker-20: Building] INFO  o.a.m.s.f.DefaultMavenResourcesFiltering - skip non existing resourceDirectory C:\ShopmeEcommerce\ShopmeProject\ShopmeWebParent\ShopmeBackEnd\src\test\resources
2025-03-24 18:40:05,050 [Worker-18: Building] INFO  o.a.m.s.f.DefaultMavenResourcesFiltering - Copying 0 resource from src\main\resources to target\classes
2025-03-24 18:40:05,052 [Worker-18: Building] INFO  o.a.m.s.f.DefaultMavenResourcesFiltering - Copying 1 resource from src\main\resources to target\classes
2025-03-24 18:40:05,069 [Worker-18: Building] INFO  o.a.m.s.f.DefaultMavenResourcesFiltering - skip non existing resourceDirectory C:\ShopmeEcommerce\ShopmeProject\ShopmeWebParent\ShopmeBackEnd\src\test\resources
2025-03-24 18:43:07,376 [Worker-14: Building] INFO  o.a.m.s.f.DefaultMavenResourcesFiltering - Copying 0 resource from src\main\resources to target\classes
2025-03-24 18:43:07,378 [Worker-14: Building] INFO  o.a.m.s.f.DefaultMavenResourcesFiltering - Copying 1 resource from src\main\resources to target\classes
2025-03-24 18:43:07,383 [Worker-14: Building] INFO  o.a.m.s.f.DefaultMavenResourcesFiltering - skip non existing resourceDirectory C:\ShopmeEcommerce\ShopmeProject\ShopmeWebParent\ShopmeBackEnd\src\test\resources
2025-03-24 18:43:21,264 [Worker-22: Building] INFO  o.a.m.s.f.DefaultMavenResourcesFiltering - Copying 0 resource from src\main\resources to target\classes
2025-03-24 18:43:21,266 [Worker-22: Building] INFO  o.a.m.s.f.DefaultMavenResourcesFiltering - Copying 1 resource from src\main\resources to target\classes
2025-03-24 18:43:21,271 [Worker-22: Building] INFO  o.a.m.s.f.DefaultMavenResourcesFiltering - skip non existing resourceDirectory C:\ShopmeEcommerce\ShopmeProject\ShopmeWebParent\ShopmeBackEnd\src\test\resources
2025-03-24 18:44:00,378 [Worker-14: Building] INFO  o.a.m.s.f.DefaultMavenResourcesFiltering - Copying 0 resource from src\main\resources to target\classes
2025-03-24 18:44:00,380 [Worker-14: Building] INFO  o.a.m.s.f.DefaultMavenResourcesFiltering - Copying 1 resource from src\main\resources to target\classes
2025-03-24 18:44:00,386 [Worker-14: Building] INFO  o.a.m.s.f.DefaultMavenResourcesFiltering - skip non existing resourceDirectory C:\ShopmeEcommerce\ShopmeProject\ShopmeWebParent\ShopmeBackEnd\src\test\resources
2025-03-24 18:44:28,280 [Worker-9: Building] INFO  o.e.m.c.i.l.LifecycleMappingFactory - Using org.eclipse.m2e.jdt.JarLifecycleMapping lifecycle mapping for MavenProject: com.shopme:ShopmeBackEnd:0.0.1-SNAPSHOT @ C:\ShopmeEcommerce\ShopmeProject\ShopmeWebParent\ShopmeBackEnd\pom.xml.
2025-03-24 18:44:28,500 [Worker-9: Building] INFO  o.e.m.c.i.e.AbstractTransferListenerAdapter - Downloading https://repo.maven.apache.org/maven2/org/springframework/boot/spring-boot-devtools/3.4.3/spring-boot-devtools-3.4.3.pom
2025-03-24 18:44:28,567 [Worker-9: Building] INFO  o.e.m.c.i.e.AbstractTransferListenerAdapter - Downloaded https://repo.maven.apache.org/maven2/org/springframework/boot/spring-boot-devtools/3.4.3/spring-boot-devtools-3.4.3.pom
2025-03-24 18:44:29,252 [Worker-9: Building] INFO  o.e.m.c.i.e.AbstractTransferListenerAdapter - Downloading https://repo.maven.apache.org/maven2/org/springframework/boot/spring-boot-devtools/3.4.3/spring-boot-devtools-3.4.3.jar
2025-03-24 18:44:29,393 [Worker-9: Building] INFO  o.e.m.c.i.e.AbstractTransferListenerAdapter - Downloaded https://repo.maven.apache.org/maven2/org/springframework/boot/spring-boot-devtools/3.4.3/spring-boot-devtools-3.4.3.jar
2025-03-24 18:44:30,237 [Worker-9: Building] INFO  o.a.m.s.f.DefaultMavenResourcesFiltering - Copying 0 resource from src\main\resources to target\classes
2025-03-24 18:44:30,239 [Worker-9: Building] INFO  o.a.m.s.f.DefaultMavenResourcesFiltering - Copying 0 resource from src\main\resources to target\classes
2025-03-24 18:44:30,245 [Worker-9: Building] INFO  o.a.m.s.f.DefaultMavenResourcesFiltering - skip non existing resourceDirectory C:\ShopmeEcommerce\ShopmeProject\ShopmeWebParent\ShopmeBackEnd\src\test\resources
2025-03-24 18:44:30,619 [Worker-21: Building] INFO  o.a.m.s.f.DefaultMavenResourcesFiltering - Copying 1 resource from src\main\resources to target\classes
2025-03-24 18:44:30,621 [Worker-9: Download sources and javadoc] INFO  o.e.m.c.i.e.AbstractTransferListenerAdapter - Downloading https://repo.maven.apache.org/maven2/org/springframework/boot/spring-boot-devtools/3.4.3/spring-boot-devtools-3.4.3-sources.jar
2025-03-24 18:44:30,663 [Worker-21: Building] INFO  o.a.m.s.f.DefaultMavenResourcesFiltering - Copying 2 resources from src\main\resources to target\classes
2025-03-24 18:44:30,680 [Worker-21: Building] INFO  o.a.m.s.f.DefaultMavenResourcesFiltering - skip non existing resourceDirectory C:\ShopmeEcommerce\ShopmeProject\ShopmeWebParent\ShopmeBackEnd\src\test\resources
2025-03-24 18:44:30,783 [Worker-9: Download sources and javadoc] INFO  o.e.m.c.i.e.AbstractTransferListenerAdapter - Downloaded https://repo.maven.apache.org/maven2/org/springframework/boot/spring-boot-devtools/3.4.3/spring-boot-devtools-3.4.3-sources.jar
2025-03-24 18:44:30,796 [Worker-9: Download sources and javadoc] INFO  o.e.m.j.internal.DownloadSourcesJob - Downloaded sources for org.springframework.boot:spring-boot-devtools:3.4.3
2025-03-24 18:45:34,739 [Worker-23: Building] INFO  o.a.m.s.f.DefaultMavenResourcesFiltering - Copying 0 resource from src\main\resources to target\classes
2025-03-24 18:45:34,741 [Worker-23: Building] INFO  o.a.m.s.f.DefaultMavenResourcesFiltering - Copying 1 resource from src\main\resources to target\classes
2025-03-24 18:45:34,747 [Worker-23: Building] INFO  o.a.m.s.f.DefaultMavenResourcesFiltering - skip non existing resourceDirectory C:\ShopmeEcommerce\ShopmeProject\ShopmeWebParent\ShopmeBackEnd\src\test\resources
2025-03-24 18:45:52,791 [Worker-21: Building] INFO  o.a.m.s.f.DefaultMavenResourcesFiltering - Copying 0 resource from src\main\resources to target\classes
2025-03-24 18:45:52,797 [Worker-21: Building] INFO  o.a.m.s.f.DefaultMavenResourcesFiltering - Copying 1 resource from src\main\resources to target\classes
2025-03-24 18:45:52,805 [Worker-21: Building] INFO  o.a.m.s.f.DefaultMavenResourcesFiltering - skip non existing resourceDirectory C:\ShopmeEcommerce\ShopmeProject\ShopmeWebParent\ShopmeBackEnd\src\test\resources
2025-03-24 18:47:26,501 [Worker-9: Building] INFO  o.a.m.s.f.DefaultMavenResourcesFiltering - Copying 0 resource from src\main\resources to target\classes
2025-03-24 18:47:26,502 [Worker-9: Building] INFO  o.a.m.s.f.DefaultMavenResourcesFiltering - Copying 1 resource from src\main\resources to target\classes
2025-03-24 18:47:26,506 [Worker-9: Building] INFO  o.a.m.s.f.DefaultMavenResourcesFiltering - skip non existing resourceDirectory C:\ShopmeEcommerce\ShopmeProject\ShopmeWebParent\ShopmeBackEnd\src\test\resources
2025-03-24 19:01:25,934 [Worker-23: Building] INFO  o.a.m.s.f.DefaultMavenResourcesFiltering - Copying 0 resource from src\main\resources to target\classes
2025-03-24 19:01:25,935 [Worker-23: Building] INFO  o.a.m.s.f.DefaultMavenResourcesFiltering - Copying 1 resource from src\main\resources to target\classes
2025-03-24 19:01:25,937 [Worker-23: Building] INFO  o.a.m.s.f.DefaultMavenResourcesFiltering - skip non existing resourceDirectory C:\ShopmeEcommerce\ShopmeProject\ShopmeWebParent\ShopmeBackEnd\src\test\resources
2025-03-24 19:02:19,332 [Worker-21: Building] INFO  o.a.m.s.f.DefaultMavenResourcesFiltering - Copying 0 resource from src\main\resources to target\classes
2025-03-24 19:02:19,333 [Worker-21: Building] INFO  o.a.m.s.f.DefaultMavenResourcesFiltering - Copying 1 resource from src\main\resources to target\classes
2025-03-24 19:02:19,336 [Worker-21: Building] INFO  o.a.m.s.f.DefaultMavenResourcesFiltering - skip non existing resourceDirectory C:\ShopmeEcommerce\ShopmeProject\ShopmeWebParent\ShopmeBackEnd\src\test\resources
2025-03-24 19:03:02,890 [Worker-21: Building] INFO  o.a.m.s.f.DefaultMavenResourcesFiltering - Copying 0 resource from src\main\resources to target\classes
2025-03-24 19:03:02,891 [Worker-21: Building] INFO  o.a.m.s.f.DefaultMavenResourcesFiltering - Copying 1 resource from src\main\resources to target\classes
2025-03-24 19:03:02,894 [Worker-21: Building] INFO  o.a.m.s.f.DefaultMavenResourcesFiltering - skip non existing resourceDirectory C:\ShopmeEcommerce\ShopmeProject\ShopmeWebParent\ShopmeBackEnd\src\test\resources
2025-03-24 19:05:01,528 [Worker-14: Building] INFO  o.a.m.s.f.DefaultMavenResourcesFiltering - Copying 0 resource from src\main\resources to target\classes
2025-03-24 19:05:01,529 [Worker-14: Building] INFO  o.a.m.s.f.DefaultMavenResourcesFiltering - Copying 1 resource from src\main\resources to target\classes
2025-03-24 19:05:01,532 [Worker-14: Building] INFO  o.a.m.s.f.DefaultMavenResourcesFiltering - skip non existing resourceDirectory C:\ShopmeEcommerce\ShopmeProject\ShopmeWebParent\ShopmeBackEnd\src\test\resources
2025-03-24 19:05:50,262 [Worker-18: Building] INFO  o.a.m.s.f.DefaultMavenResourcesFiltering - Copying 0 resource from src\main\resources to target\classes
2025-03-24 19:05:50,262 [Worker-18: Building] INFO  o.a.m.s.f.DefaultMavenResourcesFiltering - Copying 1 resource from src\main\resources to target\classes
2025-03-24 19:05:50,265 [Worker-18: Building] INFO  o.a.m.s.f.DefaultMavenResourcesFiltering - skip non existing resourceDirectory C:\ShopmeEcommerce\ShopmeProject\ShopmeWebParent\ShopmeBackEnd\src\test\resources
2025-03-24 19:06:02,657 [Worker-18: Building] INFO  o.a.m.s.f.DefaultMavenResourcesFiltering - Copying 0 resource from src\main\resources to target\classes
2025-03-24 19:06:02,658 [Worker-18: Building] INFO  o.a.m.s.f.DefaultMavenResourcesFiltering - Copying 1 resource from src\main\resources to target\classes
2025-03-24 19:06:02,672 [Worker-18: Building] INFO  o.a.m.s.f.DefaultMavenResourcesFiltering - skip non existing resourceDirectory C:\ShopmeEcommerce\ShopmeProject\ShopmeWebParent\ShopmeBackEnd\src\test\resources
2025-03-24 19:08:11,709 [Worker-19: Building] INFO  o.a.m.s.f.DefaultMavenResourcesFiltering - Copying 0 resource from src\main\resources to target\classes
2025-03-24 19:08:11,710 [Worker-19: Building] INFO  o.a.m.s.f.DefaultMavenResourcesFiltering - Copying 1 resource from src\main\resources to target\classes
2025-03-24 19:08:11,714 [Worker-19: Building] INFO  o.a.m.s.f.DefaultMavenResourcesFiltering - skip non existing resourceDirectory C:\ShopmeEcommerce\ShopmeProject\ShopmeWebParent\ShopmeBackEnd\src\test\resources
2025-03-24 19:08:36,337 [Worker-9: Building] INFO  o.a.m.s.f.DefaultMavenResourcesFiltering - Copying 0 resource from src\main\resources to target\classes
2025-03-24 19:08:36,338 [Worker-9: Building] INFO  o.a.m.s.f.DefaultMavenResourcesFiltering - Copying 1 resource from src\main\resources to target\classes
2025-03-24 19:08:36,340 [Worker-9: Building] INFO  o.a.m.s.f.DefaultMavenResourcesFiltering - skip non existing resourceDirectory C:\ShopmeEcommerce\ShopmeProject\ShopmeWebParent\ShopmeBackEnd\src\test\resources
2025-03-24 19:10:36,909 [Worker-19: Building] INFO  o.a.m.s.f.DefaultMavenResourcesFiltering - Copying 0 resource from src\main\resources to target\classes
2025-03-24 19:10:36,910 [Worker-19: Building] INFO  o.a.m.s.f.DefaultMavenResourcesFiltering - Copying 1 resource from src\main\resources to target\classes
2025-03-24 19:10:36,913 [Worker-19: Building] INFO  o.a.m.s.f.DefaultMavenResourcesFiltering - skip non existing resourceDirectory C:\ShopmeEcommerce\ShopmeProject\ShopmeWebParent\ShopmeBackEnd\src\test\resources
2025-03-24 19:11:45,745 [Worker-21: Building] INFO  o.a.m.s.f.DefaultMavenResourcesFiltering - Copying 0 resource from src\main\resources to target\classes
2025-03-24 19:11:45,745 [Worker-21: Building] INFO  o.a.m.s.f.DefaultMavenResourcesFiltering - Copying 1 resource from src\main\resources to target\classes
2025-03-24 19:11:45,748 [Worker-21: Building] INFO  o.a.m.s.f.DefaultMavenResourcesFiltering - skip non existing resourceDirectory C:\ShopmeEcommerce\ShopmeProject\ShopmeWebParent\ShopmeBackEnd\src\test\resources
2025-03-24 19:12:38,623 [Worker-14: Building] INFO  o.a.m.s.f.DefaultMavenResourcesFiltering - Copying 0 resource from src\main\resources to target\classes
2025-03-24 19:12:38,624 [Worker-14: Building] INFO  o.a.m.s.f.DefaultMavenResourcesFiltering - Copying 1 resource from src\main\resources to target\classes
2025-03-24 19:12:38,626 [Worker-14: Building] INFO  o.a.m.s.f.DefaultMavenResourcesFiltering - skip non existing resourceDirectory C:\ShopmeEcommerce\ShopmeProject\ShopmeWebParent\ShopmeBackEnd\src\test\resources
2025-03-24 19:16:25,367 [Worker-18: Building] INFO  o.a.m.s.f.DefaultMavenResourcesFiltering - Copying 0 resource from src\main\resources to target\classes
2025-03-24 19:16:25,367 [Worker-18: Building] INFO  o.a.m.s.f.DefaultMavenResourcesFiltering - Copying 1 resource from src\main\resources to target\classes
2025-03-24 19:16:25,370 [Worker-18: Building] INFO  o.a.m.s.f.DefaultMavenResourcesFiltering - skip non existing resourceDirectory C:\ShopmeEcommerce\ShopmeProject\ShopmeWebParent\ShopmeBackEnd\src\test\resources
2025-03-24 19:22:12,912 [Worker-19: Building] INFO  o.a.m.s.f.DefaultMavenResourcesFiltering - Copying 0 resource from src\main\resources to target\classes
2025-03-24 19:22:12,913 [Worker-19: Building] INFO  o.a.m.s.f.DefaultMavenResourcesFiltering - Copying 1 resource from src\main\resources to target\classes
2025-03-24 19:22:12,915 [Worker-19: Building] INFO  o.a.m.s.f.DefaultMavenResourcesFiltering - skip non existing resourceDirectory C:\ShopmeEcommerce\ShopmeProject\ShopmeWebParent\ShopmeBackEnd\src\test\resources
2025-03-24 19:23:48,272 [Worker-14: Building] INFO  o.a.m.s.f.DefaultMavenResourcesFiltering - Copying 0 resource from src\main\resources to target\classes
2025-03-24 19:23:48,272 [Worker-14: Building] INFO  o.a.m.s.f.DefaultMavenResourcesFiltering - Copying 1 resource from src\main\resources to target\classes
2025-03-24 19:23:48,275 [Worker-14: Building] INFO  o.a.m.s.f.DefaultMavenResourcesFiltering - skip non existing resourceDirectory C:\ShopmeEcommerce\ShopmeProject\ShopmeWebParent\ShopmeBackEnd\src\test\resources
2025-03-24 19:24:50,565 [Worker-9: Building] INFO  o.a.m.s.f.DefaultMavenResourcesFiltering - Copying 0 resource from src\main\resources to target\classes
2025-03-24 19:24:50,566 [Worker-9: Building] INFO  o.a.m.s.f.DefaultMavenResourcesFiltering - Copying 1 resource from src\main\resources to target\classes
2025-03-24 19:24:50,568 [Worker-9: Building] INFO  o.a.m.s.f.DefaultMavenResourcesFiltering - skip non existing resourceDirectory C:\ShopmeEcommerce\ShopmeProject\ShopmeWebParent\ShopmeBackEnd\src\test\resources
2025-03-24 19:36:03,766 [Worker-22: Building] INFO  o.a.m.s.f.DefaultMavenResourcesFiltering - Copying 0 resource from src\main\resources to target\classes
2025-03-24 19:36:03,767 [Worker-22: Building] INFO  o.a.m.s.f.DefaultMavenResourcesFiltering - Copying 1 resource from src\main\resources to target\classes
2025-03-24 19:36:03,769 [Worker-22: Building] INFO  o.a.m.s.f.DefaultMavenResourcesFiltering - skip non existing resourceDirectory C:\ShopmeEcommerce\ShopmeProject\ShopmeWebParent\ShopmeBackEnd\src\test\resources
2025-03-24 19:36:51,059 [Worker-21: Building] INFO  o.a.m.s.f.DefaultMavenResourcesFiltering - Copying 0 resource from src\main\resources to target\classes
2025-03-24 19:36:51,060 [Worker-21: Building] INFO  o.a.m.s.f.DefaultMavenResourcesFiltering - Copying 1 resource from src\main\resources to target\classes
2025-03-24 19:36:51,064 [Worker-21: Building] INFO  o.a.m.s.f.DefaultMavenResourcesFiltering - skip non existing resourceDirectory C:\ShopmeEcommerce\ShopmeProject\ShopmeWebParent\ShopmeBackEnd\src\test\resources
2025-03-24 19:42:26,687 [Worker-9: Building] INFO  o.a.m.s.f.DefaultMavenResourcesFiltering - Copying 0 resource from src\main\resources to target\classes
2025-03-24 19:42:26,689 [Worker-9: Building] INFO  o.a.m.s.f.DefaultMavenResourcesFiltering - Copying 1 resource from src\main\resources to target\classes
2025-03-24 19:42:26,692 [Worker-9: Building] INFO  o.a.m.s.f.DefaultMavenResourcesFiltering - skip non existing resourceDirectory C:\ShopmeEcommerce\ShopmeProject\ShopmeWebParent\ShopmeBackEnd\src\test\resources
2025-03-24 19:49:41,685 [Worker-22: Launching ShopmeBackEnd - ShopmeBackEndApplication] INFO  o.a.m.s.f.DefaultMavenResourcesFiltering - Copying 0 resource from src\main\resources to target\classes
2025-03-24 19:49:41,686 [Worker-22: Launching ShopmeBackEnd - ShopmeBackEndApplication] INFO  o.a.m.s.f.DefaultMavenResourcesFiltering - Copying 1 resource from src\main\resources to target\classes
2025-03-24 19:49:41,691 [Worker-22: Launching ShopmeBackEnd - ShopmeBackEndApplication] INFO  o.a.m.s.f.DefaultMavenResourcesFiltering - skip non existing resourceDirectory C:\ShopmeEcommerce\ShopmeProject\ShopmeWebParent\ShopmeBackEnd\src\test\resources
2025-03-24 19:50:03,689 [Worker-22: Building] INFO  o.a.m.s.f.DefaultMavenResourcesFiltering - Copying 0 resource from src\main\resources to target\classes
2025-03-24 19:50:03,690 [Worker-22: Building] INFO  o.a.m.s.f.DefaultMavenResourcesFiltering - Copying 1 resource from src\main\resources to target\classes
2025-03-24 19:50:03,694 [Worker-22: Building] INFO  o.a.m.s.f.DefaultMavenResourcesFiltering - skip non existing resourceDirectory C:\ShopmeEcommerce\ShopmeProject\ShopmeWebParent\ShopmeBackEnd\src\test\resources
2025-03-24 19:51:44,946 [Worker-18: Building] INFO  o.a.m.s.f.DefaultMavenResourcesFiltering - Copying 0 resource from src\main\resources to target\classes
2025-03-24 19:51:44,947 [Worker-18: Building] INFO  o.a.m.s.f.DefaultMavenResourcesFiltering - Copying 1 resource from src\main\resources to target\classes
2025-03-24 19:51:44,950 [Worker-18: Building] INFO  o.a.m.s.f.DefaultMavenResourcesFiltering - skip non existing resourceDirectory C:\ShopmeEcommerce\ShopmeProject\ShopmeWebParent\ShopmeBackEnd\src\test\resources
2025-03-24 19:52:28,249 [Worker-14: Building] INFO  o.a.m.s.f.DefaultMavenResourcesFiltering - Copying 0 resource from src\main\resources to target\classes
2025-03-24 19:52:28,250 [Worker-14: Building] INFO  o.a.m.s.f.DefaultMavenResourcesFiltering - Copying 1 resource from src\main\resources to target\classes
2025-03-24 19:52:28,253 [Worker-14: Building] INFO  o.a.m.s.f.DefaultMavenResourcesFiltering - skip non existing resourceDirectory C:\ShopmeEcommerce\ShopmeProject\ShopmeWebParent\ShopmeBackEnd\src\test\resources
2025-03-24 20:16:59,694 [Worker-23: Building] INFO  o.a.m.s.f.DefaultMavenResourcesFiltering - Copying 0 resource from src\main\resources to target\classes
2025-03-24 20:16:59,694 [Worker-23: Building] INFO  o.a.m.s.f.DefaultMavenResourcesFiltering - Copying 1 resource from src\main\resources to target\classes
2025-03-24 20:16:59,698 [Worker-23: Building] INFO  o.a.m.s.f.DefaultMavenResourcesFiltering - skip non existing resourceDirectory C:\ShopmeEcommerce\ShopmeProject\ShopmeWebParent\ShopmeBackEnd\src\test\resources
2025-03-24 20:19:37,180 [Worker-23: Building] INFO  o.a.m.s.f.DefaultMavenResourcesFiltering - Copying 0 resource from src\main\resources to target\classes
2025-03-24 20:19:37,181 [Worker-23: Building] INFO  o.a.m.s.f.DefaultMavenResourcesFiltering - Copying 1 resource from src\main\resources to target\classes
2025-03-24 20:19:37,183 [Worker-23: Building] INFO  o.a.m.s.f.DefaultMavenResourcesFiltering - skip non existing resourceDirectory C:\ShopmeEcommerce\ShopmeProject\ShopmeWebParent\ShopmeBackEnd\src\test\resources
2025-03-24 20:31:19,250 [Worker-20: Building] INFO  o.e.m.c.i.l.LifecycleMappingFactory - Using NULL lifecycle mapping for MavenProject: com.shopme:ShopmeWebParent:0.0.1-SNAPSHOT @ C:\ShopmeEcommerce\ShopmeProject\ShopmeWebParent\pom.xml.
2025-03-24 20:31:20,520 [Worker-20: Building] INFO  o.e.m.c.i.l.LifecycleMappingFactory - Using org.eclipse.m2e.jdt.JarLifecycleMapping lifecycle mapping for MavenProject: com.shopme:ShopmeFrontEnd:0.0.1-SNAPSHOT @ C:\ShopmeEcommerce\ShopmeProject\ShopmeWebParent\ShopmeFrontEnd\pom.xml.
2025-03-24 20:31:20,578 [Worker-20: Building] INFO  o.e.m.c.i.l.LifecycleMappingFactory - Using org.eclipse.m2e.jdt.JarLifecycleMapping lifecycle mapping for MavenProject: com.shopme:ShopmeBackEnd:0.0.1-SNAPSHOT @ C:\ShopmeEcommerce\ShopmeProject\ShopmeWebParent\ShopmeBackEnd\pom.xml.
2025-03-24 20:31:23,026 [Worker-26: Building] INFO  o.a.m.s.f.DefaultMavenResourcesFiltering - Copying 1 resource from src\main\resources to target\classes
2025-03-24 20:31:23,052 [Worker-26: Building] INFO  o.a.m.s.f.DefaultMavenResourcesFiltering - Copying 2 resources from src\main\resources to target\classes
2025-03-24 20:31:23,059 [Worker-26: Building] INFO  o.a.m.s.f.DefaultMavenResourcesFiltering - skip non existing resourceDirectory C:\ShopmeEcommerce\ShopmeProject\ShopmeWebParent\ShopmeBackEnd\src\test\resources
2025-03-25 09:16:52,815 [Worker-28: Building] INFO  o.a.m.s.f.DefaultMavenResourcesFiltering - Copying 0 resource from src\main\resources to target\classes
2025-03-25 09:16:52,817 [Worker-28: Building] INFO  o.a.m.s.f.DefaultMavenResourcesFiltering - Copying 1 resource from src\main\resources to target\classes
2025-03-25 09:16:52,822 [Worker-28: Building] INFO  o.a.m.s.f.DefaultMavenResourcesFiltering - skip non existing resourceDirectory C:\ShopmeEcommerce\ShopmeProject\ShopmeWebParent\ShopmeBackEnd\src\test\resources
2025-03-25 09:17:18,288 [Worker-29: Building] INFO  o.a.m.s.f.DefaultMavenResourcesFiltering - Copying 0 resource from src\main\resources to target\classes
2025-03-25 09:17:18,289 [Worker-29: Building] INFO  o.a.m.s.f.DefaultMavenResourcesFiltering - Copying 1 resource from src\main\resources to target\classes
2025-03-25 09:17:18,295 [Worker-29: Building] INFO  o.a.m.s.f.DefaultMavenResourcesFiltering - skip non existing resourceDirectory C:\ShopmeEcommerce\ShopmeProject\ShopmeWebParent\ShopmeBackEnd\src\test\resources
2025-03-25 09:19:32,923 [Worker-31: Building] INFO  o.a.m.s.f.DefaultMavenResourcesFiltering - Copying 0 resource from src\main\resources to target\classes
2025-03-25 09:19:32,926 [Worker-31: Building] INFO  o.a.m.s.f.DefaultMavenResourcesFiltering - Copying 1 resource from src\main\resources to target\classes
2025-03-25 09:19:32,931 [Worker-31: Building] INFO  o.a.m.s.f.DefaultMavenResourcesFiltering - skip non existing resourceDirectory C:\ShopmeEcommerce\ShopmeProject\ShopmeWebParent\ShopmeBackEnd\src\test\resources
2025-03-25 09:21:42,799 [Worker-30: Building] INFO  o.a.m.s.f.DefaultMavenResourcesFiltering - Copying 0 resource from src\main\resources to target\classes
2025-03-25 09:21:42,801 [Worker-30: Building] INFO  o.a.m.s.f.DefaultMavenResourcesFiltering - Copying 1 resource from src\main\resources to target\classes
2025-03-25 09:21:42,808 [Worker-30: Building] INFO  o.a.m.s.f.DefaultMavenResourcesFiltering - skip non existing resourceDirectory C:\ShopmeEcommerce\ShopmeProject\ShopmeWebParent\ShopmeBackEnd\src\test\resources
2025-03-25 09:23:47,765 [Worker-28: Building] INFO  o.a.m.s.f.DefaultMavenResourcesFiltering - Copying 0 resource from src\main\resources to target\classes
2025-03-25 09:23:47,770 [Worker-28: Building] INFO  o.a.m.s.f.DefaultMavenResourcesFiltering - Copying 1 resource from src\main\resources to target\classes
2025-03-25 09:23:47,778 [Worker-28: Building] INFO  o.a.m.s.f.DefaultMavenResourcesFiltering - skip non existing resourceDirectory C:\ShopmeEcommerce\ShopmeProject\ShopmeWebParent\ShopmeBackEnd\src\test\resources
2025-03-25 09:26:15,261 [Worker-30: Building] INFO  o.a.m.s.f.DefaultMavenResourcesFiltering - Copying 0 resource from src\main\resources to target\classes
2025-03-25 09:26:15,262 [Worker-30: Building] INFO  o.a.m.s.f.DefaultMavenResourcesFiltering - Copying 1 resource from src\main\resources to target\classes
2025-03-25 09:26:15,266 [Worker-30: Building] INFO  o.a.m.s.f.DefaultMavenResourcesFiltering - skip non existing resourceDirectory C:\ShopmeEcommerce\ShopmeProject\ShopmeWebParent\ShopmeBackEnd\src\test\resources
2025-03-25 09:26:38,669 [Worker-30: Building] INFO  o.a.m.s.f.DefaultMavenResourcesFiltering - Copying 0 resource from src\main\resources to target\classes
2025-03-25 09:26:38,671 [Worker-30: Building] INFO  o.a.m.s.f.DefaultMavenResourcesFiltering - Copying 1 resource from src\main\resources to target\classes
2025-03-25 09:26:38,675 [Worker-30: Building] INFO  o.a.m.s.f.DefaultMavenResourcesFiltering - skip non existing resourceDirectory C:\ShopmeEcommerce\ShopmeProject\ShopmeWebParent\ShopmeBackEnd\src\test\resources
2025-03-25 09:41:33,274 [Worker-34: Building] INFO  o.a.m.s.f.DefaultMavenResourcesFiltering - Copying 0 resource from src\main\resources to target\classes
2025-03-25 09:41:33,276 [Worker-34: Building] INFO  o.a.m.s.f.DefaultMavenResourcesFiltering - Copying 1 resource from src\main\resources to target\classes
2025-03-25 09:41:33,280 [Worker-34: Building] INFO  o.a.m.s.f.DefaultMavenResourcesFiltering - skip non existing resourceDirectory C:\ShopmeEcommerce\ShopmeProject\ShopmeWebParent\ShopmeBackEnd\src\test\resources
2025-03-25 09:43:38,217 [Worker-32: Building] INFO  o.a.m.s.f.DefaultMavenResourcesFiltering - Copying 0 resource from src\main\resources to target\classes
2025-03-25 09:43:38,218 [Worker-32: Building] INFO  o.a.m.s.f.DefaultMavenResourcesFiltering - Copying 1 resource from src\main\resources to target\classes
2025-03-25 09:43:38,223 [Worker-32: Building] INFO  o.a.m.s.f.DefaultMavenResourcesFiltering - skip non existing resourceDirectory C:\ShopmeEcommerce\ShopmeProject\ShopmeWebParent\ShopmeBackEnd\src\test\resources
2025-03-25 09:45:51,665 [Worker-34: Building] INFO  o.a.m.s.f.DefaultMavenResourcesFiltering - Copying 0 resource from src\main\resources to target\classes
2025-03-25 09:45:51,666 [Worker-34: Building] INFO  o.a.m.s.f.DefaultMavenResourcesFiltering - Copying 1 resource from src\main\resources to target\classes
2025-03-25 09:45:51,674 [Worker-34: Building] INFO  o.a.m.s.f.DefaultMavenResourcesFiltering - skip non existing resourceDirectory C:\ShopmeEcommerce\ShopmeProject\ShopmeWebParent\ShopmeBackEnd\src\test\resources
2025-03-25 09:46:17,211 [Worker-30: Building] INFO  o.a.m.s.f.DefaultMavenResourcesFiltering - Copying 0 resource from src\main\resources to target\classes
2025-03-25 09:46:17,214 [Worker-30: Building] INFO  o.a.m.s.f.DefaultMavenResourcesFiltering - Copying 1 resource from src\main\resources to target\classes
2025-03-25 09:46:17,221 [Worker-30: Building] INFO  o.a.m.s.f.DefaultMavenResourcesFiltering - skip non existing resourceDirectory C:\ShopmeEcommerce\ShopmeProject\ShopmeWebParent\ShopmeBackEnd\src\test\resources
2025-03-25 09:46:54,388 [Worker-32: Building] INFO  o.a.m.s.f.DefaultMavenResourcesFiltering - Copying 0 resource from src\main\resources to target\classes
2025-03-25 09:46:54,391 [Worker-32: Building] INFO  o.a.m.s.f.DefaultMavenResourcesFiltering - Copying 1 resource from src\main\resources to target\classes
2025-03-25 09:46:54,400 [Worker-32: Building] INFO  o.a.m.s.f.DefaultMavenResourcesFiltering - skip non existing resourceDirectory C:\ShopmeEcommerce\ShopmeProject\ShopmeWebParent\ShopmeBackEnd\src\test\resources
2025-03-25 09:48:11,610 [Worker-30: Building] INFO  o.a.m.s.f.DefaultMavenResourcesFiltering - Copying 0 resource from src\main\resources to target\classes
2025-03-25 09:48:11,611 [Worker-30: Building] INFO  o.a.m.s.f.DefaultMavenResourcesFiltering - Copying 1 resource from src\main\resources to target\classes
2025-03-25 09:48:11,617 [Worker-30: Building] INFO  o.a.m.s.f.DefaultMavenResourcesFiltering - skip non existing resourceDirectory C:\ShopmeEcommerce\ShopmeProject\ShopmeWebParent\ShopmeBackEnd\src\test\resources
2025-03-25 09:48:30,183 [Worker-30: Building] INFO  o.a.m.s.f.DefaultMavenResourcesFiltering - Copying 0 resource from src\main\resources to target\classes
2025-03-25 09:48:30,186 [Worker-30: Building] INFO  o.a.m.s.f.DefaultMavenResourcesFiltering - Copying 1 resource from src\main\resources to target\classes
2025-03-25 09:48:30,192 [Worker-30: Building] INFO  o.a.m.s.f.DefaultMavenResourcesFiltering - skip non existing resourceDirectory C:\ShopmeEcommerce\ShopmeProject\ShopmeWebParent\ShopmeBackEnd\src\test\resources
2025-03-25 09:48:45,828 [Worker-34: Building] INFO  o.a.m.s.f.DefaultMavenResourcesFiltering - Copying 0 resource from src\main\resources to target\classes
2025-03-25 09:48:45,829 [Worker-34: Building] INFO  o.a.m.s.f.DefaultMavenResourcesFiltering - Copying 1 resource from src\main\resources to target\classes
2025-03-25 09:48:45,835 [Worker-34: Building] INFO  o.a.m.s.f.DefaultMavenResourcesFiltering - skip non existing resourceDirectory C:\ShopmeEcommerce\ShopmeProject\ShopmeWebParent\ShopmeBackEnd\src\test\resources
2025-03-25 09:50:47,703 [Worker-32: Building] INFO  o.a.m.s.f.DefaultMavenResourcesFiltering - Copying 0 resource from src\main\resources to target\classes
2025-03-25 09:50:47,704 [Worker-32: Building] INFO  o.a.m.s.f.DefaultMavenResourcesFiltering - Copying 1 resource from src\main\resources to target\classes
2025-03-25 09:50:47,709 [Worker-32: Building] INFO  o.a.m.s.f.DefaultMavenResourcesFiltering - skip non existing resourceDirectory C:\ShopmeEcommerce\ShopmeProject\ShopmeWebParent\ShopmeBackEnd\src\test\resources
2025-03-25 09:51:06,007 [Worker-28: Building] INFO  o.a.m.s.f.DefaultMavenResourcesFiltering - Copying 0 resource from src\main\resources to target\classes
2025-03-25 09:51:06,009 [Worker-28: Building] INFO  o.a.m.s.f.DefaultMavenResourcesFiltering - Copying 1 resource from src\main\resources to target\classes
2025-03-25 09:51:06,016 [Worker-28: Building] INFO  o.a.m.s.f.DefaultMavenResourcesFiltering - skip non existing resourceDirectory C:\ShopmeEcommerce\ShopmeProject\ShopmeWebParent\ShopmeBackEnd\src\test\resources
2025-03-25 09:51:47,625 [Worker-31: Building] INFO  o.a.m.s.f.DefaultMavenResourcesFiltering - Copying 0 resource from src\main\resources to target\classes
2025-03-25 09:51:47,627 [Worker-31: Building] INFO  o.a.m.s.f.DefaultMavenResourcesFiltering - Copying 1 resource from src\main\resources to target\classes
2025-03-25 09:51:47,632 [Worker-31: Building] INFO  o.a.m.s.f.DefaultMavenResourcesFiltering - skip non existing resourceDirectory C:\ShopmeEcommerce\ShopmeProject\ShopmeWebParent\ShopmeBackEnd\src\test\resources
2025-03-25 09:52:05,702 [Worker-32: Building] INFO  o.a.m.s.f.DefaultMavenResourcesFiltering - Copying 0 resource from src\main\resources to target\classes
2025-03-25 09:52:05,704 [Worker-32: Building] INFO  o.a.m.s.f.DefaultMavenResourcesFiltering - Copying 1 resource from src\main\resources to target\classes
2025-03-25 09:52:05,710 [Worker-32: Building] INFO  o.a.m.s.f.DefaultMavenResourcesFiltering - skip non existing resourceDirectory C:\ShopmeEcommerce\ShopmeProject\ShopmeWebParent\ShopmeBackEnd\src\test\resources
2025-03-25 09:53:50,234 [Worker-33: Building] INFO  o.a.m.s.f.DefaultMavenResourcesFiltering - Copying 0 resource from src\main\resources to target\classes
2025-03-25 09:53:50,235 [Worker-33: Building] INFO  o.a.m.s.f.DefaultMavenResourcesFiltering - Copying 1 resource from src\main\resources to target\classes
2025-03-25 09:53:50,242 [Worker-33: Building] INFO  o.a.m.s.f.DefaultMavenResourcesFiltering - skip non existing resourceDirectory C:\ShopmeEcommerce\ShopmeProject\ShopmeWebParent\ShopmeBackEnd\src\test\resources
2025-03-25 09:54:00,892 [Worker-31: Building] INFO  o.a.m.s.f.DefaultMavenResourcesFiltering - Copying 0 resource from src\main\resources to target\classes
2025-03-25 09:54:00,894 [Worker-31: Building] INFO  o.a.m.s.f.DefaultMavenResourcesFiltering - Copying 1 resource from src\main\resources to target\classes
2025-03-25 09:54:00,900 [Worker-31: Building] INFO  o.a.m.s.f.DefaultMavenResourcesFiltering - skip non existing resourceDirectory C:\ShopmeEcommerce\ShopmeProject\ShopmeWebParent\ShopmeBackEnd\src\test\resources
2025-03-25 09:54:10,786 [Worker-31: Building] INFO  o.a.m.s.f.DefaultMavenResourcesFiltering - Copying 0 resource from src\main\resources to target\classes
2025-03-25 09:54:10,788 [Worker-31: Building] INFO  o.a.m.s.f.DefaultMavenResourcesFiltering - Copying 1 resource from src\main\resources to target\classes
2025-03-25 09:54:10,793 [Worker-31: Building] INFO  o.a.m.s.f.DefaultMavenResourcesFiltering - skip non existing resourceDirectory C:\ShopmeEcommerce\ShopmeProject\ShopmeWebParent\ShopmeBackEnd\src\test\resources
2025-03-25 09:54:19,407 [Worker-33: Building] INFO  o.a.m.s.f.DefaultMavenResourcesFiltering - Copying 0 resource from src\main\resources to target\classes
2025-03-25 09:54:19,409 [Worker-33: Building] INFO  o.a.m.s.f.DefaultMavenResourcesFiltering - Copying 1 resource from src\main\resources to target\classes
2025-03-25 09:54:19,416 [Worker-33: Building] INFO  o.a.m.s.f.DefaultMavenResourcesFiltering - skip non existing resourceDirectory C:\ShopmeEcommerce\ShopmeProject\ShopmeWebParent\ShopmeBackEnd\src\test\resources
2025-03-25 09:56:10,596 [Worker-31: Building] INFO  o.a.m.s.f.DefaultMavenResourcesFiltering - Copying 0 resource from src\main\resources to target\classes
2025-03-25 09:56:10,598 [Worker-31: Building] INFO  o.a.m.s.f.DefaultMavenResourcesFiltering - Copying 1 resource from src\main\resources to target\classes
2025-03-25 09:56:10,604 [Worker-31: Building] INFO  o.a.m.s.f.DefaultMavenResourcesFiltering - skip non existing resourceDirectory C:\ShopmeEcommerce\ShopmeProject\ShopmeWebParent\ShopmeBackEnd\src\test\resources
2025-03-25 09:56:41,667 [Worker-34: Building] INFO  o.a.m.s.f.DefaultMavenResourcesFiltering - Copying 0 resource from src\main\resources to target\classes
2025-03-25 09:56:41,669 [Worker-34: Building] INFO  o.a.m.s.f.DefaultMavenResourcesFiltering - Copying 1 resource from src\main\resources to target\classes
2025-03-25 09:56:41,676 [Worker-34: Building] INFO  o.a.m.s.f.DefaultMavenResourcesFiltering - skip non existing resourceDirectory C:\ShopmeEcommerce\ShopmeProject\ShopmeWebParent\ShopmeBackEnd\src\test\resources
2025-03-26 00:40:04,356 [Worker-37: Building] INFO  o.e.m.c.i.l.LifecycleMappingFactory - Using NULL lifecycle mapping for MavenProject: com.shopme:ShopmeWebParent:0.0.1-SNAPSHOT @ C:\ShopmeEcommerce\ShopmeProject\ShopmeWebParent\pom.xml.
2025-03-26 00:40:07,191 [Worker-37: Building] INFO  o.e.m.c.i.e.AbstractTransferListenerAdapter - Downloading https://repo.maven.apache.org/maven2/com/mysql/mysql-connector-j/9.1.0/mysql-connector-j-9.1.0.pom
2025-03-26 00:40:07,247 [Worker-37: Building] INFO  o.e.m.c.i.e.AbstractTransferListenerAdapter - Downloaded https://repo.maven.apache.org/maven2/com/mysql/mysql-connector-j/9.1.0/mysql-connector-j-9.1.0.pom
2025-03-26 00:40:07,372 [Worker-37: Building] INFO  o.e.m.c.i.e.AbstractTransferListenerAdapter - Downloading https://repo.maven.apache.org/maven2/com/mysql/mysql-connector-j/9.1.0/mysql-connector-j-9.1.0.jar
2025-03-26 00:40:08,487 [Worker-37: Building] INFO  o.e.m.c.i.e.AbstractTransferListenerAdapter - Downloaded https://repo.maven.apache.org/maven2/com/mysql/mysql-connector-j/9.1.0/mysql-connector-j-9.1.0.jar
2025-03-26 00:40:09,352 [Worker-37: Building] INFO  o.e.m.c.i.l.LifecycleMappingFactory - Using org.eclipse.m2e.jdt.JarLifecycleMapping lifecycle mapping for MavenProject: com.shopme:ShopmeBackEnd:0.0.1-SNAPSHOT @ C:\ShopmeEcommerce\ShopmeProject\ShopmeWebParent\ShopmeBackEnd\pom.xml.
2025-03-26 00:40:09,540 [Worker-37: Building] INFO  o.e.m.c.i.l.LifecycleMappingFactory - Using org.eclipse.m2e.jdt.JarLifecycleMapping lifecycle mapping for MavenProject: com.shopme:ShopmeFrontEnd:0.0.1-SNAPSHOT @ C:\ShopmeEcommerce\ShopmeProject\ShopmeWebParent\ShopmeFrontEnd\pom.xml.
2025-03-26 00:40:14,620 [Worker-40: Download sources and javadoc] INFO  o.e.m.c.i.e.AbstractTransferListenerAdapter - Downloading https://repo.maven.apache.org/maven2/com/mysql/mysql-connector-j/9.1.0/mysql-connector-j-9.1.0-sources.jar
2025-03-26 00:40:16,381 [Worker-41: Building] INFO  o.a.m.s.f.DefaultMavenResourcesFiltering - Copying 1 resource from src\main\resources to target\classes
2025-03-26 00:40:16,415 [Worker-41: Building] INFO  o.a.m.s.f.DefaultMavenResourcesFiltering - Copying 2 resources from src\main\resources to target\classes
2025-03-26 00:40:16,448 [Worker-41: Building] INFO  o.a.m.s.f.DefaultMavenResourcesFiltering - skip non existing resourceDirectory C:\ShopmeEcommerce\ShopmeProject\ShopmeWebParent\ShopmeBackEnd\src\test\resources
2025-03-26 00:40:19,330 [Worker-40: Download sources and javadoc] INFO  o.e.m.c.i.e.AbstractTransferListenerAdapter - Downloaded https://repo.maven.apache.org/maven2/com/mysql/mysql-connector-j/9.1.0/mysql-connector-j-9.1.0-sources.jar
2025-03-26 00:40:19,335 [Worker-40: Download sources and javadoc] INFO  o.e.m.j.internal.DownloadSourcesJob - Downloaded sources for com.mysql:mysql-connector-j:9.1.0
2025-03-26 00:40:19,357 [Worker-40: Download sources and javadoc] INFO  o.e.m.j.internal.DownloadSourcesJob - Downloaded sources for com.mysql:mysql-connector-j:9.1.0
2025-03-26 00:40:19,368 [Worker-40: Download sources and javadoc] INFO  o.e.m.j.internal.DownloadSourcesJob - Downloaded sources for com.mysql:mysql-connector-j:9.1.0
2025-03-26 00:45:24,562 [Worker-42: Building] INFO  o.e.m.c.i.l.LifecycleMappingFactory - Using NULL lifecycle mapping for MavenProject: com.shopme:ShopmeWebParent:0.0.1-SNAPSHOT @ C:\ShopmeEcommerce\ShopmeProject\ShopmeWebParent\pom.xml.
2025-03-26 00:45:26,317 [Worker-42: Building] INFO  o.e.m.c.i.l.LifecycleMappingFactory - Using org.eclipse.m2e.jdt.JarLifecycleMapping lifecycle mapping for MavenProject: com.shopme:ShopmeBackEnd:0.0.1-SNAPSHOT @ C:\ShopmeEcommerce\ShopmeProject\ShopmeWebParent\ShopmeBackEnd\pom.xml.
2025-03-26 00:45:26,447 [Worker-42: Building] INFO  o.e.m.c.i.l.LifecycleMappingFactory - Using org.eclipse.m2e.jdt.JarLifecycleMapping lifecycle mapping for MavenProject: com.shopme:ShopmeFrontEnd:0.0.1-SNAPSHOT @ C:\ShopmeEcommerce\ShopmeProject\ShopmeWebParent\ShopmeFrontEnd\pom.xml.
2025-03-26 00:45:30,662 [Worker-40: Building] INFO  o.a.m.s.f.DefaultMavenResourcesFiltering - Copying 1 resource from src\main\resources to target\classes
2025-03-26 00:45:30,711 [Worker-40: Building] INFO  o.a.m.s.f.DefaultMavenResourcesFiltering - Copying 2 resources from src\main\resources to target\classes
2025-03-26 00:45:30,730 [Worker-40: Building] INFO  o.a.m.s.f.DefaultMavenResourcesFiltering - skip non existing resourceDirectory C:\ShopmeEcommerce\ShopmeProject\ShopmeWebParent\ShopmeBackEnd\src\test\resources
2025-03-26 00:49:27,492 [Worker-40: Building] INFO  o.a.m.s.f.DefaultMavenResourcesFiltering - Copying 1 resource from src\main\resources to target\classes
2025-03-26 00:49:27,500 [Worker-40: Building] INFO  o.a.m.s.f.DefaultMavenResourcesFiltering - Copying 0 resource from src\main\resources to target\classes
2025-03-26 00:49:27,504 [Worker-40: Building] INFO  o.a.m.s.f.DefaultMavenResourcesFiltering - skip non existing resourceDirectory C:\ShopmeEcommerce\ShopmeProject\ShopmeWebParent\ShopmeBackEnd\src\test\resources
2025-03-26 00:51:50,790 [Worker-40: Building] INFO  o.a.m.s.f.DefaultMavenResourcesFiltering - Copying 1 resource from src\main\resources to target\classes
2025-03-26 00:51:50,820 [Worker-40: Building] INFO  o.a.m.s.f.DefaultMavenResourcesFiltering - Copying 0 resource from src\main\resources to target\classes
2025-03-26 00:51:50,823 [Worker-40: Building] INFO  o.a.m.s.f.DefaultMavenResourcesFiltering - skip non existing resourceDirectory C:\ShopmeEcommerce\ShopmeProject\ShopmeCommon\src\test\resources
2025-03-26 00:53:37,528 [Worker-36: Building] INFO  o.a.m.s.f.DefaultMavenResourcesFiltering - Copying 1 resource from src\main\resources to target\classes
2025-03-26 00:53:37,534 [Worker-36: Building] INFO  o.a.m.s.f.DefaultMavenResourcesFiltering - Copying 0 resource from src\main\resources to target\classes
2025-03-26 00:53:37,538 [Worker-36: Building] INFO  o.a.m.s.f.DefaultMavenResourcesFiltering - skip non existing resourceDirectory C:\ShopmeEcommerce\ShopmeProject\ShopmeCommon\src\test\resources
2025-03-26 00:55:49,731 [Worker-37: Building] INFO  o.a.m.s.f.DefaultMavenResourcesFiltering - Copying 1 resource from src\main\resources to target\classes
2025-03-26 00:55:49,747 [Worker-37: Building] INFO  o.a.m.s.f.DefaultMavenResourcesFiltering - Copying 0 resource from src\main\resources to target\classes
2025-03-26 00:55:49,750 [Worker-37: Building] INFO  o.a.m.s.f.DefaultMavenResourcesFiltering - skip non existing resourceDirectory C:\ShopmeEcommerce\ShopmeProject\ShopmeCommon\src\test\resources
2025-03-26 00:56:29,087 [Worker-40: Building] INFO  o.a.m.s.f.DefaultMavenResourcesFiltering - Copying 1 resource from src\main\resources to target\classes
2025-03-26 00:56:29,106 [Worker-40: Building] INFO  o.a.m.s.f.DefaultMavenResourcesFiltering - Copying 2 resources from src\main\resources to target\classes
2025-03-26 00:56:29,110 [Worker-40: Building] INFO  o.a.m.s.f.DefaultMavenResourcesFiltering - skip non existing resourceDirectory C:\ShopmeEcommerce\ShopmeProject\ShopmeWebParent\ShopmeBackEnd\src\test\resources
2025-03-26 01:00:02,767 [Worker-44: Building] INFO  o.e.m.c.i.l.LifecycleMappingFactory - Using NULL lifecycle mapping for MavenProject: com.shopme:ShopmeWebParent:0.0.1-SNAPSHOT @ C:\ShopmeEcommerce\ShopmeProject\ShopmeWebParent\pom.xml.
2025-03-26 01:00:06,942 [Worker-44: Building] INFO  o.e.m.c.i.l.LifecycleMappingFactory - Using org.eclipse.m2e.jdt.JarLifecycleMapping lifecycle mapping for MavenProject: com.shopme:ShopmeBackEnd:0.0.1-SNAPSHOT @ C:\ShopmeEcommerce\ShopmeProject\ShopmeWebParent\ShopmeBackEnd\pom.xml.
2025-03-26 01:00:07,108 [Worker-44: Building] INFO  o.e.m.c.i.l.LifecycleMappingFactory - Using org.eclipse.m2e.jdt.JarLifecycleMapping lifecycle mapping for MavenProject: com.shopme:ShopmeFrontEnd:0.0.1-SNAPSHOT @ C:\ShopmeEcommerce\ShopmeProject\ShopmeWebParent\ShopmeFrontEnd\pom.xml.
2025-03-26 01:00:07,485 [Worker-44: Building] ERROR o.e.m.c.i.p.ProjectConfigurationManager - Could not read maven project
org.eclipse.core.runtime.CoreException: Could not read maven project
	at org.eclipse.m2e.core.internal.embedder.MavenImpl.lambda$4(MavenImpl.java:371)
	at org.eclipse.m2e.core.internal.embedder.MavenExecutionContext.executeBare(MavenExecutionContext.java:458)
	at org.eclipse.m2e.core.internal.embedder.MavenExecutionContext.execute(MavenExecutionContext.java:292)
	at org.eclipse.m2e.core.internal.embedder.MavenExecutionContext.execute(MavenExecutionContext.java:278)
	at org.eclipse.m2e.core.internal.embedder.MavenImpl.readProject(MavenImpl.java:361)
	at org.eclipse.m2e.mavenarchiver.internal.AbstractMavenArchiverConfigurator.lambda$4(AbstractMavenArchiverConfigurator.java:576)
	at org.eclipse.m2e.core.internal.embedder.MavenExecutionContext.executeBare(MavenExecutionContext.java:458)
	at org.eclipse.m2e.core.internal.embedder.MavenExecutionContext.execute(MavenExecutionContext.java:339)
	at org.eclipse.m2e.mavenarchiver.internal.AbstractMavenArchiverConfigurator.loadParentHierarchy(AbstractMavenArchiverConfigurator.java:568)
	at org.eclipse.m2e.mavenarchiver.internal.AbstractMavenArchiverConfigurator.generateManifest(AbstractMavenArchiverConfigurator.java:365)
	at org.eclipse.m2e.mavenarchiver.internal.AbstractMavenArchiverConfigurator.mavenProjectChanged(AbstractMavenArchiverConfigurator.java:228)
	at org.eclipse.m2e.mavenarchiver.internal.AbstractMavenArchiverConfigurator.mavenProjectChanged(AbstractMavenArchiverConfigurator.java:220)
	at org.eclipse.m2e.core.internal.project.ProjectConfigurationManager.mavenProjectChanged(ProjectConfigurationManager.java:885)
	at org.eclipse.m2e.core.internal.project.registry.ProjectRegistryManager.notifyProjectChangeListeners(ProjectRegistryManager.java:892)
	at org.eclipse.m2e.core.internal.project.registry.ProjectRegistryManager.applyMutableProjectRegistry(ProjectRegistryManager.java:1042)
	at org.eclipse.m2e.core.internal.project.registry.ProjectRegistryManager.refresh(ProjectRegistryManager.java:324)
	at org.eclipse.m2e.core.internal.builder.MavenBuilder$BuildMethod.getProjectFacade(MavenBuilder.java:146)
	at org.eclipse.m2e.core.internal.builder.MavenBuilder$BuildMethod.lambda$0(MavenBuilder.java:84)
	at org.eclipse.m2e.core.internal.embedder.MavenExecutionContext.executeBare(MavenExecutionContext.java:458)
	at org.eclipse.m2e.core.internal.embedder.MavenExecutionContext.execute(MavenExecutionContext.java:339)
	at org.eclipse.m2e.core.internal.embedder.MavenExecutionContext.execute(MavenExecutionContext.java:278)
	at org.eclipse.m2e.core.internal.builder.MavenBuilder$BuildMethod.execute(MavenBuilder.java:83)
	at org.eclipse.m2e.core.internal.builder.MavenBuilder.build(MavenBuilder.java:192)
	at org.eclipse.core.internal.events.BuildManager$2.run(BuildManager.java:1077)
	at org.eclipse.core.runtime.SafeRunner.run(SafeRunner.java:47)
	at org.eclipse.core.internal.events.BuildManager.basicBuild(BuildManager.java:296)
	at org.eclipse.core.internal.events.BuildManager.basicBuild(BuildManager.java:352)
	at org.eclipse.core.internal.events.BuildManager$1.run(BuildManager.java:441)
	at org.eclipse.core.runtime.SafeRunner.run(SafeRunner.java:47)
	at org.eclipse.core.internal.events.BuildManager.basicBuild(BuildManager.java:444)
	at org.eclipse.core.internal.events.BuildManager.basicBuildLoop(BuildManager.java:555)
	at org.eclipse.core.internal.events.BuildManager.basicBuildLoop(BuildManager.java:503)
	at org.eclipse.core.internal.events.BuildManager.build(BuildManager.java:585)
	at org.eclipse.core.internal.events.AutoBuildJob.doBuild(AutoBuildJob.java:207)
	at org.eclipse.core.internal.events.AutoBuildJob.run(AutoBuildJob.java:300)
	at org.eclipse.core.internal.jobs.Worker.run(Worker.java:63)
Caused by: org.apache.maven.project.ProjectBuildingException: Some problems were encountered while processing the POMs:
[ERROR] 'dependencies.dependency.version' for com.example:ShopmeCommon:jar is missing. @ line 78, column 15

	at org.apache.maven.project.DefaultProjectBuilder.build(DefaultProjectBuilder.java:208)
	at org.apache.maven.project.DefaultProjectBuilder.build(DefaultProjectBuilder.java:123)
	at org.eclipse.m2e.core.internal.embedder.MavenImpl.lambda$4(MavenImpl.java:369)
	... 35 common frames omitted
Caused by: org.apache.maven.model.building.ModelBuildingException: 1 problem was encountered while building the effective model for com.shopme:ShopmeWebParent:0.0.1-SNAPSHOT
[ERROR] 'dependencies.dependency.version' for com.example:ShopmeCommon:jar is missing. @ line 78, column 15

	at org.apache.maven.model.building.DefaultModelProblemCollector.newModelBuildingException(DefaultModelProblemCollector.java:176)
	at org.apache.maven.model.building.DefaultModelBuilder.build(DefaultModelBuilder.java:550)
	at org.apache.maven.model.building.DefaultModelBuilder.build(DefaultModelBuilder.java:419)
	at org.apache.maven.model.building.DefaultModelBuilder.build(DefaultModelBuilder.java:248)
	at org.apache.maven.project.DefaultProjectBuilder.build(DefaultProjectBuilder.java:176)
	... 37 common frames omitted
2025-03-26 01:00:48,076 [Worker-37: Building] INFO  o.e.m.c.i.l.LifecycleMappingFactory - Using NULL lifecycle mapping for MavenProject: com.shopme:ShopmeWebParent:0.0.1-SNAPSHOT @ C:\ShopmeEcommerce\ShopmeProject\ShopmeWebParent\pom.xml.
2025-03-26 01:00:48,493 [Worker-37: Building] INFO  o.e.m.c.i.p.WorkspaceClassifierResolverManager - Resolving P/ShopmeCommon: com.example:ShopmeCommon:0.0.1-SNAPSHOT with classifier  to /ShopmeCommon/target/classes
2025-03-26 01:00:48,571 [Worker-37: Building] INFO  o.e.m.c.i.l.LifecycleMappingFactory - Using org.eclipse.m2e.jdt.JarLifecycleMapping lifecycle mapping for MavenProject: com.shopme:ShopmeBackEnd:0.0.1-SNAPSHOT @ C:\ShopmeEcommerce\ShopmeProject\ShopmeWebParent\ShopmeBackEnd\pom.xml.
2025-03-26 01:00:48,661 [Worker-37: Building] INFO  o.e.m.c.i.p.WorkspaceClassifierResolverManager - Resolving P/ShopmeCommon: com.example:ShopmeCommon:0.0.1-SNAPSHOT with classifier  to /ShopmeCommon/target/classes
2025-03-26 01:00:48,743 [Worker-37: Building] INFO  o.e.m.c.i.l.LifecycleMappingFactory - Using org.eclipse.m2e.jdt.JarLifecycleMapping lifecycle mapping for MavenProject: com.shopme:ShopmeFrontEnd:0.0.1-SNAPSHOT @ C:\ShopmeEcommerce\ShopmeProject\ShopmeWebParent\ShopmeFrontEnd\pom.xml.
2025-03-26 01:00:48,789 [Worker-37: Building] INFO  o.e.m.c.i.p.WorkspaceClassifierResolverManager - Resolving P/ShopmeCommon: com.example:ShopmeCommon:0.0.1-SNAPSHOT with classifier  to /ShopmeCommon/target/classes
2025-03-26 01:00:51,634 [Worker-43: Building] INFO  o.a.m.s.f.DefaultMavenResourcesFiltering - Copying 1 resource from src\main\resources to target\classes
2025-03-26 01:00:51,662 [Worker-43: Building] INFO  o.a.m.s.f.DefaultMavenResourcesFiltering - Copying 2 resources from src\main\resources to target\classes
2025-03-26 01:00:51,682 [Worker-43: Building] INFO  o.a.m.s.f.DefaultMavenResourcesFiltering - skip non existing resourceDirectory C:\ShopmeEcommerce\ShopmeProject\ShopmeWebParent\ShopmeBackEnd\src\test\resources
2025-03-26 01:01:50,620 [Worker-43: Building] INFO  o.a.m.s.f.DefaultMavenResourcesFiltering - Copying 1 resource from src\main\resources to target\classes
2025-03-26 01:01:50,630 [Worker-43: Building] INFO  o.a.m.s.f.DefaultMavenResourcesFiltering - Copying 2 resources from src\main\resources to target\classes
2025-03-26 01:01:50,634 [Worker-43: Building] INFO  o.a.m.s.f.DefaultMavenResourcesFiltering - skip non existing resourceDirectory C:\ShopmeEcommerce\ShopmeProject\ShopmeWebParent\ShopmeBackEnd\src\test\resources
2025-03-26 01:02:02,509 [Worker-40: Building] INFO  o.a.m.s.f.DefaultMavenResourcesFiltering - Copying 0 resource from src\main\resources to target\classes
2025-03-26 01:02:02,512 [Worker-40: Building] INFO  o.a.m.s.f.DefaultMavenResourcesFiltering - Copying 0 resource from src\main\resources to target\classes
2025-03-26 01:02:02,517 [Worker-40: Building] INFO  o.a.m.s.f.DefaultMavenResourcesFiltering - skip non existing resourceDirectory C:\ShopmeEcommerce\ShopmeProject\ShopmeWebParent\ShopmeBackEnd\src\test\resources
2025-03-26 01:05:37,803 [Worker-44: Building] INFO  o.a.m.s.f.DefaultMavenResourcesFiltering - Copying 1 resource from src\main\resources to target\classes
2025-03-26 01:05:37,811 [Worker-44: Building] INFO  o.a.m.s.f.DefaultMavenResourcesFiltering - Copying 0 resource from src\main\resources to target\classes
2025-03-26 01:05:37,814 [Worker-44: Building] INFO  o.a.m.s.f.DefaultMavenResourcesFiltering - skip non existing resourceDirectory C:\ShopmeEcommerce\ShopmeProject\ShopmeCommon\src\test\resources
2025-03-26 01:05:54,550 [Worker-43: Building] INFO  o.a.m.s.f.DefaultMavenResourcesFiltering - Copying 1 resource from src\main\resources to target\classes
2025-03-26 01:05:54,557 [Worker-43: Building] INFO  o.a.m.s.f.DefaultMavenResourcesFiltering - Copying 0 resource from src\main\resources to target\classes
2025-03-26 01:05:54,560 [Worker-43: Building] INFO  o.a.m.s.f.DefaultMavenResourcesFiltering - skip non existing resourceDirectory C:\ShopmeEcommerce\ShopmeProject\ShopmeCommon\src\test\resources
2025-03-26 01:06:27,286 [Worker-43: Building] INFO  o.a.m.s.f.DefaultMavenResourcesFiltering - Copying 1 resource from src\main\resources to target\classes
2025-03-26 01:06:27,293 [Worker-43: Building] INFO  o.a.m.s.f.DefaultMavenResourcesFiltering - Copying 0 resource from src\main\resources to target\classes
2025-03-26 01:06:27,298 [Worker-43: Building] INFO  o.a.m.s.f.DefaultMavenResourcesFiltering - skip non existing resourceDirectory C:\ShopmeEcommerce\ShopmeProject\ShopmeCommon\src\test\resources
2025-03-26 01:08:16,036 [Worker-47: Building] INFO  o.a.m.s.f.DefaultMavenResourcesFiltering - Copying 0 resource from src\main\resources to target\classes
2025-03-26 01:08:16,038 [Worker-47: Building] INFO  o.a.m.s.f.DefaultMavenResourcesFiltering - Copying 0 resource from src\main\resources to target\classes
2025-03-26 01:08:16,042 [Worker-47: Building] INFO  o.a.m.s.f.DefaultMavenResourcesFiltering - skip non existing resourceDirectory C:\ShopmeEcommerce\ShopmeProject\ShopmeWebParent\ShopmeBackEnd\src\test\resources
2025-03-26 01:08:45,241 [main] INFO  o.e.m.jdt.internal.UnitTestSupport - Updating RoleRepositoryTest.testCreateFirstRole from maven configuration
2025-03-26 01:08:47,070 [Worker-47: Launching RoleRepositoryTest.testCreateFirstRole] INFO  o.e.m.c.i.p.WorkspaceClassifierResolverManager - Resolving P/ShopmeCommon: com.example:ShopmeCommon:0.0.1-SNAPSHOT with classifier null to /ShopmeCommon/target/classes
2025-03-26 01:08:51,446 [Worker-47: Launching RoleRepositoryTest.testCreateFirstRole] INFO  o.a.m.s.f.DefaultMavenResourcesFiltering - Copying 0 resource from src\main\resources to target\classes
2025-03-26 01:08:51,447 [Worker-47: Launching RoleRepositoryTest.testCreateFirstRole] INFO  o.a.m.s.f.DefaultMavenResourcesFiltering - Copying 0 resource from src\main\resources to target\classes
2025-03-26 01:08:51,450 [Worker-47: Launching RoleRepositoryTest.testCreateFirstRole] INFO  o.a.m.s.f.DefaultMavenResourcesFiltering - skip non existing resourceDirectory C:\ShopmeEcommerce\ShopmeProject\ShopmeWebParent\ShopmeBackEnd\src\test\resources
2025-03-26 01:08:51,664 [Worker-47: Launching RoleRepositoryTest.testCreateFirstRole] INFO  o.e.m.c.i.p.WorkspaceClassifierResolverManager - Resolving P/ShopmeCommon: com.example:ShopmeCommon:0.0.1-SNAPSHOT with classifier null to /ShopmeCommon/target/classes
2025-03-26 01:08:51,799 [Worker-47: Launching RoleRepositoryTest.testCreateFirstRole] INFO  o.e.m.c.i.p.WorkspaceClassifierResolverManager - Resolving P/ShopmeCommon: com.example:ShopmeCommon:0.0.1-SNAPSHOT with classifier null to /ShopmeCommon/target/classes
2025-03-26 01:10:34,221 [Worker-47: Building] INFO  o.e.m.c.i.l.LifecycleMappingFactory - Using NULL lifecycle mapping for MavenProject: com.shopme:ShopmeWebParent:0.0.1-SNAPSHOT @ C:\ShopmeEcommerce\ShopmeProject\ShopmeWebParent\pom.xml.
2025-03-26 01:10:34,585 [Worker-47: Building] INFO  o.e.m.c.i.p.WorkspaceClassifierResolverManager - Resolving P/ShopmeCommon: com.example:ShopmeCommon:0.0.1-SNAPSHOT with classifier  to /ShopmeCommon/target/classes
2025-03-26 01:10:34,676 [Worker-47: Building] INFO  o.e.m.c.i.l.LifecycleMappingFactory - Using org.eclipse.m2e.jdt.JarLifecycleMapping lifecycle mapping for MavenProject: com.shopme:ShopmeBackEnd:0.0.1-SNAPSHOT @ C:\ShopmeEcommerce\ShopmeProject\ShopmeWebParent\ShopmeBackEnd\pom.xml.
2025-03-26 01:10:34,733 [Worker-47: Building] INFO  o.e.m.c.i.p.WorkspaceClassifierResolverManager - Resolving P/ShopmeCommon: com.example:ShopmeCommon:0.0.1-SNAPSHOT with classifier  to /ShopmeCommon/target/classes
2025-03-26 01:10:34,804 [Worker-47: Building] INFO  o.e.m.c.i.l.LifecycleMappingFactory - Using org.eclipse.m2e.jdt.JarLifecycleMapping lifecycle mapping for MavenProject: com.shopme:ShopmeFrontEnd:0.0.1-SNAPSHOT @ C:\ShopmeEcommerce\ShopmeProject\ShopmeWebParent\ShopmeFrontEnd\pom.xml.
2025-03-26 01:10:34,851 [Worker-47: Building] INFO  o.e.m.c.i.p.WorkspaceClassifierResolverManager - Resolving P/ShopmeCommon: com.example:ShopmeCommon:0.0.1-SNAPSHOT with classifier  to /ShopmeCommon/target/classes
2025-03-26 01:10:36,700 [Worker-47: Building] INFO  o.a.m.s.f.DefaultMavenResourcesFiltering - Copying 1 resource from src\main\resources to target\classes
2025-03-26 01:10:36,723 [Worker-47: Building] INFO  o.a.m.s.f.DefaultMavenResourcesFiltering - Copying 2 resources from src\main\resources to target\classes
2025-03-26 01:10:36,731 [Worker-47: Building] INFO  o.a.m.s.f.DefaultMavenResourcesFiltering - skip non existing resourceDirectory C:\ShopmeEcommerce\ShopmeProject\ShopmeWebParent\ShopmeBackEnd\src\test\resources
2025-03-26 01:10:49,501 [Worker-43: Launching RoleRepositoryTest.testCreateFirstRole] INFO  o.e.m.c.i.p.WorkspaceClassifierResolverManager - Resolving P/ShopmeCommon: com.example:ShopmeCommon:0.0.1-SNAPSHOT with classifier null to /ShopmeCommon/target/classes
2025-03-26 01:10:49,759 [Worker-43: Launching RoleRepositoryTest.testCreateFirstRole] INFO  o.e.m.c.i.p.WorkspaceClassifierResolverManager - Resolving P/ShopmeCommon: com.example:ShopmeCommon:0.0.1-SNAPSHOT with classifier null to /ShopmeCommon/target/classes
2025-03-26 01:10:49,911 [Worker-43: Launching RoleRepositoryTest.testCreateFirstRole] INFO  o.e.m.c.i.p.WorkspaceClassifierResolverManager - Resolving P/ShopmeCommon: com.example:ShopmeCommon:0.0.1-SNAPSHOT with classifier null to /ShopmeCommon/target/classes
2025-03-26 01:14:05,538 [Worker-37: Building] INFO  o.a.m.s.f.DefaultMavenResourcesFiltering - Copying 1 resource from src\main\resources to target\classes
2025-03-26 01:14:05,547 [Worker-37: Building] INFO  o.a.m.s.f.DefaultMavenResourcesFiltering - Copying 2 resources from src\main\resources to target\classes
2025-03-26 01:14:05,551 [Worker-37: Building] INFO  o.a.m.s.f.DefaultMavenResourcesFiltering - skip non existing resourceDirectory C:\ShopmeEcommerce\ShopmeProject\ShopmeWebParent\ShopmeBackEnd\src\test\resources
2025-03-26 01:14:24,245 [Worker-46: Launching Rerun testCreateFirstRole()] INFO  o.e.m.c.i.p.WorkspaceClassifierResolverManager - Resolving P/ShopmeCommon: com.example:ShopmeCommon:0.0.1-SNAPSHOT with classifier null to /ShopmeCommon/target/classes
2025-03-26 01:14:24,458 [Worker-46: Launching Rerun testCreateFirstRole()] INFO  o.e.m.c.i.p.WorkspaceClassifierResolverManager - Resolving P/ShopmeCommon: com.example:ShopmeCommon:0.0.1-SNAPSHOT with classifier null to /ShopmeCommon/target/classes
2025-03-26 01:14:24,605 [Worker-46: Launching Rerun testCreateFirstRole()] INFO  o.e.m.c.i.p.WorkspaceClassifierResolverManager - Resolving P/ShopmeCommon: com.example:ShopmeCommon:0.0.1-SNAPSHOT with classifier null to /ShopmeCommon/target/classes
2025-03-26 01:16:43,262 [Worker-37: Building] INFO  o.a.m.s.f.DefaultMavenResourcesFiltering - Copying 0 resource from src\main\resources to target\classes
2025-03-26 01:16:43,264 [Worker-37: Building] INFO  o.a.m.s.f.DefaultMavenResourcesFiltering - Copying 0 resource from src\main\resources to target\classes
2025-03-26 01:16:43,267 [Worker-37: Building] INFO  o.a.m.s.f.DefaultMavenResourcesFiltering - skip non existing resourceDirectory C:\ShopmeEcommerce\ShopmeProject\ShopmeWebParent\ShopmeBackEnd\src\test\resources
2025-03-26 01:16:49,058 [Worker-43: Launching Rerun testCreateFirstRole()] INFO  o.e.m.c.i.p.WorkspaceClassifierResolverManager - Resolving P/ShopmeCommon: com.example:ShopmeCommon:0.0.1-SNAPSHOT with classifier null to /ShopmeCommon/target/classes
2025-03-26 01:16:49,245 [Worker-43: Launching Rerun testCreateFirstRole()] INFO  o.e.m.c.i.p.WorkspaceClassifierResolverManager - Resolving P/ShopmeCommon: com.example:ShopmeCommon:0.0.1-SNAPSHOT with classifier null to /ShopmeCommon/target/classes
2025-03-26 01:16:49,389 [Worker-43: Launching Rerun testCreateFirstRole()] INFO  o.e.m.c.i.p.WorkspaceClassifierResolverManager - Resolving P/ShopmeCommon: com.example:ShopmeCommon:0.0.1-SNAPSHOT with classifier null to /ShopmeCommon/target/classes
2025-03-26 01:17:58,178 [Worker-40: Launching Rerun RoleRepositoryTest] INFO  o.e.m.c.i.p.WorkspaceClassifierResolverManager - Resolving P/ShopmeCommon: com.example:ShopmeCommon:0.0.1-SNAPSHOT with classifier null to /ShopmeCommon/target/classes
2025-03-26 01:17:58,422 [Worker-40: Launching Rerun RoleRepositoryTest] INFO  o.e.m.c.i.p.WorkspaceClassifierResolverManager - Resolving P/ShopmeCommon: com.example:ShopmeCommon:0.0.1-SNAPSHOT with classifier null to /ShopmeCommon/target/classes
2025-03-26 01:17:58,596 [Worker-40: Launching Rerun RoleRepositoryTest] INFO  o.e.m.c.i.p.WorkspaceClassifierResolverManager - Resolving P/ShopmeCommon: com.example:ShopmeCommon:0.0.1-SNAPSHOT with classifier null to /ShopmeCommon/target/classes
2025-03-26 01:22:11,440 [Worker-40: Building] INFO  o.a.m.s.f.DefaultMavenResourcesFiltering - Copying 0 resource from src\main\resources to target\classes
2025-03-26 01:22:11,442 [Worker-40: Building] INFO  o.a.m.s.f.DefaultMavenResourcesFiltering - Copying 0 resource from src\main\resources to target\classes
2025-03-26 01:22:11,443 [Worker-40: Building] INFO  o.a.m.s.f.DefaultMavenResourcesFiltering - skip non existing resourceDirectory C:\ShopmeEcommerce\ShopmeProject\ShopmeWebParent\ShopmeBackEnd\src\test\resources
2025-03-26 01:22:57,888 [Worker-50: Building] INFO  o.a.m.s.f.DefaultMavenResourcesFiltering - Copying 0 resource from src\main\resources to target\classes
2025-03-26 01:22:57,889 [Worker-50: Building] INFO  o.a.m.s.f.DefaultMavenResourcesFiltering - Copying 0 resource from src\main\resources to target\classes
2025-03-26 01:22:57,892 [Worker-50: Building] INFO  o.a.m.s.f.DefaultMavenResourcesFiltering - skip non existing resourceDirectory C:\ShopmeEcommerce\ShopmeProject\ShopmeWebParent\ShopmeBackEnd\src\test\resources
2025-03-26 01:23:08,484 [Worker-50: Building] INFO  o.a.m.s.f.DefaultMavenResourcesFiltering - Copying 0 resource from src\main\resources to target\classes
2025-03-26 01:23:08,485 [Worker-50: Building] INFO  o.a.m.s.f.DefaultMavenResourcesFiltering - Copying 0 resource from src\main\resources to target\classes
2025-03-26 01:23:08,488 [Worker-50: Building] INFO  o.a.m.s.f.DefaultMavenResourcesFiltering - skip non existing resourceDirectory C:\ShopmeEcommerce\ShopmeProject\ShopmeWebParent\ShopmeBackEnd\src\test\resources
2025-03-26 01:23:12,382 [Worker-40: Building] INFO  o.a.m.s.f.DefaultMavenResourcesFiltering - Copying 0 resource from src\main\resources to target\classes
2025-03-26 01:23:12,383 [Worker-40: Building] INFO  o.a.m.s.f.DefaultMavenResourcesFiltering - Copying 0 resource from src\main\resources to target\classes
2025-03-26 01:23:12,386 [Worker-40: Building] INFO  o.a.m.s.f.DefaultMavenResourcesFiltering - skip non existing resourceDirectory C:\ShopmeEcommerce\ShopmeProject\ShopmeWebParent\ShopmeBackEnd\src\test\resources
2025-03-26 01:23:32,133 [Worker-50: Building] INFO  o.a.m.s.f.DefaultMavenResourcesFiltering - Copying 0 resource from src\main\resources to target\classes
2025-03-26 01:23:32,135 [Worker-50: Building] INFO  o.a.m.s.f.DefaultMavenResourcesFiltering - Copying 0 resource from src\main\resources to target\classes
2025-03-26 01:23:32,138 [Worker-50: Building] INFO  o.a.m.s.f.DefaultMavenResourcesFiltering - skip non existing resourceDirectory C:\ShopmeEcommerce\ShopmeProject\ShopmeWebParent\ShopmeBackEnd\src\test\resources
2025-03-26 01:23:42,186 [main] INFO  o.e.m.jdt.internal.UnitTestSupport - Updating RoleRepositoryTest.testCreateRestRoles from maven configuration
2025-03-26 01:23:42,380 [Worker-47: Launching RoleRepositoryTest.testCreateRestRoles] INFO  o.e.m.c.i.p.WorkspaceClassifierResolverManager - Resolving P/ShopmeCommon: com.example:ShopmeCommon:0.0.1-SNAPSHOT with classifier null to /ShopmeCommon/target/classes
2025-03-26 01:23:42,594 [Worker-47: Launching RoleRepositoryTest.testCreateRestRoles] INFO  o.e.m.c.i.p.WorkspaceClassifierResolverManager - Resolving P/ShopmeCommon: com.example:ShopmeCommon:0.0.1-SNAPSHOT with classifier null to /ShopmeCommon/target/classes
2025-03-26 01:23:42,725 [Worker-47: Launching RoleRepositoryTest.testCreateRestRoles] INFO  o.e.m.c.i.p.WorkspaceClassifierResolverManager - Resolving P/ShopmeCommon: com.example:ShopmeCommon:0.0.1-SNAPSHOT with classifier null to /ShopmeCommon/target/classes
2025-03-26 01:25:33,568 [Worker-48: Building] INFO  o.a.m.s.f.DefaultMavenResourcesFiltering - Copying 1 resource from src\main\resources to target\classes
2025-03-26 01:25:33,576 [Worker-48: Building] INFO  o.a.m.s.f.DefaultMavenResourcesFiltering - Copying 0 resource from src\main\resources to target\classes
2025-03-26 01:25:33,578 [Worker-48: Building] INFO  o.a.m.s.f.DefaultMavenResourcesFiltering - skip non existing resourceDirectory C:\ShopmeEcommerce\ShopmeProject\ShopmeCommon\src\test\resources
2025-03-26 01:25:54,664 [Worker-43: Building] INFO  o.a.m.s.f.DefaultMavenResourcesFiltering - Copying 1 resource from src\main\resources to target\classes
2025-03-26 01:25:54,670 [Worker-43: Building] INFO  o.a.m.s.f.DefaultMavenResourcesFiltering - Copying 0 resource from src\main\resources to target\classes
2025-03-26 01:25:54,673 [Worker-43: Building] INFO  o.a.m.s.f.DefaultMavenResourcesFiltering - skip non existing resourceDirectory C:\ShopmeEcommerce\ShopmeProject\ShopmeCommon\src\test\resources
2025-03-26 01:29:23,781 [Worker-48: Building] INFO  o.a.m.s.f.DefaultMavenResourcesFiltering - Copying 1 resource from src\main\resources to target\classes
2025-03-26 01:29:23,786 [Worker-48: Building] INFO  o.a.m.s.f.DefaultMavenResourcesFiltering - Copying 0 resource from src\main\resources to target\classes
2025-03-26 01:29:23,789 [Worker-48: Building] INFO  o.a.m.s.f.DefaultMavenResourcesFiltering - skip non existing resourceDirectory C:\ShopmeEcommerce\ShopmeProject\ShopmeCommon\src\test\resources
2025-03-26 01:29:38,980 [Worker-48: Building] INFO  o.a.m.s.f.DefaultMavenResourcesFiltering - Copying 1 resource from src\main\resources to target\classes
2025-03-26 01:29:38,988 [Worker-48: Building] INFO  o.a.m.s.f.DefaultMavenResourcesFiltering - Copying 0 resource from src\main\resources to target\classes
2025-03-26 01:29:38,991 [Worker-48: Building] INFO  o.a.m.s.f.DefaultMavenResourcesFiltering - skip non existing resourceDirectory C:\ShopmeEcommerce\ShopmeProject\ShopmeCommon\src\test\resources
2025-03-26 01:29:48,512 [Worker-54: Building] INFO  o.a.m.s.f.DefaultMavenResourcesFiltering - Copying 1 resource from src\main\resources to target\classes
2025-03-26 01:29:48,517 [Worker-54: Building] INFO  o.a.m.s.f.DefaultMavenResourcesFiltering - Copying 0 resource from src\main\resources to target\classes
2025-03-26 01:29:48,520 [Worker-54: Building] INFO  o.a.m.s.f.DefaultMavenResourcesFiltering - skip non existing resourceDirectory C:\ShopmeEcommerce\ShopmeProject\ShopmeCommon\src\test\resources
2025-03-26 01:30:15,956 [Worker-52: Building] INFO  o.a.m.s.f.DefaultMavenResourcesFiltering - Copying 1 resource from src\main\resources to target\classes
2025-03-26 01:30:15,977 [Worker-52: Building] INFO  o.a.m.s.f.DefaultMavenResourcesFiltering - Copying 0 resource from src\main\resources to target\classes
2025-03-26 01:30:15,979 [Worker-52: Building] INFO  o.a.m.s.f.DefaultMavenResourcesFiltering - skip non existing resourceDirectory C:\ShopmeEcommerce\ShopmeProject\ShopmeCommon\src\test\resources
2025-03-26 01:33:47,117 [Worker-40: Building] INFO  o.a.m.s.f.DefaultMavenResourcesFiltering - Copying 1 resource from src\main\resources to target\classes
2025-03-26 01:33:47,124 [Worker-40: Building] INFO  o.a.m.s.f.DefaultMavenResourcesFiltering - Copying 0 resource from src\main\resources to target\classes
2025-03-26 01:33:47,128 [Worker-40: Building] INFO  o.a.m.s.f.DefaultMavenResourcesFiltering - skip non existing resourceDirectory C:\ShopmeEcommerce\ShopmeProject\ShopmeCommon\src\test\resources
2025-03-26 01:36:09,964 [Worker-51: Building] INFO  o.a.m.s.f.DefaultMavenResourcesFiltering - Copying 1 resource from src\main\resources to target\classes
2025-03-26 01:36:09,975 [Worker-51: Building] INFO  o.a.m.s.f.DefaultMavenResourcesFiltering - Copying 0 resource from src\main\resources to target\classes
2025-03-26 01:36:09,979 [Worker-51: Building] INFO  o.a.m.s.f.DefaultMavenResourcesFiltering - skip non existing resourceDirectory C:\ShopmeEcommerce\ShopmeProject\ShopmeCommon\src\test\resources
2025-03-26 01:37:05,486 [Worker-52: Building] INFO  o.a.m.s.f.DefaultMavenResourcesFiltering - Copying 1 resource from src\main\resources to target\classes
2025-03-26 01:37:05,492 [Worker-52: Building] INFO  o.a.m.s.f.DefaultMavenResourcesFiltering - Copying 0 resource from src\main\resources to target\classes
2025-03-26 01:37:05,495 [Worker-52: Building] INFO  o.a.m.s.f.DefaultMavenResourcesFiltering - skip non existing resourceDirectory C:\ShopmeEcommerce\ShopmeProject\ShopmeCommon\src\test\resources
2025-03-26 01:37:29,673 [Worker-51: Building] INFO  o.a.m.s.f.DefaultMavenResourcesFiltering - Copying 1 resource from src\main\resources to target\classes
2025-03-26 01:37:29,679 [Worker-51: Building] INFO  o.a.m.s.f.DefaultMavenResourcesFiltering - Copying 0 resource from src\main\resources to target\classes
2025-03-26 01:37:29,681 [Worker-51: Building] INFO  o.a.m.s.f.DefaultMavenResourcesFiltering - skip non existing resourceDirectory C:\ShopmeEcommerce\ShopmeProject\ShopmeCommon\src\test\resources
2025-03-26 01:38:34,387 [Worker-54: Building] INFO  o.a.m.s.f.DefaultMavenResourcesFiltering - Copying 0 resource from src\main\resources to target\classes
2025-03-26 01:38:34,389 [Worker-54: Building] INFO  o.a.m.s.f.DefaultMavenResourcesFiltering - Copying 0 resource from src\main\resources to target\classes
2025-03-26 01:38:34,392 [Worker-54: Building] INFO  o.a.m.s.f.DefaultMavenResourcesFiltering - skip non existing resourceDirectory C:\ShopmeEcommerce\ShopmeProject\ShopmeWebParent\ShopmeBackEnd\src\test\resources
2025-03-26 01:39:22,511 [Worker-51: Building] INFO  o.a.m.s.f.DefaultMavenResourcesFiltering - Copying 1 resource from src\main\resources to target\classes
2025-03-26 01:39:22,521 [Worker-51: Building] INFO  o.a.m.s.f.DefaultMavenResourcesFiltering - Copying 2 resources from src\main\resources to target\classes
2025-03-26 01:39:22,527 [Worker-51: Building] INFO  o.a.m.s.f.DefaultMavenResourcesFiltering - skip non existing resourceDirectory C:\ShopmeEcommerce\ShopmeProject\ShopmeWebParent\ShopmeBackEnd\src\test\resources
2025-03-26 01:40:25,353 [Worker-54: Building] INFO  o.a.m.s.f.DefaultMavenResourcesFiltering - Copying 1 resource from src\main\resources to target\classes
2025-03-26 01:40:25,365 [Worker-54: Building] INFO  o.a.m.s.f.DefaultMavenResourcesFiltering - Copying 2 resources from src\main\resources to target\classes
2025-03-26 01:40:25,371 [Worker-54: Building] INFO  o.a.m.s.f.DefaultMavenResourcesFiltering - skip non existing resourceDirectory C:\ShopmeEcommerce\ShopmeProject\ShopmeWebParent\ShopmeBackEnd\src\test\resources
2025-03-26 01:42:39,119 [Worker-53: Building] INFO  o.a.m.s.f.DefaultMavenResourcesFiltering - Copying 0 resource from src\main\resources to target\classes
2025-03-26 01:42:39,121 [Worker-53: Building] INFO  o.a.m.s.f.DefaultMavenResourcesFiltering - Copying 0 resource from src\main\resources to target\classes
2025-03-26 01:42:39,125 [Worker-53: Building] INFO  o.a.m.s.f.DefaultMavenResourcesFiltering - skip non existing resourceDirectory C:\ShopmeEcommerce\ShopmeProject\ShopmeWebParent\ShopmeBackEnd\src\test\resources
2025-03-26 01:42:49,826 [main] INFO  o.e.m.jdt.internal.UnitTestSupport - Updating UserRepositoryTest.testCreateUser from maven configuration
2025-03-26 01:42:50,008 [Worker-43: Launching UserRepositoryTest.testCreateUser] INFO  o.e.m.c.i.p.WorkspaceClassifierResolverManager - Resolving P/ShopmeCommon: com.example:ShopmeCommon:0.0.1-SNAPSHOT with classifier null to /ShopmeCommon/target/classes
2025-03-26 01:42:50,213 [Worker-43: Launching UserRepositoryTest.testCreateUser] INFO  o.e.m.c.i.p.WorkspaceClassifierResolverManager - Resolving P/ShopmeCommon: com.example:ShopmeCommon:0.0.1-SNAPSHOT with classifier null to /ShopmeCommon/target/classes
2025-03-26 01:42:50,370 [Worker-43: Launching UserRepositoryTest.testCreateUser] INFO  o.e.m.c.i.p.WorkspaceClassifierResolverManager - Resolving P/ShopmeCommon: com.example:ShopmeCommon:0.0.1-SNAPSHOT with classifier null to /ShopmeCommon/target/classes
2025-03-26 01:46:54,203 [Worker-54: Building] INFO  o.a.m.s.f.DefaultMavenResourcesFiltering - Copying 0 resource from src\main\resources to target\classes
2025-03-26 01:46:54,205 [Worker-54: Building] INFO  o.a.m.s.f.DefaultMavenResourcesFiltering - Copying 0 resource from src\main\resources to target\classes
2025-03-26 01:46:54,207 [Worker-54: Building] INFO  o.a.m.s.f.DefaultMavenResourcesFiltering - skip non existing resourceDirectory C:\ShopmeEcommerce\ShopmeProject\ShopmeWebParent\ShopmeBackEnd\src\test\resources
2025-03-26 01:47:14,362 [Worker-51: Building] INFO  o.a.m.s.f.DefaultMavenResourcesFiltering - Copying 0 resource from src\main\resources to target\classes
2025-03-26 01:47:14,364 [Worker-51: Building] INFO  o.a.m.s.f.DefaultMavenResourcesFiltering - Copying 0 resource from src\main\resources to target\classes
2025-03-26 01:47:14,367 [Worker-51: Building] INFO  o.a.m.s.f.DefaultMavenResourcesFiltering - skip non existing resourceDirectory C:\ShopmeEcommerce\ShopmeProject\ShopmeWebParent\ShopmeBackEnd\src\test\resources
2025-03-26 01:47:30,745 [Worker-54: Building] INFO  o.a.m.s.f.DefaultMavenResourcesFiltering - Copying 0 resource from src\main\resources to target\classes
2025-03-26 01:47:30,746 [Worker-54: Building] INFO  o.a.m.s.f.DefaultMavenResourcesFiltering - Copying 0 resource from src\main\resources to target\classes
2025-03-26 01:47:30,748 [Worker-54: Building] INFO  o.a.m.s.f.DefaultMavenResourcesFiltering - skip non existing resourceDirectory C:\ShopmeEcommerce\ShopmeProject\ShopmeWebParent\ShopmeBackEnd\src\test\resources
2025-03-26 01:47:44,832 [Worker-51: Building] INFO  o.a.m.s.f.DefaultMavenResourcesFiltering - Copying 0 resource from src\main\resources to target\classes
2025-03-26 01:47:44,833 [Worker-51: Building] INFO  o.a.m.s.f.DefaultMavenResourcesFiltering - Copying 0 resource from src\main\resources to target\classes
2025-03-26 01:47:44,836 [Worker-51: Building] INFO  o.a.m.s.f.DefaultMavenResourcesFiltering - skip non existing resourceDirectory C:\ShopmeEcommerce\ShopmeProject\ShopmeWebParent\ShopmeBackEnd\src\test\resources
2025-03-26 01:48:51,654 [Worker-55: Building] INFO  o.a.m.s.f.DefaultMavenResourcesFiltering - Copying 0 resource from src\main\resources to target\classes
2025-03-26 01:48:51,656 [Worker-55: Building] INFO  o.a.m.s.f.DefaultMavenResourcesFiltering - Copying 0 resource from src\main\resources to target\classes
2025-03-26 01:48:51,661 [Worker-55: Building] INFO  o.a.m.s.f.DefaultMavenResourcesFiltering - skip non existing resourceDirectory C:\ShopmeEcommerce\ShopmeProject\ShopmeWebParent\ShopmeBackEnd\src\test\resources
2025-03-26 01:49:13,693 [Worker-51: Building] INFO  o.a.m.s.f.DefaultMavenResourcesFiltering - Copying 0 resource from src\main\resources to target\classes
2025-03-26 01:49:13,695 [Worker-51: Building] INFO  o.a.m.s.f.DefaultMavenResourcesFiltering - Copying 0 resource from src\main\resources to target\classes
2025-03-26 01:49:13,697 [Worker-51: Building] INFO  o.a.m.s.f.DefaultMavenResourcesFiltering - skip non existing resourceDirectory C:\ShopmeEcommerce\ShopmeProject\ShopmeWebParent\ShopmeBackEnd\src\test\resources
2025-03-26 01:49:33,687 [Worker-40: Launching UserRepositoryTest.testCreateUser] INFO  o.e.m.c.i.p.WorkspaceClassifierResolverManager - Resolving P/ShopmeCommon: com.example:ShopmeCommon:0.0.1-SNAPSHOT with classifier null to /ShopmeCommon/target/classes
2025-03-26 01:49:33,884 [Worker-40: Launching UserRepositoryTest.testCreateUser] INFO  o.e.m.c.i.p.WorkspaceClassifierResolverManager - Resolving P/ShopmeCommon: com.example:ShopmeCommon:0.0.1-SNAPSHOT with classifier null to /ShopmeCommon/target/classes
2025-03-26 01:49:34,032 [Worker-40: Launching UserRepositoryTest.testCreateUser] INFO  o.e.m.c.i.p.WorkspaceClassifierResolverManager - Resolving P/ShopmeCommon: com.example:ShopmeCommon:0.0.1-SNAPSHOT with classifier null to /ShopmeCommon/target/classes
2025-03-26 01:53:11,346 [Worker-48: Building] INFO  o.a.m.s.f.DefaultMavenResourcesFiltering - Copying 1 resource from src\main\resources to target\classes
2025-03-26 01:53:11,358 [Worker-48: Building] INFO  o.a.m.s.f.DefaultMavenResourcesFiltering - Copying 0 resource from src\main\resources to target\classes
2025-03-26 01:53:11,361 [Worker-48: Building] INFO  o.a.m.s.f.DefaultMavenResourcesFiltering - skip non existing resourceDirectory C:\ShopmeEcommerce\ShopmeProject\ShopmeCommon\src\test\resources
2025-03-26 01:54:37,048 [Worker-48: Building] INFO  o.a.m.s.f.DefaultMavenResourcesFiltering - Copying 0 resource from src\main\resources to target\classes
2025-03-26 01:54:37,062 [Worker-48: Building] INFO  o.a.m.s.f.DefaultMavenResourcesFiltering - Copying 0 resource from src\main\resources to target\classes
2025-03-26 01:54:37,066 [Worker-48: Building] INFO  o.a.m.s.f.DefaultMavenResourcesFiltering - skip non existing resourceDirectory C:\ShopmeEcommerce\ShopmeProject\ShopmeWebParent\ShopmeBackEnd\src\test\resources
2025-03-26 01:55:48,301 [Worker-48: Building] INFO  o.a.m.s.f.DefaultMavenResourcesFiltering - Copying 1 resource from src\main\resources to target\classes
2025-03-26 01:55:48,308 [Worker-48: Building] INFO  o.a.m.s.f.DefaultMavenResourcesFiltering - Copying 0 resource from src\main\resources to target\classes
2025-03-26 01:55:48,311 [Worker-48: Building] INFO  o.a.m.s.f.DefaultMavenResourcesFiltering - skip non existing resourceDirectory C:\ShopmeEcommerce\ShopmeProject\ShopmeCommon\src\test\resources
2025-03-26 01:56:09,662 [Worker-55: Building] INFO  o.a.m.s.f.DefaultMavenResourcesFiltering - Copying 0 resource from src\main\resources to target\classes
2025-03-26 01:56:09,663 [Worker-55: Building] INFO  o.a.m.s.f.DefaultMavenResourcesFiltering - Copying 0 resource from src\main\resources to target\classes
2025-03-26 01:56:09,666 [Worker-55: Building] INFO  o.a.m.s.f.DefaultMavenResourcesFiltering - skip non existing resourceDirectory C:\ShopmeEcommerce\ShopmeProject\ShopmeWebParent\ShopmeBackEnd\src\test\resources
2025-03-26 01:56:37,638 [main] INFO  o.e.m.jdt.internal.UnitTestSupport - Updating UserRepositoryTest.testCreateNewUserWithTwoRoles from maven configuration
2025-03-26 01:56:37,817 [Worker-56: Launching UserRepositoryTest.testCreateNewUserWithTwoRoles] INFO  o.e.m.c.i.p.WorkspaceClassifierResolverManager - Resolving P/ShopmeCommon: com.example:ShopmeCommon:0.0.1-SNAPSHOT with classifier null to /ShopmeCommon/target/classes
2025-03-26 01:56:38,008 [Worker-56: Launching UserRepositoryTest.testCreateNewUserWithTwoRoles] INFO  o.e.m.c.i.p.WorkspaceClassifierResolverManager - Resolving P/ShopmeCommon: com.example:ShopmeCommon:0.0.1-SNAPSHOT with classifier null to /ShopmeCommon/target/classes
2025-03-26 01:56:38,147 [Worker-56: Launching UserRepositoryTest.testCreateNewUserWithTwoRoles] INFO  o.e.m.c.i.p.WorkspaceClassifierResolverManager - Resolving P/ShopmeCommon: com.example:ShopmeCommon:0.0.1-SNAPSHOT with classifier null to /ShopmeCommon/target/classes
2025-03-26 01:59:15,051 [Worker-43: Building] INFO  o.a.m.s.f.DefaultMavenResourcesFiltering - Copying 0 resource from src\main\resources to target\classes
2025-03-26 01:59:15,052 [Worker-43: Building] INFO  o.a.m.s.f.DefaultMavenResourcesFiltering - Copying 0 resource from src\main\resources to target\classes
2025-03-26 01:59:15,055 [Worker-43: Building] INFO  o.a.m.s.f.DefaultMavenResourcesFiltering - skip non existing resourceDirectory C:\ShopmeEcommerce\ShopmeProject\ShopmeWebParent\ShopmeBackEnd\src\test\resources
2025-03-26 02:00:04,658 [Worker-43: Building] INFO  o.a.m.s.f.DefaultMavenResourcesFiltering - Copying 1 resource from src\main\resources to target\classes
2025-03-26 02:00:04,663 [Worker-43: Building] INFO  o.a.m.s.f.DefaultMavenResourcesFiltering - Copying 0 resource from src\main\resources to target\classes
2025-03-26 02:00:04,665 [Worker-43: Building] INFO  o.a.m.s.f.DefaultMavenResourcesFiltering - skip non existing resourceDirectory C:\ShopmeEcommerce\ShopmeProject\ShopmeCommon\src\test\resources
2025-03-26 02:00:39,376 [Worker-43: Building] INFO  o.a.m.s.f.DefaultMavenResourcesFiltering - Copying 1 resource from src\main\resources to target\classes
2025-03-26 02:00:39,381 [Worker-43: Building] INFO  o.a.m.s.f.DefaultMavenResourcesFiltering - Copying 0 resource from src\main\resources to target\classes
2025-03-26 02:00:39,383 [Worker-43: Building] INFO  o.a.m.s.f.DefaultMavenResourcesFiltering - skip non existing resourceDirectory C:\ShopmeEcommerce\ShopmeProject\ShopmeCommon\src\test\resources
2025-03-26 02:00:47,948 [Worker-56: Building] INFO  o.a.m.s.f.DefaultMavenResourcesFiltering - Copying 1 resource from src\main\resources to target\classes
2025-03-26 02:00:47,953 [Worker-56: Building] INFO  o.a.m.s.f.DefaultMavenResourcesFiltering - Copying 0 resource from src\main\resources to target\classes
2025-03-26 02:00:47,955 [Worker-56: Building] INFO  o.a.m.s.f.DefaultMavenResourcesFiltering - skip non existing resourceDirectory C:\ShopmeEcommerce\ShopmeProject\ShopmeCommon\src\test\resources
2025-03-26 02:00:56,301 [main] INFO  o.e.m.jdt.internal.UnitTestSupport - Updating UserRepositoryTest.testListAllUsers from maven configuration
2025-03-26 02:00:56,477 [Worker-55: Launching UserRepositoryTest.testListAllUsers] INFO  o.e.m.c.i.p.WorkspaceClassifierResolverManager - Resolving P/ShopmeCommon: com.example:ShopmeCommon:0.0.1-SNAPSHOT with classifier null to /ShopmeCommon/target/classes
2025-03-26 02:00:56,701 [Worker-55: Launching UserRepositoryTest.testListAllUsers] INFO  o.e.m.c.i.p.WorkspaceClassifierResolverManager - Resolving P/ShopmeCommon: com.example:ShopmeCommon:0.0.1-SNAPSHOT with classifier null to /ShopmeCommon/target/classes
2025-03-26 02:00:56,834 [Worker-55: Launching UserRepositoryTest.testListAllUsers] INFO  o.e.m.c.i.p.WorkspaceClassifierResolverManager - Resolving P/ShopmeCommon: com.example:ShopmeCommon:0.0.1-SNAPSHOT with classifier null to /ShopmeCommon/target/classes
2025-03-26 02:02:46,837 [Worker-40: Building] INFO  o.a.m.s.f.DefaultMavenResourcesFiltering - Copying 0 resource from src\main\resources to target\classes
2025-03-26 02:02:46,839 [Worker-40: Building] INFO  o.a.m.s.f.DefaultMavenResourcesFiltering - Copying 0 resource from src\main\resources to target\classes
2025-03-26 02:02:46,841 [Worker-40: Building] INFO  o.a.m.s.f.DefaultMavenResourcesFiltering - skip non existing resourceDirectory C:\ShopmeEcommerce\ShopmeProject\ShopmeWebParent\ShopmeBackEnd\src\test\resources
2025-03-26 02:03:12,351 [Worker-54: Building] INFO  o.a.m.s.f.DefaultMavenResourcesFiltering - Copying 0 resource from src\main\resources to target\classes
2025-03-26 02:03:12,352 [Worker-54: Building] INFO  o.a.m.s.f.DefaultMavenResourcesFiltering - Copying 0 resource from src\main\resources to target\classes
2025-03-26 02:03:12,355 [Worker-54: Building] INFO  o.a.m.s.f.DefaultMavenResourcesFiltering - skip non existing resourceDirectory C:\ShopmeEcommerce\ShopmeProject\ShopmeWebParent\ShopmeBackEnd\src\test\resources
2025-03-26 02:03:33,911 [Worker-57: Building] INFO  o.a.m.s.f.DefaultMavenResourcesFiltering - Copying 0 resource from src\main\resources to target\classes
2025-03-26 02:03:33,912 [Worker-57: Building] INFO  o.a.m.s.f.DefaultMavenResourcesFiltering - Copying 0 resource from src\main\resources to target\classes
2025-03-26 02:03:33,914 [Worker-57: Building] INFO  o.a.m.s.f.DefaultMavenResourcesFiltering - skip non existing resourceDirectory C:\ShopmeEcommerce\ShopmeProject\ShopmeWebParent\ShopmeBackEnd\src\test\resources
2025-03-26 02:03:37,844 [main] INFO  o.e.m.jdt.internal.UnitTestSupport - Updating UserRepositoryTest.testGetUserById from maven configuration
2025-03-26 02:03:38,044 [Worker-48: Launching UserRepositoryTest.testGetUserById] INFO  o.e.m.c.i.p.WorkspaceClassifierResolverManager - Resolving P/ShopmeCommon: com.example:ShopmeCommon:0.0.1-SNAPSHOT with classifier null to /ShopmeCommon/target/classes
2025-03-26 02:03:38,278 [Worker-48: Launching UserRepositoryTest.testGetUserById] INFO  o.e.m.c.i.p.WorkspaceClassifierResolverManager - Resolving P/ShopmeCommon: com.example:ShopmeCommon:0.0.1-SNAPSHOT with classifier null to /ShopmeCommon/target/classes
2025-03-26 02:03:38,427 [Worker-48: Launching UserRepositoryTest.testGetUserById] INFO  o.e.m.c.i.p.WorkspaceClassifierResolverManager - Resolving P/ShopmeCommon: com.example:ShopmeCommon:0.0.1-SNAPSHOT with classifier null to /ShopmeCommon/target/classes
2025-03-26 02:05:22,779 [Worker-54: Building] INFO  o.a.m.s.f.DefaultMavenResourcesFiltering - Copying 0 resource from src\main\resources to target\classes
2025-03-26 02:05:22,781 [Worker-54: Building] INFO  o.a.m.s.f.DefaultMavenResourcesFiltering - Copying 0 resource from src\main\resources to target\classes
2025-03-26 02:05:22,783 [Worker-54: Building] INFO  o.a.m.s.f.DefaultMavenResourcesFiltering - skip non existing resourceDirectory C:\ShopmeEcommerce\ShopmeProject\ShopmeWebParent\ShopmeBackEnd\src\test\resources
2025-03-26 02:06:18,380 [Worker-54: Building] INFO  o.a.m.s.f.DefaultMavenResourcesFiltering - Copying 0 resource from src\main\resources to target\classes
2025-03-26 02:06:18,381 [Worker-54: Building] INFO  o.a.m.s.f.DefaultMavenResourcesFiltering - Copying 0 resource from src\main\resources to target\classes
2025-03-26 02:06:18,383 [Worker-54: Building] INFO  o.a.m.s.f.DefaultMavenResourcesFiltering - skip non existing resourceDirectory C:\ShopmeEcommerce\ShopmeProject\ShopmeWebParent\ShopmeBackEnd\src\test\resources
2025-03-26 02:06:41,411 [main] INFO  o.e.m.jdt.internal.UnitTestSupport - Updating UserRepositoryTest.testUpdateUserDetails from maven configuration
2025-03-26 02:06:41,599 [Worker-56: Launching UserRepositoryTest.testUpdateUserDetails] INFO  o.e.m.c.i.p.WorkspaceClassifierResolverManager - Resolving P/ShopmeCommon: com.example:ShopmeCommon:0.0.1-SNAPSHOT with classifier null to /ShopmeCommon/target/classes
2025-03-26 02:06:41,824 [Worker-56: Launching UserRepositoryTest.testUpdateUserDetails] INFO  o.e.m.c.i.p.WorkspaceClassifierResolverManager - Resolving P/ShopmeCommon: com.example:ShopmeCommon:0.0.1-SNAPSHOT with classifier null to /ShopmeCommon/target/classes
2025-03-26 02:06:41,975 [Worker-56: Launching UserRepositoryTest.testUpdateUserDetails] INFO  o.e.m.c.i.p.WorkspaceClassifierResolverManager - Resolving P/ShopmeCommon: com.example:ShopmeCommon:0.0.1-SNAPSHOT with classifier null to /ShopmeCommon/target/classes
2025-03-26 02:07:56,626 [Worker-54: Launching UserRepositoryTest.testUpdateUserDetails] INFO  o.e.m.c.i.p.WorkspaceClassifierResolverManager - Resolving P/ShopmeCommon: com.example:ShopmeCommon:0.0.1-SNAPSHOT with classifier null to /ShopmeCommon/target/classes
2025-03-26 02:07:58,330 [Worker-54: Launching UserRepositoryTest.testUpdateUserDetails] INFO  o.a.m.s.f.DefaultMavenResourcesFiltering - Copying 0 resource from src\main\resources to target\classes
2025-03-26 02:07:58,333 [Worker-54: Launching UserRepositoryTest.testUpdateUserDetails] INFO  o.a.m.s.f.DefaultMavenResourcesFiltering - Copying 0 resource from src\main\resources to target\classes
2025-03-26 02:07:58,338 [Worker-54: Launching UserRepositoryTest.testUpdateUserDetails] INFO  o.a.m.s.f.DefaultMavenResourcesFiltering - skip non existing resourceDirectory C:\ShopmeEcommerce\ShopmeProject\ShopmeWebParent\ShopmeBackEnd\src\test\resources
2025-03-26 02:07:58,513 [Worker-54: Launching UserRepositoryTest.testUpdateUserDetails] INFO  o.e.m.c.i.p.WorkspaceClassifierResolverManager - Resolving P/ShopmeCommon: com.example:ShopmeCommon:0.0.1-SNAPSHOT with classifier null to /ShopmeCommon/target/classes
2025-03-26 02:07:58,661 [Worker-54: Launching UserRepositoryTest.testUpdateUserDetails] INFO  o.e.m.c.i.p.WorkspaceClassifierResolverManager - Resolving P/ShopmeCommon: com.example:ShopmeCommon:0.0.1-SNAPSHOT with classifier null to /ShopmeCommon/target/classes
2025-03-26 02:10:55,326 [Worker-56: Building] INFO  o.a.m.s.f.DefaultMavenResourcesFiltering - Copying 0 resource from src\main\resources to target\classes
2025-03-26 02:10:55,327 [Worker-56: Building] INFO  o.a.m.s.f.DefaultMavenResourcesFiltering - Copying 0 resource from src\main\resources to target\classes
2025-03-26 02:10:55,330 [Worker-56: Building] INFO  o.a.m.s.f.DefaultMavenResourcesFiltering - skip non existing resourceDirectory C:\ShopmeEcommerce\ShopmeProject\ShopmeWebParent\ShopmeBackEnd\src\test\resources
2025-03-26 02:11:32,969 [main] INFO  o.e.m.jdt.internal.UnitTestSupport - Updating UserRepositoryTest.testUpdateUserRoles from maven configuration
2025-03-26 02:11:33,143 [Worker-54: Launching UserRepositoryTest.testUpdateUserRoles] INFO  o.e.m.c.i.p.WorkspaceClassifierResolverManager - Resolving P/ShopmeCommon: com.example:ShopmeCommon:0.0.1-SNAPSHOT with classifier null to /ShopmeCommon/target/classes
2025-03-26 02:11:34,579 [Worker-54: Launching UserRepositoryTest.testUpdateUserRoles] INFO  o.a.m.s.f.DefaultMavenResourcesFiltering - Copying 0 resource from src\main\resources to target\classes
2025-03-26 02:11:34,580 [Worker-54: Launching UserRepositoryTest.testUpdateUserRoles] INFO  o.a.m.s.f.DefaultMavenResourcesFiltering - Copying 0 resource from src\main\resources to target\classes
2025-03-26 02:11:34,582 [Worker-54: Launching UserRepositoryTest.testUpdateUserRoles] INFO  o.a.m.s.f.DefaultMavenResourcesFiltering - skip non existing resourceDirectory C:\ShopmeEcommerce\ShopmeProject\ShopmeWebParent\ShopmeBackEnd\src\test\resources
2025-03-26 02:11:34,740 [Worker-54: Launching UserRepositoryTest.testUpdateUserRoles] INFO  o.e.m.c.i.p.WorkspaceClassifierResolverManager - Resolving P/ShopmeCommon: com.example:ShopmeCommon:0.0.1-SNAPSHOT with classifier null to /ShopmeCommon/target/classes
2025-03-26 02:11:34,881 [Worker-54: Launching UserRepositoryTest.testUpdateUserRoles] INFO  o.e.m.c.i.p.WorkspaceClassifierResolverManager - Resolving P/ShopmeCommon: com.example:ShopmeCommon:0.0.1-SNAPSHOT with classifier null to /ShopmeCommon/target/classes
2025-03-26 02:13:06,287 [Worker-55: Building] INFO  o.a.m.s.f.DefaultMavenResourcesFiltering - Copying 0 resource from src\main\resources to target\classes
2025-03-26 02:13:06,289 [Worker-55: Building] INFO  o.a.m.s.f.DefaultMavenResourcesFiltering - Copying 0 resource from src\main\resources to target\classes
2025-03-26 02:13:06,290 [Worker-55: Building] INFO  o.a.m.s.f.DefaultMavenResourcesFiltering - skip non existing resourceDirectory C:\ShopmeEcommerce\ShopmeProject\ShopmeWebParent\ShopmeBackEnd\src\test\resources
2025-03-26 02:13:38,778 [main] INFO  o.e.m.jdt.internal.UnitTestSupport - Updating UserRepositoryTest.testDeleteUser from maven configuration
2025-03-26 02:13:38,965 [Worker-58: Launching UserRepositoryTest.testDeleteUser] INFO  o.e.m.c.i.p.WorkspaceClassifierResolverManager - Resolving P/ShopmeCommon: com.example:ShopmeCommon:0.0.1-SNAPSHOT with classifier null to /ShopmeCommon/target/classes
2025-03-26 02:13:39,173 [Worker-58: Launching UserRepositoryTest.testDeleteUser] INFO  o.e.m.c.i.p.WorkspaceClassifierResolverManager - Resolving P/ShopmeCommon: com.example:ShopmeCommon:0.0.1-SNAPSHOT with classifier null to /ShopmeCommon/target/classes
2025-03-26 02:13:39,312 [Worker-58: Launching UserRepositoryTest.testDeleteUser] INFO  o.e.m.c.i.p.WorkspaceClassifierResolverManager - Resolving P/ShopmeCommon: com.example:ShopmeCommon:0.0.1-SNAPSHOT with classifier null to /ShopmeCommon/target/classes
2025-03-26 14:13:45,871 [Worker-9: Loading available Gradle versions] INFO  o.e.b.c.i.u.g.PublishedGradleVersions - Gradle version information cache is out-of-date. Trying to update.
2025-03-26 14:25:17,757 [Worker-7: Launching ShopmeBackEnd - ShopmeBackEndApplication] INFO  o.a.m.s.f.DefaultMavenResourcesFiltering - Copying 1 resource from src\main\resources to target\classes
2025-03-26 14:25:17,785 [Worker-7: Launching ShopmeBackEnd - ShopmeBackEndApplication] INFO  o.a.m.s.f.DefaultMavenResourcesFiltering - Copying 0 resource from src\main\resources to target\classes
2025-03-26 14:25:17,804 [Worker-7: Launching ShopmeBackEnd - ShopmeBackEndApplication] INFO  o.a.m.s.f.DefaultMavenResourcesFiltering - skip non existing resourceDirectory C:\ShopmeEcommerce\ShopmeProject\ShopmeCommon\src\test\resources
2025-03-26 14:25:24,123 [Worker-7: Launching ShopmeBackEnd - ShopmeBackEndApplication] INFO  o.e.m.c.i.p.WorkspaceClassifierResolverManager - Resolving P/ShopmeCommon: com.example:ShopmeCommon:0.0.1-SNAPSHOT with classifier  to /ShopmeCommon/target/classes
2025-03-26 14:25:24,277 [Worker-7: Launching ShopmeBackEnd - ShopmeBackEndApplication] INFO  o.e.m.c.i.p.WorkspaceClassifierResolverManager - Resolving P/ShopmeCommon: com.example:ShopmeCommon:0.0.1-SNAPSHOT with classifier  to /ShopmeCommon/target/classes
2025-03-26 14:25:24,573 [Worker-7: Launching ShopmeBackEnd - ShopmeBackEndApplication] INFO  o.a.m.s.f.DefaultMavenResourcesFiltering - Copying 1 resource from src\main\resources to target\classes
2025-03-26 14:25:24,608 [Worker-7: Launching ShopmeBackEnd - ShopmeBackEndApplication] INFO  o.a.m.s.f.DefaultMavenResourcesFiltering - Copying 2 resources from src\main\resources to target\classes
2025-03-26 14:25:24,616 [Worker-7: Launching ShopmeBackEnd - ShopmeBackEndApplication] INFO  o.a.m.s.f.DefaultMavenResourcesFiltering - skip non existing resourceDirectory C:\ShopmeEcommerce\ShopmeProject\ShopmeWebParent\ShopmeBackEnd\src\test\resources
2025-03-26 14:25:26,137 [Worker-15: Building] INFO  o.e.m.c.i.p.WorkspaceClassifierResolverManager - Resolving P/ShopmeCommon: com.example:ShopmeCommon:0.0.1-SNAPSHOT with classifier  to /ShopmeCommon/target/classes
2025-03-26 14:25:26,221 [Worker-15: Building] INFO  o.e.m.c.i.p.WorkspaceClassifierResolverManager - Resolving P/ShopmeCommon: com.example:ShopmeCommon:0.0.1-SNAPSHOT with classifier  to /ShopmeCommon/target/classes
2025-03-26 14:25:26,432 [Worker-15: Building] INFO  o.a.m.s.f.DefaultMavenResourcesFiltering - Copying 1 resource from src\main\resources to target\classes
2025-03-26 14:25:26,472 [Worker-15: Building] INFO  o.a.m.s.f.DefaultMavenResourcesFiltering - Copying 1 resource from src\main\resources to target\classes
2025-03-26 14:25:26,481 [Worker-15: Building] INFO  o.a.m.s.f.DefaultMavenResourcesFiltering - skip non existing resourceDirectory C:\ShopmeEcommerce\ShopmeProject\ShopmeWebParent\ShopmeFrontEnd\src\test\resources
2025-03-26 14:25:27,900 [Worker-15: Building] INFO  o.e.m.c.i.p.WorkspaceClassifierResolverManager - Resolving P/ShopmeCommon: com.example:ShopmeCommon:0.0.1-SNAPSHOT with classifier  to /ShopmeCommon/target/classes
2025-03-26 14:26:42,045 [Worker-3: Building] INFO  o.e.m.c.i.l.LifecycleMappingFactory - Using NULL lifecycle mapping for MavenProject: com.shopme:ShopmeWebParent:0.0.1-SNAPSHOT @ C:\ShopmeEcommerce\ShopmeProject\ShopmeWebParent\pom.xml.
2025-03-26 14:26:42,961 [Worker-3: Building] INFO  o.e.m.c.i.e.AbstractTransferListenerAdapter - Downloading https://repo.maven.apache.org/maven2/org/webjars/bootstrap/5.3.2/bootstrap-5.3.2.pom
2025-03-26 14:26:43,029 [Worker-3: Building] INFO  o.e.m.c.i.e.AbstractTransferListenerAdapter - Downloaded https://repo.maven.apache.org/maven2/org/webjars/bootstrap/5.3.2/bootstrap-5.3.2.pom
2025-03-26 14:26:43,295 [Worker-3: Building] INFO  o.e.m.c.i.p.WorkspaceClassifierResolverManager - Resolving P/ShopmeCommon: com.example:ShopmeCommon:0.0.1-SNAPSHOT with classifier  to /ShopmeCommon/target/classes
2025-03-26 14:26:43,352 [Worker-3: Building] INFO  o.e.m.c.i.p.WorkspaceClassifierResolverManager - Resolving P/ShopmeCommon: com.example:ShopmeCommon:0.0.1-SNAPSHOT with classifier  to /ShopmeCommon/target/classes
2025-03-26 14:26:43,385 [Worker-3: Building] INFO  o.e.m.c.i.e.AbstractTransferListenerAdapter - Downloading https://repo.maven.apache.org/maven2/org/webjars/bootstrap/5.3.2/bootstrap-5.3.2.jar
2025-03-26 14:26:43,601 [Worker-3: Building] INFO  o.e.m.c.i.e.AbstractTransferListenerAdapter - Downloaded https://repo.maven.apache.org/maven2/org/webjars/bootstrap/5.3.2/bootstrap-5.3.2.jar
2025-03-26 14:26:45,731 [Worker-3: Building] INFO  o.e.m.c.i.l.LifecycleMappingFactory - Using org.eclipse.m2e.jdt.JarLifecycleMapping lifecycle mapping for MavenProject: com.shopme:ShopmeBackEnd:0.0.1-SNAPSHOT @ C:\ShopmeEcommerce\ShopmeProject\ShopmeWebParent\ShopmeBackEnd\pom.xml.
2025-03-26 14:26:45,797 [Worker-3: Building] INFO  o.e.m.c.i.p.WorkspaceClassifierResolverManager - Resolving P/ShopmeCommon: com.example:ShopmeCommon:0.0.1-SNAPSHOT with classifier  to /ShopmeCommon/target/classes
2025-03-26 14:26:45,855 [Worker-3: Building] INFO  o.e.m.c.i.l.LifecycleMappingFactory - Using org.eclipse.m2e.jdt.JarLifecycleMapping lifecycle mapping for MavenProject: com.shopme:ShopmeFrontEnd:0.0.1-SNAPSHOT @ C:\ShopmeEcommerce\ShopmeProject\ShopmeWebParent\ShopmeFrontEnd\pom.xml.
2025-03-26 14:26:45,903 [Worker-3: Building] INFO  o.e.m.c.i.p.WorkspaceClassifierResolverManager - Resolving P/ShopmeCommon: com.example:ShopmeCommon:0.0.1-SNAPSHOT with classifier  to /ShopmeCommon/target/classes
2025-03-26 14:26:50,430 [Worker-3: Download sources and javadoc] INFO  o.e.m.c.i.e.AbstractTransferListenerAdapter - Downloaded https://repo.maven.apache.org/maven2/org/webjars/bootstrap/5.3.2/bootstrap-5.3.2-sources.jar
2025-03-26 14:26:50,434 [Worker-3: Download sources and javadoc] ERROR o.e.m.j.internal.DownloadSourcesJob - Could not download sources for org.webjars:bootstrap:5.3.2
org.eclipse.core.runtime.CoreException: Could not resolve artifact org.webjars:bootstrap:jar:sources:5.3.2
	at org.eclipse.m2e.core.internal.embedder.MavenImpl.lambda$7(MavenImpl.java:540)
	at org.eclipse.m2e.core.internal.embedder.MavenExecutionContext.executeBare(MavenExecutionContext.java:458)
	at org.eclipse.m2e.core.internal.embedder.MavenExecutionContext.execute(MavenExecutionContext.java:292)
	at org.eclipse.m2e.core.internal.embedder.MavenExecutionContext.execute(MavenExecutionContext.java:278)
	at org.eclipse.m2e.core.internal.embedder.MavenImpl.resolve(MavenImpl.java:509)
	at org.eclipse.m2e.core.internal.embedder.MavenImpl.resolve(MavenImpl.java:494)
	at org.eclipse.m2e.jdt.internal.DownloadSourcesJob.download(DownloadSourcesJob.java:308)
	at org.eclipse.m2e.jdt.internal.DownloadSourcesJob.downloadAttachments(DownloadSourcesJob.java:282)
	at org.eclipse.m2e.jdt.internal.DownloadSourcesJob.downloadMaven(DownloadSourcesJob.java:252)
	at org.eclipse.m2e.jdt.internal.DownloadSourcesJob.downloadFilesAndPopulateToUpdate(DownloadSourcesJob.java:220)
	at org.eclipse.m2e.jdt.internal.DownloadSourcesJob.lambda$0(DownloadSourcesJob.java:149)
	at org.eclipse.m2e.core.internal.embedder.MavenExecutionContext.executeBare(MavenExecutionContext.java:458)
	at org.eclipse.m2e.core.internal.embedder.MavenExecutionContext.execute(MavenExecutionContext.java:339)
	at org.eclipse.m2e.core.internal.embedder.MavenExecutionContext.execute(MavenExecutionContext.java:278)
	at org.eclipse.m2e.core.embedder.IMaven.execute(IMaven.java:300)
	at org.eclipse.m2e.jdt.internal.DownloadSourcesJob.run(DownloadSourcesJob.java:149)
	at org.eclipse.core.internal.jobs.Worker.run(Worker.java:63)
2025-03-26 14:26:50,521 [Worker-3: Download sources and javadoc] INFO  o.e.m.c.i.e.AbstractTransferListenerAdapter - Downloading https://repo.maven.apache.org/maven2/org/webjars/bootstrap/5.3.2/bootstrap-5.3.2-javadoc.jar
2025-03-26 14:26:51,361 [Worker-7: Building] INFO  o.a.m.s.f.DefaultMavenResourcesFiltering - Copying 1 resource from src\main\resources to target\classes
2025-03-26 14:26:51,383 [Worker-7: Building] INFO  o.a.m.s.f.DefaultMavenResourcesFiltering - Copying 2 resources from src\main\resources to target\classes
2025-03-26 14:26:51,398 [Worker-7: Building] INFO  o.a.m.s.f.DefaultMavenResourcesFiltering - skip non existing resourceDirectory C:\ShopmeEcommerce\ShopmeProject\ShopmeWebParent\ShopmeBackEnd\src\test\resources
2025-03-26 14:26:51,449 [Worker-3: Download sources and javadoc] INFO  o.e.m.c.i.e.AbstractTransferListenerAdapter - Downloaded https://repo.maven.apache.org/maven2/org/webjars/bootstrap/5.3.2/bootstrap-5.3.2-javadoc.jar
2025-03-26 14:26:51,455 [Worker-3: Download sources and javadoc] INFO  o.e.m.j.internal.DownloadSourcesJob - Downloaded javadoc for org.webjars:bootstrap:5.3.2
2025-03-26 14:26:52,137 [Worker-18: Building] INFO  o.a.m.s.f.DefaultMavenResourcesFiltering - Copying 1 resource from src\main\resources to target\classes
2025-03-26 14:26:52,156 [Worker-18: Building] INFO  o.a.m.s.f.DefaultMavenResourcesFiltering - Copying 1 resource from src\main\resources to target\classes
2025-03-26 14:26:52,164 [Worker-18: Building] INFO  o.a.m.s.f.DefaultMavenResourcesFiltering - skip non existing resourceDirectory C:\ShopmeEcommerce\ShopmeProject\ShopmeWebParent\ShopmeFrontEnd\src\test\resources
2025-03-26 14:27:34,412 [Worker-3: Launching ShopmeBackEnd - ShopmeBackEndApplication] INFO  o.e.m.c.i.p.WorkspaceClassifierResolverManager - Resolving P/ShopmeCommon: com.example:ShopmeCommon:0.0.1-SNAPSHOT with classifier null to /ShopmeCommon/target/classes
2025-03-26 14:27:34,566 [Worker-3: Launching ShopmeBackEnd - ShopmeBackEndApplication] INFO  o.e.m.c.i.p.WorkspaceClassifierResolverManager - Resolving P/ShopmeCommon: com.example:ShopmeCommon:0.0.1-SNAPSHOT with classifier null to /ShopmeCommon/target/classes
2025-03-26 14:27:34,690 [Worker-3: Launching ShopmeBackEnd - ShopmeBackEndApplication] INFO  o.e.m.c.i.p.WorkspaceClassifierResolverManager - Resolving P/ShopmeCommon: com.example:ShopmeCommon:0.0.1-SNAPSHOT with classifier null to /ShopmeCommon/target/classes
2025-03-26 14:29:56,565 [Worker-18: Building] INFO  o.a.m.s.f.DefaultMavenResourcesFiltering - Copying 1 resource from src\main\resources to target\classes
2025-03-26 14:29:56,582 [Worker-18: Building] INFO  o.a.m.s.f.DefaultMavenResourcesFiltering - Copying 2 resources from src\main\resources to target\classes
2025-03-26 14:29:56,596 [Worker-18: Building] INFO  o.a.m.s.f.DefaultMavenResourcesFiltering - skip non existing resourceDirectory C:\ShopmeEcommerce\ShopmeProject\ShopmeWebParent\ShopmeBackEnd\src\test\resources
2025-03-26 14:31:19,909 [Worker-17: Building] INFO  o.a.m.s.f.DefaultMavenResourcesFiltering - Copying 1 resource from src\main\resources to target\classes
2025-03-26 14:31:19,916 [Worker-17: Building] INFO  o.a.m.s.f.DefaultMavenResourcesFiltering - Copying 2 resources from src\main\resources to target\classes
2025-03-26 14:31:19,923 [Worker-17: Building] INFO  o.a.m.s.f.DefaultMavenResourcesFiltering - skip non existing resourceDirectory C:\ShopmeEcommerce\ShopmeProject\ShopmeWebParent\ShopmeBackEnd\src\test\resources
2025-03-26 14:31:34,649 [Worker-13: Building] INFO  o.a.m.s.f.DefaultMavenResourcesFiltering - Copying 1 resource from src\main\resources to target\classes
2025-03-26 14:31:34,654 [Worker-13: Building] INFO  o.a.m.s.f.DefaultMavenResourcesFiltering - Copying 2 resources from src\main\resources to target\classes
2025-03-26 14:31:34,658 [Worker-13: Building] INFO  o.a.m.s.f.DefaultMavenResourcesFiltering - skip non existing resourceDirectory C:\ShopmeEcommerce\ShopmeProject\ShopmeWebParent\ShopmeBackEnd\src\test\resources
2025-03-26 14:34:01,322 [Worker-18: Building] INFO  o.a.m.s.f.DefaultMavenResourcesFiltering - Copying 1 resource from src\main\resources to target\classes
2025-03-26 14:34:01,328 [Worker-18: Building] INFO  o.a.m.s.f.DefaultMavenResourcesFiltering - Copying 2 resources from src\main\resources to target\classes
2025-03-26 14:34:01,332 [Worker-18: Building] INFO  o.a.m.s.f.DefaultMavenResourcesFiltering - skip non existing resourceDirectory C:\ShopmeEcommerce\ShopmeProject\ShopmeWebParent\ShopmeBackEnd\src\test\resources
2025-03-26 14:34:20,121 [Worker-13: Building] INFO  o.a.m.s.f.DefaultMavenResourcesFiltering - Copying 0 resource from src\main\resources to target\classes
2025-03-26 14:34:20,146 [Worker-13: Building] INFO  o.a.m.s.f.DefaultMavenResourcesFiltering - Copying 1 resource from src\main\resources to target\classes
2025-03-26 14:34:20,152 [Worker-13: Building] INFO  o.a.m.s.f.DefaultMavenResourcesFiltering - skip non existing resourceDirectory C:\ShopmeEcommerce\ShopmeProject\ShopmeWebParent\ShopmeBackEnd\src\test\resources
2025-03-26 14:34:49,925 [Worker-16: Building] INFO  o.a.m.s.f.DefaultMavenResourcesFiltering - Copying 0 resource from src\main\resources to target\classes
2025-03-26 14:34:49,927 [Worker-16: Building] INFO  o.a.m.s.f.DefaultMavenResourcesFiltering - Copying 1 resource from src\main\resources to target\classes
2025-03-26 14:34:49,934 [Worker-16: Building] INFO  o.a.m.s.f.DefaultMavenResourcesFiltering - skip non existing resourceDirectory C:\ShopmeEcommerce\ShopmeProject\ShopmeWebParent\ShopmeBackEnd\src\test\resources
2025-03-26 14:34:56,680 [Worker-13: Building] INFO  o.a.m.s.f.DefaultMavenResourcesFiltering - Copying 0 resource from src\main\resources to target\classes
2025-03-26 14:34:56,682 [Worker-13: Building] INFO  o.a.m.s.f.DefaultMavenResourcesFiltering - Copying 1 resource from src\main\resources to target\classes
2025-03-26 14:34:56,687 [Worker-13: Building] INFO  o.a.m.s.f.DefaultMavenResourcesFiltering - skip non existing resourceDirectory C:\ShopmeEcommerce\ShopmeProject\ShopmeWebParent\ShopmeBackEnd\src\test\resources
2025-03-26 14:38:32,423 [Worker-13: Building] INFO  o.a.m.s.f.DefaultMavenResourcesFiltering - Copying 0 resource from src\main\resources to target\classes
2025-03-26 14:38:32,426 [Worker-13: Building] INFO  o.a.m.s.f.DefaultMavenResourcesFiltering - Copying 1 resource from src\main\resources to target\classes
2025-03-26 14:38:32,435 [Worker-13: Building] INFO  o.a.m.s.f.DefaultMavenResourcesFiltering - skip non existing resourceDirectory C:\ShopmeEcommerce\ShopmeProject\ShopmeWebParent\ShopmeBackEnd\src\test\resources
2025-03-26 14:39:10,374 [Worker-19: Building] INFO  o.a.m.s.f.DefaultMavenResourcesFiltering - Copying 0 resource from src\main\resources to target\classes
2025-03-26 14:39:10,377 [Worker-19: Building] INFO  o.a.m.s.f.DefaultMavenResourcesFiltering - Copying 1 resource from src\main\resources to target\classes
2025-03-26 14:39:10,384 [Worker-19: Building] INFO  o.a.m.s.f.DefaultMavenResourcesFiltering - skip non existing resourceDirectory C:\ShopmeEcommerce\ShopmeProject\ShopmeWebParent\ShopmeBackEnd\src\test\resources
2025-03-26 14:39:47,758 [Worker-16: Building] INFO  o.a.m.s.f.DefaultMavenResourcesFiltering - Copying 0 resource from src\main\resources to target\classes
2025-03-26 14:39:47,759 [Worker-16: Building] INFO  o.a.m.s.f.DefaultMavenResourcesFiltering - Copying 1 resource from src\main\resources to target\classes
2025-03-26 14:39:47,764 [Worker-16: Building] INFO  o.a.m.s.f.DefaultMavenResourcesFiltering - skip non existing resourceDirectory C:\ShopmeEcommerce\ShopmeProject\ShopmeWebParent\ShopmeBackEnd\src\test\resources
2025-03-26 14:40:10,182 [Worker-15: Building] INFO  o.a.m.s.f.DefaultMavenResourcesFiltering - Copying 0 resource from src\main\resources to target\classes
2025-03-26 14:40:10,183 [Worker-15: Building] INFO  o.a.m.s.f.DefaultMavenResourcesFiltering - Copying 1 resource from src\main\resources to target\classes
2025-03-26 14:40:10,189 [Worker-15: Building] INFO  o.a.m.s.f.DefaultMavenResourcesFiltering - skip non existing resourceDirectory C:\ShopmeEcommerce\ShopmeProject\ShopmeWebParent\ShopmeBackEnd\src\test\resources
2025-03-26 14:40:19,618 [Worker-16: Building] INFO  o.a.m.s.f.DefaultMavenResourcesFiltering - Copying 0 resource from src\main\resources to target\classes
2025-03-26 14:40:19,620 [Worker-16: Building] INFO  o.a.m.s.f.DefaultMavenResourcesFiltering - Copying 1 resource from src\main\resources to target\classes
2025-03-26 14:40:19,625 [Worker-16: Building] INFO  o.a.m.s.f.DefaultMavenResourcesFiltering - skip non existing resourceDirectory C:\ShopmeEcommerce\ShopmeProject\ShopmeWebParent\ShopmeBackEnd\src\test\resources
2025-03-26 14:40:46,800 [Worker-17: Building] INFO  o.a.m.s.f.DefaultMavenResourcesFiltering - Copying 0 resource from src\main\resources to target\classes
2025-03-26 14:40:46,801 [Worker-17: Building] INFO  o.a.m.s.f.DefaultMavenResourcesFiltering - Copying 1 resource from src\main\resources to target\classes
2025-03-26 14:40:46,809 [Worker-17: Building] INFO  o.a.m.s.f.DefaultMavenResourcesFiltering - skip non existing resourceDirectory C:\ShopmeEcommerce\ShopmeProject\ShopmeWebParent\ShopmeBackEnd\src\test\resources
2025-03-26 14:43:19,627 [Worker-16: Building] INFO  o.a.m.s.f.DefaultMavenResourcesFiltering - Copying 1 resource from src\main\resources to target\classes
2025-03-26 14:43:19,634 [Worker-16: Building] INFO  o.a.m.s.f.DefaultMavenResourcesFiltering - Copying 3 resources from src\main\resources to target\classes
2025-03-26 14:43:19,640 [Worker-16: Building] INFO  o.a.m.s.f.DefaultMavenResourcesFiltering - skip non existing resourceDirectory C:\ShopmeEcommerce\ShopmeProject\ShopmeWebParent\ShopmeBackEnd\src\test\resources
2025-03-26 14:44:25,617 [Worker-13: Building] INFO  o.a.m.s.f.DefaultMavenResourcesFiltering - Copying 0 resource from src\main\resources to target\classes
2025-03-26 14:44:25,620 [Worker-13: Building] INFO  o.a.m.s.f.DefaultMavenResourcesFiltering - Copying 1 resource from src\main\resources to target\classes
2025-03-26 14:44:25,628 [Worker-13: Building] INFO  o.a.m.s.f.DefaultMavenResourcesFiltering - skip non existing resourceDirectory C:\ShopmeEcommerce\ShopmeProject\ShopmeWebParent\ShopmeBackEnd\src\test\resources
2025-03-26 14:46:16,441 [Worker-16: Building] INFO  o.a.m.s.f.DefaultMavenResourcesFiltering - Copying 0 resource from src\main\resources to target\classes
2025-03-26 14:46:16,444 [Worker-16: Building] INFO  o.a.m.s.f.DefaultMavenResourcesFiltering - Copying 1 resource from src\main\resources to target\classes
2025-03-26 14:46:16,451 [Worker-16: Building] INFO  o.a.m.s.f.DefaultMavenResourcesFiltering - skip non existing resourceDirectory C:\ShopmeEcommerce\ShopmeProject\ShopmeWebParent\ShopmeBackEnd\src\test\resources
2025-03-26 14:48:03,869 [Worker-13: Building] INFO  o.a.m.s.f.DefaultMavenResourcesFiltering - Copying 0 resource from src\main\resources to target\classes
2025-03-26 14:48:03,871 [Worker-13: Building] INFO  o.a.m.s.f.DefaultMavenResourcesFiltering - Copying 1 resource from src\main\resources to target\classes
2025-03-26 14:48:03,877 [Worker-13: Building] INFO  o.a.m.s.f.DefaultMavenResourcesFiltering - skip non existing resourceDirectory C:\ShopmeEcommerce\ShopmeProject\ShopmeWebParent\ShopmeBackEnd\src\test\resources
2025-03-26 14:48:32,090 [Worker-13: Building] INFO  o.a.m.s.f.DefaultMavenResourcesFiltering - Copying 0 resource from src\main\resources to target\classes
2025-03-26 14:48:32,092 [Worker-13: Building] INFO  o.a.m.s.f.DefaultMavenResourcesFiltering - Copying 1 resource from src\main\resources to target\classes
2025-03-26 14:48:32,097 [Worker-13: Building] INFO  o.a.m.s.f.DefaultMavenResourcesFiltering - skip non existing resourceDirectory C:\ShopmeEcommerce\ShopmeProject\ShopmeWebParent\ShopmeBackEnd\src\test\resources
2025-03-26 14:49:10,386 [Worker-18: Building] INFO  o.a.m.s.f.DefaultMavenResourcesFiltering - Copying 0 resource from src\main\resources to target\classes
2025-03-26 14:49:10,389 [Worker-18: Building] INFO  o.a.m.s.f.DefaultMavenResourcesFiltering - Copying 1 resource from src\main\resources to target\classes
2025-03-26 14:49:10,398 [Worker-18: Building] INFO  o.a.m.s.f.DefaultMavenResourcesFiltering - skip non existing resourceDirectory C:\ShopmeEcommerce\ShopmeProject\ShopmeWebParent\ShopmeBackEnd\src\test\resources
2025-03-26 14:49:38,911 [Worker-13: Building] INFO  o.a.m.s.f.DefaultMavenResourcesFiltering - Copying 1 resource from src\main\resources to target\classes
2025-03-26 14:49:38,918 [Worker-13: Building] INFO  o.a.m.s.f.DefaultMavenResourcesFiltering - Copying 0 resource from src\main\resources to target\classes
2025-03-26 14:49:38,922 [Worker-13: Building] INFO  o.a.m.s.f.DefaultMavenResourcesFiltering - skip non existing resourceDirectory C:\ShopmeEcommerce\ShopmeProject\ShopmeCommon\src\test\resources
2025-03-26 14:51:04,577 [Worker-15: Launching UserRepositoryTest.testUpdateUserRoles] INFO  o.e.m.c.i.p.WorkspaceClassifierResolverManager - Resolving P/ShopmeCommon: com.example:ShopmeCommon:0.0.1-SNAPSHOT with classifier null to /ShopmeCommon/target/classes
2025-03-26 14:51:05,101 [Worker-15: Launching UserRepositoryTest.testUpdateUserRoles] INFO  o.e.m.c.i.p.WorkspaceClassifierResolverManager - Resolving P/ShopmeCommon: com.example:ShopmeCommon:0.0.1-SNAPSHOT with classifier null to /ShopmeCommon/target/classes
2025-03-26 14:51:05,279 [Worker-15: Launching UserRepositoryTest.testUpdateUserRoles] INFO  o.e.m.c.i.p.WorkspaceClassifierResolverManager - Resolving P/ShopmeCommon: com.example:ShopmeCommon:0.0.1-SNAPSHOT with classifier null to /ShopmeCommon/target/classes
2025-03-26 14:51:50,115 [Worker-19: Launching UserRepositoryTest.testCreateNewUserWithTwoRoles] INFO  o.e.m.c.i.p.WorkspaceClassifierResolverManager - Resolving P/ShopmeCommon: com.example:ShopmeCommon:0.0.1-SNAPSHOT with classifier null to /ShopmeCommon/target/classes
2025-03-26 14:51:50,279 [Worker-19: Launching UserRepositoryTest.testCreateNewUserWithTwoRoles] INFO  o.e.m.c.i.p.WorkspaceClassifierResolverManager - Resolving P/ShopmeCommon: com.example:ShopmeCommon:0.0.1-SNAPSHOT with classifier null to /ShopmeCommon/target/classes
2025-03-26 14:51:50,429 [Worker-19: Launching UserRepositoryTest.testCreateNewUserWithTwoRoles] INFO  o.e.m.c.i.p.WorkspaceClassifierResolverManager - Resolving P/ShopmeCommon: com.example:ShopmeCommon:0.0.1-SNAPSHOT with classifier null to /ShopmeCommon/target/classes
2025-03-26 14:53:00,756 [Worker-19: Building] INFO  o.a.m.s.f.DefaultMavenResourcesFiltering - Copying 0 resource from src\main\resources to target\classes
2025-03-26 14:53:00,758 [Worker-19: Building] INFO  o.a.m.s.f.DefaultMavenResourcesFiltering - Copying 1 resource from src\main\resources to target\classes
2025-03-26 14:53:00,765 [Worker-19: Building] INFO  o.a.m.s.f.DefaultMavenResourcesFiltering - skip non existing resourceDirectory C:\ShopmeEcommerce\ShopmeProject\ShopmeWebParent\ShopmeBackEnd\src\test\resources
2025-03-26 14:55:47,770 [Worker-17: Building] INFO  o.a.m.s.f.DefaultMavenResourcesFiltering - Copying 0 resource from src\main\resources to target\classes
2025-03-26 14:55:47,773 [Worker-17: Building] INFO  o.a.m.s.f.DefaultMavenResourcesFiltering - Copying 1 resource from src\main\resources to target\classes
2025-03-26 14:55:47,780 [Worker-17: Building] INFO  o.a.m.s.f.DefaultMavenResourcesFiltering - skip non existing resourceDirectory C:\ShopmeEcommerce\ShopmeProject\ShopmeWebParent\ShopmeBackEnd\src\test\resources
2025-03-26 14:56:48,811 [Worker-3: Building] INFO  o.a.m.s.f.DefaultMavenResourcesFiltering - Copying 1 resource from src\main\resources to target\classes
2025-03-26 14:56:48,820 [Worker-3: Building] INFO  o.a.m.s.f.DefaultMavenResourcesFiltering - Copying 3 resources from src\main\resources to target\classes
2025-03-26 14:56:48,824 [Worker-3: Building] INFO  o.a.m.s.f.DefaultMavenResourcesFiltering - skip non existing resourceDirectory C:\ShopmeEcommerce\ShopmeProject\ShopmeWebParent\ShopmeBackEnd\src\test\resources
2025-03-26 14:57:16,035 [Worker-19: Building] INFO  o.a.m.s.f.DefaultMavenResourcesFiltering - Copying 0 resource from src\main\resources to target\classes
2025-03-26 14:57:16,037 [Worker-19: Building] INFO  o.a.m.s.f.DefaultMavenResourcesFiltering - Copying 1 resource from src\main\resources to target\classes
2025-03-26 14:57:16,042 [Worker-19: Building] INFO  o.a.m.s.f.DefaultMavenResourcesFiltering - skip non existing resourceDirectory C:\ShopmeEcommerce\ShopmeProject\ShopmeWebParent\ShopmeBackEnd\src\test\resources
2025-03-26 14:57:30,616 [Worker-13: Building] INFO  o.a.m.s.f.DefaultMavenResourcesFiltering - Copying 0 resource from src\main\resources to target\classes
2025-03-26 14:57:30,617 [Worker-13: Building] INFO  o.a.m.s.f.DefaultMavenResourcesFiltering - Copying 1 resource from src\main\resources to target\classes
2025-03-26 14:57:30,622 [Worker-13: Building] INFO  o.a.m.s.f.DefaultMavenResourcesFiltering - skip non existing resourceDirectory C:\ShopmeEcommerce\ShopmeProject\ShopmeWebParent\ShopmeBackEnd\src\test\resources
2025-03-26 14:57:49,127 [Worker-15: Building] INFO  o.a.m.s.f.DefaultMavenResourcesFiltering - Copying 0 resource from src\main\resources to target\classes
2025-03-26 14:57:49,129 [Worker-15: Building] INFO  o.a.m.s.f.DefaultMavenResourcesFiltering - Copying 1 resource from src\main\resources to target\classes
2025-03-26 14:57:49,133 [Worker-15: Building] INFO  o.a.m.s.f.DefaultMavenResourcesFiltering - skip non existing resourceDirectory C:\ShopmeEcommerce\ShopmeProject\ShopmeWebParent\ShopmeBackEnd\src\test\resources
2025-03-26 14:58:16,860 [Worker-16: Building] INFO  o.a.m.s.f.DefaultMavenResourcesFiltering - Copying 0 resource from src\main\resources to target\classes
2025-03-26 14:58:16,862 [Worker-16: Building] INFO  o.a.m.s.f.DefaultMavenResourcesFiltering - Copying 1 resource from src\main\resources to target\classes
2025-03-26 14:58:16,867 [Worker-16: Building] INFO  o.a.m.s.f.DefaultMavenResourcesFiltering - skip non existing resourceDirectory C:\ShopmeEcommerce\ShopmeProject\ShopmeWebParent\ShopmeBackEnd\src\test\resources
2025-03-26 14:59:45,966 [Worker-13: Building] INFO  o.a.m.s.f.DefaultMavenResourcesFiltering - Copying 0 resource from src\main\resources to target\classes
2025-03-26 14:59:45,969 [Worker-13: Building] INFO  o.a.m.s.f.DefaultMavenResourcesFiltering - Copying 1 resource from src\main\resources to target\classes
2025-03-26 14:59:45,975 [Worker-13: Building] INFO  o.a.m.s.f.DefaultMavenResourcesFiltering - skip non existing resourceDirectory C:\ShopmeEcommerce\ShopmeProject\ShopmeWebParent\ShopmeBackEnd\src\test\resources
2025-03-26 15:00:26,557 [Worker-13: Building] INFO  o.a.m.s.f.DefaultMavenResourcesFiltering - Copying 0 resource from src\main\resources to target\classes
2025-03-26 15:00:26,559 [Worker-13: Building] INFO  o.a.m.s.f.DefaultMavenResourcesFiltering - Copying 1 resource from src\main\resources to target\classes
2025-03-26 15:00:26,566 [Worker-13: Building] INFO  o.a.m.s.f.DefaultMavenResourcesFiltering - skip non existing resourceDirectory C:\ShopmeEcommerce\ShopmeProject\ShopmeWebParent\ShopmeBackEnd\src\test\resources
2025-03-26 15:00:48,092 [Worker-13: Building] INFO  o.a.m.s.f.DefaultMavenResourcesFiltering - Copying 0 resource from src\main\resources to target\classes
2025-03-26 15:00:48,093 [Worker-13: Building] INFO  o.a.m.s.f.DefaultMavenResourcesFiltering - Copying 1 resource from src\main\resources to target\classes
2025-03-26 15:00:48,100 [Worker-13: Building] INFO  o.a.m.s.f.DefaultMavenResourcesFiltering - skip non existing resourceDirectory C:\ShopmeEcommerce\ShopmeProject\ShopmeWebParent\ShopmeBackEnd\src\test\resources
2025-03-26 15:01:46,513 [Worker-15: Building] INFO  o.a.m.s.f.DefaultMavenResourcesFiltering - Copying 0 resource from src\main\resources to target\classes
2025-03-26 15:01:46,515 [Worker-15: Building] INFO  o.a.m.s.f.DefaultMavenResourcesFiltering - Copying 1 resource from src\main\resources to target\classes
2025-03-26 15:01:46,521 [Worker-15: Building] INFO  o.a.m.s.f.DefaultMavenResourcesFiltering - skip non existing resourceDirectory C:\ShopmeEcommerce\ShopmeProject\ShopmeWebParent\ShopmeBackEnd\src\test\resources
2025-03-26 15:01:53,304 [Worker-19: Building] INFO  o.a.m.s.f.DefaultMavenResourcesFiltering - Copying 0 resource from src\main\resources to target\classes
2025-03-26 15:01:53,306 [Worker-19: Building] INFO  o.a.m.s.f.DefaultMavenResourcesFiltering - Copying 1 resource from src\main\resources to target\classes
2025-03-26 15:01:53,313 [Worker-19: Building] INFO  o.a.m.s.f.DefaultMavenResourcesFiltering - skip non existing resourceDirectory C:\ShopmeEcommerce\ShopmeProject\ShopmeWebParent\ShopmeBackEnd\src\test\resources
2025-03-26 15:02:15,426 [Worker-18: Building] INFO  o.a.m.s.f.DefaultMavenResourcesFiltering - Copying 0 resource from src\main\resources to target\classes
2025-03-26 15:02:15,428 [Worker-18: Building] INFO  o.a.m.s.f.DefaultMavenResourcesFiltering - Copying 1 resource from src\main\resources to target\classes
2025-03-26 15:02:15,436 [Worker-18: Building] INFO  o.a.m.s.f.DefaultMavenResourcesFiltering - skip non existing resourceDirectory C:\ShopmeEcommerce\ShopmeProject\ShopmeWebParent\ShopmeBackEnd\src\test\resources
2025-03-26 15:02:37,696 [Worker-17: Building] INFO  o.a.m.s.f.DefaultMavenResourcesFiltering - Copying 0 resource from src\main\resources to target\classes
2025-03-26 15:02:37,699 [Worker-17: Building] INFO  o.a.m.s.f.DefaultMavenResourcesFiltering - Copying 1 resource from src\main\resources to target\classes
2025-03-26 15:02:37,705 [Worker-17: Building] INFO  o.a.m.s.f.DefaultMavenResourcesFiltering - skip non existing resourceDirectory C:\ShopmeEcommerce\ShopmeProject\ShopmeWebParent\ShopmeBackEnd\src\test\resources
2025-03-26 15:02:43,559 [Worker-19: Building] INFO  o.a.m.s.f.DefaultMavenResourcesFiltering - Copying 0 resource from src\main\resources to target\classes
2025-03-26 15:02:43,562 [Worker-19: Building] INFO  o.a.m.s.f.DefaultMavenResourcesFiltering - Copying 1 resource from src\main\resources to target\classes
2025-03-26 15:02:43,569 [Worker-19: Building] INFO  o.a.m.s.f.DefaultMavenResourcesFiltering - skip non existing resourceDirectory C:\ShopmeEcommerce\ShopmeProject\ShopmeWebParent\ShopmeBackEnd\src\test\resources
2025-03-26 15:03:21,504 [Worker-15: Building] INFO  o.a.m.s.f.DefaultMavenResourcesFiltering - Copying 0 resource from src\main\resources to target\classes
2025-03-26 15:03:21,506 [Worker-15: Building] INFO  o.a.m.s.f.DefaultMavenResourcesFiltering - Copying 1 resource from src\main\resources to target\classes
2025-03-26 15:03:21,512 [Worker-15: Building] INFO  o.a.m.s.f.DefaultMavenResourcesFiltering - skip non existing resourceDirectory C:\ShopmeEcommerce\ShopmeProject\ShopmeWebParent\ShopmeBackEnd\src\test\resources
2025-03-26 15:03:52,454 [Worker-3: Building] INFO  o.a.m.s.f.DefaultMavenResourcesFiltering - Copying 0 resource from src\main\resources to target\classes
2025-03-26 15:03:52,456 [Worker-3: Building] INFO  o.a.m.s.f.DefaultMavenResourcesFiltering - Copying 1 resource from src\main\resources to target\classes
2025-03-26 15:03:52,462 [Worker-3: Building] INFO  o.a.m.s.f.DefaultMavenResourcesFiltering - skip non existing resourceDirectory C:\ShopmeEcommerce\ShopmeProject\ShopmeWebParent\ShopmeBackEnd\src\test\resources
2025-03-26 15:04:01,052 [Worker-3: Building] INFO  o.a.m.s.f.DefaultMavenResourcesFiltering - Copying 0 resource from src\main\resources to target\classes
2025-03-26 15:04:01,055 [Worker-3: Building] INFO  o.a.m.s.f.DefaultMavenResourcesFiltering - Copying 1 resource from src\main\resources to target\classes
2025-03-26 15:04:01,066 [Worker-3: Building] INFO  o.a.m.s.f.DefaultMavenResourcesFiltering - skip non existing resourceDirectory C:\ShopmeEcommerce\ShopmeProject\ShopmeWebParent\ShopmeBackEnd\src\test\resources
2025-03-26 15:04:29,978 [Worker-3: Building] INFO  o.a.m.s.f.DefaultMavenResourcesFiltering - Copying 0 resource from src\main\resources to target\classes
2025-03-26 15:04:29,980 [Worker-3: Building] INFO  o.a.m.s.f.DefaultMavenResourcesFiltering - Copying 1 resource from src\main\resources to target\classes
2025-03-26 15:04:29,985 [Worker-3: Building] INFO  o.a.m.s.f.DefaultMavenResourcesFiltering - skip non existing resourceDirectory C:\ShopmeEcommerce\ShopmeProject\ShopmeWebParent\ShopmeBackEnd\src\test\resources
2025-03-26 15:04:41,127 [Worker-17: Building] INFO  o.a.m.s.f.DefaultMavenResourcesFiltering - Copying 0 resource from src\main\resources to target\classes
2025-03-26 15:04:41,130 [Worker-17: Building] INFO  o.a.m.s.f.DefaultMavenResourcesFiltering - Copying 1 resource from src\main\resources to target\classes
2025-03-26 15:04:41,136 [Worker-17: Building] INFO  o.a.m.s.f.DefaultMavenResourcesFiltering - skip non existing resourceDirectory C:\ShopmeEcommerce\ShopmeProject\ShopmeWebParent\ShopmeBackEnd\src\test\resources
2025-03-26 15:05:27,168 [Worker-3: Building] INFO  o.a.m.s.f.DefaultMavenResourcesFiltering - Copying 0 resource from src\main\resources to target\classes
2025-03-26 15:05:27,170 [Worker-3: Building] INFO  o.a.m.s.f.DefaultMavenResourcesFiltering - Copying 1 resource from src\main\resources to target\classes
2025-03-26 15:05:27,177 [Worker-3: Building] INFO  o.a.m.s.f.DefaultMavenResourcesFiltering - skip non existing resourceDirectory C:\ShopmeEcommerce\ShopmeProject\ShopmeWebParent\ShopmeBackEnd\src\test\resources
2025-03-26 15:06:05,957 [Worker-17: Building] INFO  o.a.m.s.f.DefaultMavenResourcesFiltering - Copying 0 resource from src\main\resources to target\classes
2025-03-26 15:06:05,958 [Worker-17: Building] INFO  o.a.m.s.f.DefaultMavenResourcesFiltering - Copying 1 resource from src\main\resources to target\classes
2025-03-26 15:06:05,963 [Worker-17: Building] INFO  o.a.m.s.f.DefaultMavenResourcesFiltering - skip non existing resourceDirectory C:\ShopmeEcommerce\ShopmeProject\ShopmeWebParent\ShopmeBackEnd\src\test\resources
2025-03-26 15:06:24,727 [Worker-17: Building] INFO  o.a.m.s.f.DefaultMavenResourcesFiltering - Copying 0 resource from src\main\resources to target\classes
2025-03-26 15:06:24,730 [Worker-17: Building] INFO  o.a.m.s.f.DefaultMavenResourcesFiltering - Copying 1 resource from src\main\resources to target\classes
2025-03-26 15:06:24,734 [Worker-17: Building] INFO  o.a.m.s.f.DefaultMavenResourcesFiltering - skip non existing resourceDirectory C:\ShopmeEcommerce\ShopmeProject\ShopmeWebParent\ShopmeBackEnd\src\test\resources
2025-03-26 15:06:38,713 [Worker-18: Building] INFO  o.a.m.s.f.DefaultMavenResourcesFiltering - Copying 0 resource from src\main\resources to target\classes
2025-03-26 15:06:38,714 [Worker-18: Building] INFO  o.a.m.s.f.DefaultMavenResourcesFiltering - Copying 1 resource from src\main\resources to target\classes
2025-03-26 15:06:38,721 [Worker-18: Building] INFO  o.a.m.s.f.DefaultMavenResourcesFiltering - skip non existing resourceDirectory C:\ShopmeEcommerce\ShopmeProject\ShopmeWebParent\ShopmeBackEnd\src\test\resources
2025-03-26 15:06:46,854 [Worker-15: Building] INFO  o.a.m.s.f.DefaultMavenResourcesFiltering - Copying 0 resource from src\main\resources to target\classes
2025-03-26 15:06:46,857 [Worker-15: Building] INFO  o.a.m.s.f.DefaultMavenResourcesFiltering - Copying 1 resource from src\main\resources to target\classes
2025-03-26 15:06:46,864 [Worker-15: Building] INFO  o.a.m.s.f.DefaultMavenResourcesFiltering - skip non existing resourceDirectory C:\ShopmeEcommerce\ShopmeProject\ShopmeWebParent\ShopmeBackEnd\src\test\resources
2025-03-26 15:07:58,717 [Worker-3: Building] INFO  o.a.m.s.f.DefaultMavenResourcesFiltering - Copying 1 resource from src\main\resources to target\classes
2025-03-26 15:07:58,725 [Worker-3: Building] INFO  o.a.m.s.f.DefaultMavenResourcesFiltering - Copying 4 resources from src\main\resources to target\classes
2025-03-26 15:07:58,730 [Worker-3: Building] INFO  o.a.m.s.f.DefaultMavenResourcesFiltering - skip non existing resourceDirectory C:\ShopmeEcommerce\ShopmeProject\ShopmeWebParent\ShopmeBackEnd\src\test\resources
2025-03-26 15:08:28,103 [Worker-15: Building] INFO  o.a.m.s.f.DefaultMavenResourcesFiltering - Copying 0 resource from src\main\resources to target\classes
2025-03-26 15:08:28,106 [Worker-15: Building] INFO  o.a.m.s.f.DefaultMavenResourcesFiltering - Copying 1 resource from src\main\resources to target\classes
2025-03-26 15:08:28,112 [Worker-15: Building] INFO  o.a.m.s.f.DefaultMavenResourcesFiltering - skip non existing resourceDirectory C:\ShopmeEcommerce\ShopmeProject\ShopmeWebParent\ShopmeBackEnd\src\test\resources
2025-03-26 15:08:53,030 [Worker-3: Building] INFO  o.a.m.s.f.DefaultMavenResourcesFiltering - Copying 0 resource from src\main\resources to target\classes
2025-03-26 15:08:53,032 [Worker-3: Building] INFO  o.a.m.s.f.DefaultMavenResourcesFiltering - Copying 1 resource from src\main\resources to target\classes
2025-03-26 15:08:53,038 [Worker-3: Building] INFO  o.a.m.s.f.DefaultMavenResourcesFiltering - skip non existing resourceDirectory C:\ShopmeEcommerce\ShopmeProject\ShopmeWebParent\ShopmeBackEnd\src\test\resources
2025-03-26 15:09:02,337 [Worker-19: Building] INFO  o.a.m.s.f.DefaultMavenResourcesFiltering - Copying 0 resource from src\main\resources to target\classes
2025-03-26 15:09:02,339 [Worker-19: Building] INFO  o.a.m.s.f.DefaultMavenResourcesFiltering - Copying 1 resource from src\main\resources to target\classes
2025-03-26 15:09:02,345 [Worker-19: Building] INFO  o.a.m.s.f.DefaultMavenResourcesFiltering - skip non existing resourceDirectory C:\ShopmeEcommerce\ShopmeProject\ShopmeWebParent\ShopmeBackEnd\src\test\resources
2025-03-26 15:09:29,152 [Worker-16: Building] INFO  o.a.m.s.f.DefaultMavenResourcesFiltering - Copying 0 resource from src\main\resources to target\classes
2025-03-26 15:09:29,153 [Worker-16: Building] INFO  o.a.m.s.f.DefaultMavenResourcesFiltering - Copying 1 resource from src\main\resources to target\classes
2025-03-26 15:09:29,161 [Worker-16: Building] INFO  o.a.m.s.f.DefaultMavenResourcesFiltering - skip non existing resourceDirectory C:\ShopmeEcommerce\ShopmeProject\ShopmeWebParent\ShopmeBackEnd\src\test\resources
2025-03-26 15:09:35,771 [Worker-17: Building] INFO  o.a.m.s.f.DefaultMavenResourcesFiltering - Copying 0 resource from src\main\resources to target\classes
2025-03-26 15:09:35,773 [Worker-17: Building] INFO  o.a.m.s.f.DefaultMavenResourcesFiltering - Copying 1 resource from src\main\resources to target\classes
2025-03-26 15:09:35,779 [Worker-17: Building] INFO  o.a.m.s.f.DefaultMavenResourcesFiltering - skip non existing resourceDirectory C:\ShopmeEcommerce\ShopmeProject\ShopmeWebParent\ShopmeBackEnd\src\test\resources
2025-03-26 15:10:32,701 [Worker-16: Building] INFO  o.a.m.s.f.DefaultMavenResourcesFiltering - Copying 1 resource from src\main\resources to target\classes
2025-03-26 15:10:32,714 [Worker-16: Building] INFO  o.a.m.s.f.DefaultMavenResourcesFiltering - Copying 4 resources from src\main\resources to target\classes
2025-03-26 15:10:32,724 [Worker-16: Building] INFO  o.a.m.s.f.DefaultMavenResourcesFiltering - skip non existing resourceDirectory C:\ShopmeEcommerce\ShopmeProject\ShopmeWebParent\ShopmeBackEnd\src\test\resources
2025-03-26 15:12:23,961 [Worker-15: Building] INFO  o.a.m.s.f.DefaultMavenResourcesFiltering - Copying 1 resource from src\main\resources to target\classes
2025-03-26 15:12:23,974 [Worker-15: Building] INFO  o.a.m.s.f.DefaultMavenResourcesFiltering - Copying 4 resources from src\main\resources to target\classes
2025-03-26 15:12:23,979 [Worker-15: Building] INFO  o.a.m.s.f.DefaultMavenResourcesFiltering - skip non existing resourceDirectory C:\ShopmeEcommerce\ShopmeProject\ShopmeWebParent\ShopmeBackEnd\src\test\resources
2025-03-26 15:12:42,461 [Worker-15: Building] INFO  o.a.m.s.f.DefaultMavenResourcesFiltering - Copying 1 resource from src\main\resources to target\classes
2025-03-26 15:12:42,470 [Worker-15: Building] INFO  o.a.m.s.f.DefaultMavenResourcesFiltering - Copying 4 resources from src\main\resources to target\classes
2025-03-26 15:12:42,477 [Worker-15: Building] INFO  o.a.m.s.f.DefaultMavenResourcesFiltering - skip non existing resourceDirectory C:\ShopmeEcommerce\ShopmeProject\ShopmeWebParent\ShopmeBackEnd\src\test\resources
2025-03-26 15:13:14,847 [Worker-17: Building] INFO  o.a.m.s.f.DefaultMavenResourcesFiltering - Copying 1 resource from src\main\resources to target\classes
2025-03-26 15:13:14,859 [Worker-17: Building] INFO  o.a.m.s.f.DefaultMavenResourcesFiltering - Copying 4 resources from src\main\resources to target\classes
2025-03-26 15:13:14,867 [Worker-17: Building] INFO  o.a.m.s.f.DefaultMavenResourcesFiltering - skip non existing resourceDirectory C:\ShopmeEcommerce\ShopmeProject\ShopmeWebParent\ShopmeBackEnd\src\test\resources
2025-03-26 15:15:04,566 [Worker-20: Building] INFO  o.a.m.s.f.DefaultMavenResourcesFiltering - Copying 0 resource from src\main\resources to target\classes
2025-03-26 15:15:04,568 [Worker-20: Building] INFO  o.a.m.s.f.DefaultMavenResourcesFiltering - Copying 1 resource from src\main\resources to target\classes
2025-03-26 15:15:04,574 [Worker-20: Building] INFO  o.a.m.s.f.DefaultMavenResourcesFiltering - skip non existing resourceDirectory C:\ShopmeEcommerce\ShopmeProject\ShopmeWebParent\ShopmeBackEnd\src\test\resources
2025-03-26 15:16:47,548 [Worker-19: Building] INFO  o.a.m.s.f.DefaultMavenResourcesFiltering - Copying 0 resource from src\main\resources to target\classes
2025-03-26 15:16:47,550 [Worker-19: Building] INFO  o.a.m.s.f.DefaultMavenResourcesFiltering - Copying 1 resource from src\main\resources to target\classes
2025-03-26 15:16:47,556 [Worker-19: Building] INFO  o.a.m.s.f.DefaultMavenResourcesFiltering - skip non existing resourceDirectory C:\ShopmeEcommerce\ShopmeProject\ShopmeWebParent\ShopmeBackEnd\src\test\resources
2025-03-26 15:21:52,314 [Worker-20: Building] INFO  o.a.m.s.f.DefaultMavenResourcesFiltering - Copying 1 resource from src\main\resources to target\classes
2025-03-26 15:21:52,328 [Worker-20: Building] INFO  o.a.m.s.f.DefaultMavenResourcesFiltering - Copying 4 resources from src\main\resources to target\classes
2025-03-26 15:21:52,338 [Worker-20: Building] INFO  o.a.m.s.f.DefaultMavenResourcesFiltering - skip non existing resourceDirectory C:\ShopmeEcommerce\ShopmeProject\ShopmeWebParent\ShopmeBackEnd\src\test\resources
2025-03-26 15:21:59,263 [Worker-16: Building] INFO  o.a.m.s.f.DefaultMavenResourcesFiltering - Copying 1 resource from src\main\resources to target\classes
2025-03-26 15:21:59,270 [Worker-16: Building] INFO  o.a.m.s.f.DefaultMavenResourcesFiltering - Copying 4 resources from src\main\resources to target\classes
2025-03-26 15:21:59,275 [Worker-16: Building] INFO  o.a.m.s.f.DefaultMavenResourcesFiltering - skip non existing resourceDirectory C:\ShopmeEcommerce\ShopmeProject\ShopmeWebParent\ShopmeBackEnd\src\test\resources
2025-03-26 15:22:35,729 [Worker-3: Building] INFO  o.a.m.s.f.DefaultMavenResourcesFiltering - Copying 1 resource from src\main\resources to target\classes
2025-03-26 15:22:35,736 [Worker-3: Building] INFO  o.a.m.s.f.DefaultMavenResourcesFiltering - Copying 4 resources from src\main\resources to target\classes
2025-03-26 15:22:35,741 [Worker-3: Building] INFO  o.a.m.s.f.DefaultMavenResourcesFiltering - skip non existing resourceDirectory C:\ShopmeEcommerce\ShopmeProject\ShopmeWebParent\ShopmeBackEnd\src\test\resources
2025-03-26 15:23:20,277 [Worker-3: Building] INFO  o.a.m.s.f.DefaultMavenResourcesFiltering - Copying 1 resource from src\main\resources to target\classes
2025-03-26 15:23:20,285 [Worker-3: Building] INFO  o.a.m.s.f.DefaultMavenResourcesFiltering - Copying 4 resources from src\main\resources to target\classes
2025-03-26 15:23:20,290 [Worker-3: Building] INFO  o.a.m.s.f.DefaultMavenResourcesFiltering - skip non existing resourceDirectory C:\ShopmeEcommerce\ShopmeProject\ShopmeWebParent\ShopmeBackEnd\src\test\resources
2025-03-26 15:25:52,115 [Worker-19: Building] INFO  o.a.m.s.f.DefaultMavenResourcesFiltering - Copying 0 resource from src\main\resources to target\classes
2025-03-26 15:25:52,117 [Worker-19: Building] INFO  o.a.m.s.f.DefaultMavenResourcesFiltering - Copying 1 resource from src\main\resources to target\classes
2025-03-26 15:25:52,123 [Worker-19: Building] INFO  o.a.m.s.f.DefaultMavenResourcesFiltering - skip non existing resourceDirectory C:\ShopmeEcommerce\ShopmeProject\ShopmeWebParent\ShopmeBackEnd\src\test\resources
2025-03-26 15:27:31,345 [Worker-3: Building] INFO  o.a.m.s.f.DefaultMavenResourcesFiltering - Copying 0 resource from src\main\resources to target\classes
2025-03-26 15:27:31,347 [Worker-3: Building] INFO  o.a.m.s.f.DefaultMavenResourcesFiltering - Copying 1 resource from src\main\resources to target\classes
2025-03-26 15:27:31,353 [Worker-3: Building] INFO  o.a.m.s.f.DefaultMavenResourcesFiltering - skip non existing resourceDirectory C:\ShopmeEcommerce\ShopmeProject\ShopmeWebParent\ShopmeBackEnd\src\test\resources
2025-03-26 15:29:17,908 [Worker-17: Building] INFO  o.a.m.s.f.DefaultMavenResourcesFiltering - Copying 0 resource from src\main\resources to target\classes
2025-03-26 15:29:17,910 [Worker-17: Building] INFO  o.a.m.s.f.DefaultMavenResourcesFiltering - Copying 1 resource from src\main\resources to target\classes
2025-03-26 15:29:17,918 [Worker-17: Building] INFO  o.a.m.s.f.DefaultMavenResourcesFiltering - skip non existing resourceDirectory C:\ShopmeEcommerce\ShopmeProject\ShopmeWebParent\ShopmeBackEnd\src\test\resources
2025-03-26 15:29:27,252 [Worker-18: Building] INFO  o.a.m.s.f.DefaultMavenResourcesFiltering - Copying 0 resource from src\main\resources to target\classes
2025-03-26 15:29:27,253 [Worker-18: Building] INFO  o.a.m.s.f.DefaultMavenResourcesFiltering - Copying 1 resource from src\main\resources to target\classes
2025-03-26 15:29:27,258 [Worker-18: Building] INFO  o.a.m.s.f.DefaultMavenResourcesFiltering - skip non existing resourceDirectory C:\ShopmeEcommerce\ShopmeProject\ShopmeWebParent\ShopmeBackEnd\src\test\resources
2025-03-26 15:29:37,771 [Worker-19: Building] INFO  o.a.m.s.f.DefaultMavenResourcesFiltering - Copying 0 resource from src\main\resources to target\classes
2025-03-26 15:29:37,773 [Worker-19: Building] INFO  o.a.m.s.f.DefaultMavenResourcesFiltering - Copying 1 resource from src\main\resources to target\classes
2025-03-26 15:29:37,778 [Worker-19: Building] INFO  o.a.m.s.f.DefaultMavenResourcesFiltering - skip non existing resourceDirectory C:\ShopmeEcommerce\ShopmeProject\ShopmeWebParent\ShopmeBackEnd\src\test\resources
2025-03-26 15:30:24,084 [Worker-3: Building] INFO  o.a.m.s.f.DefaultMavenResourcesFiltering - Copying 0 resource from src\main\resources to target\classes
2025-03-26 15:30:24,088 [Worker-3: Building] INFO  o.a.m.s.f.DefaultMavenResourcesFiltering - Copying 1 resource from src\main\resources to target\classes
2025-03-26 15:30:24,095 [Worker-3: Building] INFO  o.a.m.s.f.DefaultMavenResourcesFiltering - skip non existing resourceDirectory C:\ShopmeEcommerce\ShopmeProject\ShopmeWebParent\ShopmeBackEnd\src\test\resources
2025-03-26 15:31:00,592 [Worker-15: Building] INFO  o.a.m.s.f.DefaultMavenResourcesFiltering - Copying 0 resource from src\main\resources to target\classes
2025-03-26 15:31:00,593 [Worker-15: Building] INFO  o.a.m.s.f.DefaultMavenResourcesFiltering - Copying 1 resource from src\main\resources to target\classes
2025-03-26 15:31:00,598 [Worker-15: Building] INFO  o.a.m.s.f.DefaultMavenResourcesFiltering - skip non existing resourceDirectory C:\ShopmeEcommerce\ShopmeProject\ShopmeWebParent\ShopmeBackEnd\src\test\resources
2025-03-26 15:32:21,242 [Worker-20: Building] INFO  o.a.m.s.f.DefaultMavenResourcesFiltering - Copying 0 resource from src\main\resources to target\classes
2025-03-26 15:32:21,244 [Worker-20: Building] INFO  o.a.m.s.f.DefaultMavenResourcesFiltering - Copying 1 resource from src\main\resources to target\classes
2025-03-26 15:32:21,250 [Worker-20: Building] INFO  o.a.m.s.f.DefaultMavenResourcesFiltering - skip non existing resourceDirectory C:\ShopmeEcommerce\ShopmeProject\ShopmeWebParent\ShopmeBackEnd\src\test\resources
2025-03-26 15:32:41,829 [Worker-3: Building] INFO  o.a.m.s.f.DefaultMavenResourcesFiltering - Copying 0 resource from src\main\resources to target\classes
2025-03-26 15:32:41,831 [Worker-3: Building] INFO  o.a.m.s.f.DefaultMavenResourcesFiltering - Copying 1 resource from src\main\resources to target\classes
2025-03-26 15:32:41,837 [Worker-3: Building] INFO  o.a.m.s.f.DefaultMavenResourcesFiltering - skip non existing resourceDirectory C:\ShopmeEcommerce\ShopmeProject\ShopmeWebParent\ShopmeBackEnd\src\test\resources
2025-03-26 15:32:54,919 [Worker-3: Building] INFO  o.a.m.s.f.DefaultMavenResourcesFiltering - Copying 0 resource from src\main\resources to target\classes
2025-03-26 15:32:54,921 [Worker-3: Building] INFO  o.a.m.s.f.DefaultMavenResourcesFiltering - Copying 1 resource from src\main\resources to target\classes
2025-03-26 15:32:54,926 [Worker-3: Building] INFO  o.a.m.s.f.DefaultMavenResourcesFiltering - skip non existing resourceDirectory C:\ShopmeEcommerce\ShopmeProject\ShopmeWebParent\ShopmeBackEnd\src\test\resources
2025-03-26 15:33:20,322 [Worker-19: Building] INFO  o.a.m.s.f.DefaultMavenResourcesFiltering - Copying 0 resource from src\main\resources to target\classes
2025-03-26 15:33:20,324 [Worker-19: Building] INFO  o.a.m.s.f.DefaultMavenResourcesFiltering - Copying 1 resource from src\main\resources to target\classes
2025-03-26 15:33:20,329 [Worker-19: Building] INFO  o.a.m.s.f.DefaultMavenResourcesFiltering - skip non existing resourceDirectory C:\ShopmeEcommerce\ShopmeProject\ShopmeWebParent\ShopmeBackEnd\src\test\resources
2025-03-26 15:35:46,637 [Worker-13: Building] INFO  o.a.m.s.f.DefaultMavenResourcesFiltering - Copying 0 resource from src\main\resources to target\classes
2025-03-26 15:35:46,639 [Worker-13: Building] INFO  o.a.m.s.f.DefaultMavenResourcesFiltering - Copying 1 resource from src\main\resources to target\classes
2025-03-26 15:35:46,645 [Worker-13: Building] INFO  o.a.m.s.f.DefaultMavenResourcesFiltering - skip non existing resourceDirectory C:\ShopmeEcommerce\ShopmeProject\ShopmeWebParent\ShopmeBackEnd\src\test\resources
2025-03-26 15:36:27,064 [Worker-19: Building] INFO  o.a.m.s.f.DefaultMavenResourcesFiltering - Copying 0 resource from src\main\resources to target\classes
2025-03-26 15:36:27,065 [Worker-19: Building] INFO  o.a.m.s.f.DefaultMavenResourcesFiltering - Copying 1 resource from src\main\resources to target\classes
2025-03-26 15:36:27,069 [Worker-19: Building] INFO  o.a.m.s.f.DefaultMavenResourcesFiltering - skip non existing resourceDirectory C:\ShopmeEcommerce\ShopmeProject\ShopmeWebParent\ShopmeBackEnd\src\test\resources
2025-03-26 15:36:32,374 [Worker-15: Building] INFO  o.a.m.s.f.DefaultMavenResourcesFiltering - Copying 0 resource from src\main\resources to target\classes
2025-03-26 15:36:32,376 [Worker-15: Building] INFO  o.a.m.s.f.DefaultMavenResourcesFiltering - Copying 1 resource from src\main\resources to target\classes
2025-03-26 15:36:32,381 [Worker-15: Building] INFO  o.a.m.s.f.DefaultMavenResourcesFiltering - skip non existing resourceDirectory C:\ShopmeEcommerce\ShopmeProject\ShopmeWebParent\ShopmeBackEnd\src\test\resources
2025-03-26 15:37:06,363 [Worker-17: Building] INFO  o.a.m.s.f.DefaultMavenResourcesFiltering - Copying 1 resource from src\main\resources to target\classes
2025-03-26 15:37:06,375 [Worker-17: Building] INFO  o.a.m.s.f.DefaultMavenResourcesFiltering - Copying 4 resources from src\main\resources to target\classes
2025-03-26 15:37:06,379 [Worker-17: Building] INFO  o.a.m.s.f.DefaultMavenResourcesFiltering - skip non existing resourceDirectory C:\ShopmeEcommerce\ShopmeProject\ShopmeWebParent\ShopmeBackEnd\src\test\resources
2025-03-26 15:38:00,005 [Worker-20: Building] INFO  o.a.m.s.f.DefaultMavenResourcesFiltering - Copying 1 resource from src\main\resources to target\classes
2025-03-26 15:38:00,013 [Worker-20: Building] INFO  o.a.m.s.f.DefaultMavenResourcesFiltering - Copying 4 resources from src\main\resources to target\classes
2025-03-26 15:38:00,017 [Worker-20: Building] INFO  o.a.m.s.f.DefaultMavenResourcesFiltering - skip non existing resourceDirectory C:\ShopmeEcommerce\ShopmeProject\ShopmeWebParent\ShopmeBackEnd\src\test\resources
2025-03-26 15:38:08,214 [Worker-20: Building] INFO  o.a.m.s.f.DefaultMavenResourcesFiltering - Copying 1 resource from src\main\resources to target\classes
2025-03-26 15:38:08,232 [Worker-20: Building] INFO  o.a.m.s.f.DefaultMavenResourcesFiltering - Copying 4 resources from src\main\resources to target\classes
2025-03-26 15:38:08,237 [Worker-20: Building] INFO  o.a.m.s.f.DefaultMavenResourcesFiltering - skip non existing resourceDirectory C:\ShopmeEcommerce\ShopmeProject\ShopmeWebParent\ShopmeBackEnd\src\test\resources
2025-03-26 15:40:48,289 [Worker-16: Building] INFO  o.a.m.s.f.DefaultMavenResourcesFiltering - Copying 1 resource from src\main\resources to target\classes
2025-03-26 15:40:48,303 [Worker-16: Building] INFO  o.a.m.s.f.DefaultMavenResourcesFiltering - Copying 4 resources from src\main\resources to target\classes
2025-03-26 15:40:48,308 [Worker-16: Building] INFO  o.a.m.s.f.DefaultMavenResourcesFiltering - skip non existing resourceDirectory C:\ShopmeEcommerce\ShopmeProject\ShopmeWebParent\ShopmeBackEnd\src\test\resources
2025-03-26 15:41:00,138 [Worker-20: Building] INFO  o.a.m.s.f.DefaultMavenResourcesFiltering - Copying 1 resource from src\main\resources to target\classes
2025-03-26 15:41:00,148 [Worker-20: Building] INFO  o.a.m.s.f.DefaultMavenResourcesFiltering - Copying 4 resources from src\main\resources to target\classes
2025-03-26 15:41:00,153 [Worker-20: Building] INFO  o.a.m.s.f.DefaultMavenResourcesFiltering - skip non existing resourceDirectory C:\ShopmeEcommerce\ShopmeProject\ShopmeWebParent\ShopmeBackEnd\src\test\resources
2025-03-26 15:42:03,509 [Worker-15: Building] INFO  o.a.m.s.f.DefaultMavenResourcesFiltering - Copying 0 resource from src\main\resources to target\classes
2025-03-26 15:42:03,511 [Worker-15: Building] INFO  o.a.m.s.f.DefaultMavenResourcesFiltering - Copying 1 resource from src\main\resources to target\classes
2025-03-26 15:42:03,517 [Worker-15: Building] INFO  o.a.m.s.f.DefaultMavenResourcesFiltering - skip non existing resourceDirectory C:\ShopmeEcommerce\ShopmeProject\ShopmeWebParent\ShopmeBackEnd\src\test\resources
2025-03-26 15:44:28,547 [Worker-3: Building] INFO  o.a.m.s.f.DefaultMavenResourcesFiltering - Copying 0 resource from src\main\resources to target\classes
2025-03-26 15:44:28,550 [Worker-3: Building] INFO  o.a.m.s.f.DefaultMavenResourcesFiltering - Copying 0 resource from src\main\resources to target\classes
2025-03-26 15:44:28,556 [Worker-3: Building] INFO  o.a.m.s.f.DefaultMavenResourcesFiltering - skip non existing resourceDirectory C:\ShopmeEcommerce\ShopmeProject\ShopmeWebParent\ShopmeBackEnd\src\test\resources
2025-03-26 15:45:31,031 [Worker-13: Launching ShopmeBackEnd - ShopmeBackEndApplication] INFO  o.e.m.c.i.p.WorkspaceClassifierResolverManager - Resolving P/ShopmeCommon: com.example:ShopmeCommon:0.0.1-SNAPSHOT with classifier null to /ShopmeCommon/target/classes
2025-03-26 15:45:31,171 [Worker-13: Launching ShopmeBackEnd - ShopmeBackEndApplication] INFO  o.e.m.c.i.p.WorkspaceClassifierResolverManager - Resolving P/ShopmeCommon: com.example:ShopmeCommon:0.0.1-SNAPSHOT with classifier null to /ShopmeCommon/target/classes
2025-03-26 15:45:31,289 [Worker-13: Launching ShopmeBackEnd - ShopmeBackEndApplication] INFO  o.e.m.c.i.p.WorkspaceClassifierResolverManager - Resolving P/ShopmeCommon: com.example:ShopmeCommon:0.0.1-SNAPSHOT with classifier null to /ShopmeCommon/target/classes
2025-03-26 15:49:44,453 [Worker-3: Building] INFO  o.a.m.s.f.DefaultMavenResourcesFiltering - Copying 0 resource from src\main\resources to target\classes
2025-03-26 15:49:44,455 [Worker-3: Building] INFO  o.a.m.s.f.DefaultMavenResourcesFiltering - Copying 0 resource from src\main\resources to target\classes
2025-03-26 15:49:44,458 [Worker-3: Building] INFO  o.a.m.s.f.DefaultMavenResourcesFiltering - skip non existing resourceDirectory C:\ShopmeEcommerce\ShopmeProject\ShopmeWebParent\ShopmeBackEnd\src\test\resources
2025-03-26 15:50:26,628 [Worker-16: Building] INFO  o.a.m.s.f.DefaultMavenResourcesFiltering - Copying 0 resource from src\main\resources to target\classes
2025-03-26 15:50:26,630 [Worker-16: Building] INFO  o.a.m.s.f.DefaultMavenResourcesFiltering - Copying 0 resource from src\main\resources to target\classes
2025-03-26 15:50:26,636 [Worker-16: Building] INFO  o.a.m.s.f.DefaultMavenResourcesFiltering - skip non existing resourceDirectory C:\ShopmeEcommerce\ShopmeProject\ShopmeWebParent\ShopmeBackEnd\src\test\resources
2025-03-26 15:50:42,612 [Worker-18: Building] INFO  o.a.m.s.f.DefaultMavenResourcesFiltering - Copying 0 resource from src\main\resources to target\classes
2025-03-26 15:50:42,613 [Worker-18: Building] INFO  o.a.m.s.f.DefaultMavenResourcesFiltering - Copying 0 resource from src\main\resources to target\classes
2025-03-26 15:50:42,615 [Worker-18: Building] INFO  o.a.m.s.f.DefaultMavenResourcesFiltering - skip non existing resourceDirectory C:\ShopmeEcommerce\ShopmeProject\ShopmeWebParent\ShopmeBackEnd\src\test\resources
2025-03-26 15:56:10,572 [Worker-19: Launching RoleRepositoryTest.testCreateFirstRole] INFO  o.e.m.c.i.p.WorkspaceClassifierResolverManager - Resolving P/ShopmeCommon: com.example:ShopmeCommon:0.0.1-SNAPSHOT with classifier null to /ShopmeCommon/target/classes
2025-03-26 15:56:10,722 [Worker-19: Launching RoleRepositoryTest.testCreateFirstRole] INFO  o.e.m.c.i.p.WorkspaceClassifierResolverManager - Resolving P/ShopmeCommon: com.example:ShopmeCommon:0.0.1-SNAPSHOT with classifier null to /ShopmeCommon/target/classes
2025-03-26 15:56:10,882 [Worker-19: Launching RoleRepositoryTest.testCreateFirstRole] INFO  o.e.m.c.i.p.WorkspaceClassifierResolverManager - Resolving P/ShopmeCommon: com.example:ShopmeCommon:0.0.1-SNAPSHOT with classifier null to /ShopmeCommon/target/classes
2025-03-26 15:56:51,462 [Worker-19: Launching RoleRepositoryTest.testCreateRestRoles] INFO  o.e.m.c.i.p.WorkspaceClassifierResolverManager - Resolving P/ShopmeCommon: com.example:ShopmeCommon:0.0.1-SNAPSHOT with classifier null to /ShopmeCommon/target/classes
2025-03-26 15:56:51,652 [Worker-19: Launching RoleRepositoryTest.testCreateRestRoles] INFO  o.e.m.c.i.p.WorkspaceClassifierResolverManager - Resolving P/ShopmeCommon: com.example:ShopmeCommon:0.0.1-SNAPSHOT with classifier null to /ShopmeCommon/target/classes
2025-03-26 15:56:51,801 [Worker-19: Launching RoleRepositoryTest.testCreateRestRoles] INFO  o.e.m.c.i.p.WorkspaceClassifierResolverManager - Resolving P/ShopmeCommon: com.example:ShopmeCommon:0.0.1-SNAPSHOT with classifier null to /ShopmeCommon/target/classes
2025-03-26 15:57:25,002 [main] INFO  o.e.m.jdt.internal.UnitTestSupport - Updating UserRepositoryTest.testCreateNewUserWithOneRole from maven configuration
2025-03-26 15:57:26,974 [Worker-16: Launching UserRepositoryTest.testCreateNewUserWithOneRole] INFO  o.e.m.c.i.p.WorkspaceClassifierResolverManager - Resolving P/ShopmeCommon: com.example:ShopmeCommon:0.0.1-SNAPSHOT with classifier null to /ShopmeCommon/target/classes
2025-03-26 15:57:27,178 [Worker-16: Launching UserRepositoryTest.testCreateNewUserWithOneRole] INFO  o.e.m.c.i.p.WorkspaceClassifierResolverManager - Resolving P/ShopmeCommon: com.example:ShopmeCommon:0.0.1-SNAPSHOT with classifier null to /ShopmeCommon/target/classes
2025-03-26 15:57:27,340 [Worker-16: Launching UserRepositoryTest.testCreateNewUserWithOneRole] INFO  o.e.m.c.i.p.WorkspaceClassifierResolverManager - Resolving P/ShopmeCommon: com.example:ShopmeCommon:0.0.1-SNAPSHOT with classifier null to /ShopmeCommon/target/classes
2025-03-26 15:57:46,999 [Worker-3: Launching UserRepositoryTest.testCreateNewUserWithTwoRoles] INFO  o.e.m.c.i.p.WorkspaceClassifierResolverManager - Resolving P/ShopmeCommon: com.example:ShopmeCommon:0.0.1-SNAPSHOT with classifier null to /ShopmeCommon/target/classes
2025-03-26 15:57:47,170 [Worker-3: Launching UserRepositoryTest.testCreateNewUserWithTwoRoles] INFO  o.e.m.c.i.p.WorkspaceClassifierResolverManager - Resolving P/ShopmeCommon: com.example:ShopmeCommon:0.0.1-SNAPSHOT with classifier null to /ShopmeCommon/target/classes
2025-03-26 15:57:47,330 [Worker-3: Launching UserRepositoryTest.testCreateNewUserWithTwoRoles] INFO  o.e.m.c.i.p.WorkspaceClassifierResolverManager - Resolving P/ShopmeCommon: com.example:ShopmeCommon:0.0.1-SNAPSHOT with classifier null to /ShopmeCommon/target/classes
2025-03-26 16:00:05,394 [Worker-15: Building] INFO  o.a.m.s.f.DefaultMavenResourcesFiltering - Copying 0 resource from src\main\resources to target\classes
2025-03-26 16:00:05,398 [Worker-15: Building] INFO  o.a.m.s.f.DefaultMavenResourcesFiltering - Copying 1 resource from src\main\resources to target\classes
2025-03-26 16:00:05,405 [Worker-15: Building] INFO  o.a.m.s.f.DefaultMavenResourcesFiltering - skip non existing resourceDirectory C:\ShopmeEcommerce\ShopmeProject\ShopmeWebParent\ShopmeBackEnd\src\test\resources
2025-03-26 16:02:48,548 [Worker-15: Building] INFO  o.a.m.s.f.DefaultMavenResourcesFiltering - Copying 0 resource from src\main\resources to target\classes
2025-03-26 16:02:48,550 [Worker-15: Building] INFO  o.a.m.s.f.DefaultMavenResourcesFiltering - Copying 1 resource from src\main\resources to target\classes
2025-03-26 16:02:48,555 [Worker-15: Building] INFO  o.a.m.s.f.DefaultMavenResourcesFiltering - skip non existing resourceDirectory C:\ShopmeEcommerce\ShopmeProject\ShopmeWebParent\ShopmeBackEnd\src\test\resources
2025-03-26 16:03:03,419 [Worker-18: Building] INFO  o.a.m.s.f.DefaultMavenResourcesFiltering - Copying 0 resource from src\main\resources to target\classes
2025-03-26 16:03:03,421 [Worker-18: Building] INFO  o.a.m.s.f.DefaultMavenResourcesFiltering - Copying 1 resource from src\main\resources to target\classes
2025-03-26 16:03:03,427 [Worker-18: Building] INFO  o.a.m.s.f.DefaultMavenResourcesFiltering - skip non existing resourceDirectory C:\ShopmeEcommerce\ShopmeProject\ShopmeWebParent\ShopmeBackEnd\src\test\resources
2025-03-26 16:03:10,828 [Worker-3: Building] INFO  o.a.m.s.f.DefaultMavenResourcesFiltering - Copying 0 resource from src\main\resources to target\classes
2025-03-26 16:03:10,829 [Worker-3: Building] INFO  o.a.m.s.f.DefaultMavenResourcesFiltering - Copying 1 resource from src\main\resources to target\classes
2025-03-26 16:03:10,835 [Worker-3: Building] INFO  o.a.m.s.f.DefaultMavenResourcesFiltering - skip non existing resourceDirectory C:\ShopmeEcommerce\ShopmeProject\ShopmeWebParent\ShopmeBackEnd\src\test\resources
2025-03-26 16:05:34,955 [Worker-7: Building] INFO  o.a.m.s.f.DefaultMavenResourcesFiltering - Copying 0 resource from src\main\resources to target\classes
2025-03-26 16:05:34,958 [Worker-7: Building] INFO  o.a.m.s.f.DefaultMavenResourcesFiltering - Copying 1 resource from src\main\resources to target\classes
2025-03-26 16:05:34,963 [Worker-7: Building] INFO  o.a.m.s.f.DefaultMavenResourcesFiltering - skip non existing resourceDirectory C:\ShopmeEcommerce\ShopmeProject\ShopmeWebParent\ShopmeBackEnd\src\test\resources
2025-03-26 16:05:40,302 [Worker-17: Launching ShopmeBackEnd - ShopmeBackEndApplication] INFO  o.e.m.c.i.p.WorkspaceClassifierResolverManager - Resolving P/ShopmeCommon: com.example:ShopmeCommon:0.0.1-SNAPSHOT with classifier null to /ShopmeCommon/target/classes
2025-03-26 16:05:40,430 [Worker-17: Launching ShopmeBackEnd - ShopmeBackEndApplication] INFO  o.e.m.c.i.p.WorkspaceClassifierResolverManager - Resolving P/ShopmeCommon: com.example:ShopmeCommon:0.0.1-SNAPSHOT with classifier null to /ShopmeCommon/target/classes
2025-03-26 16:05:40,537 [Worker-17: Launching ShopmeBackEnd - ShopmeBackEndApplication] INFO  o.e.m.c.i.p.WorkspaceClassifierResolverManager - Resolving P/ShopmeCommon: com.example:ShopmeCommon:0.0.1-SNAPSHOT with classifier null to /ShopmeCommon/target/classes
2025-03-26 16:07:28,956 [Worker-15: Building] INFO  o.a.m.s.f.DefaultMavenResourcesFiltering - Copying 0 resource from src\main\resources to target\classes
2025-03-26 16:07:28,960 [Worker-15: Building] INFO  o.a.m.s.f.DefaultMavenResourcesFiltering - Copying 1 resource from src\main\resources to target\classes
2025-03-26 16:07:28,965 [Worker-15: Building] INFO  o.a.m.s.f.DefaultMavenResourcesFiltering - skip non existing resourceDirectory C:\ShopmeEcommerce\ShopmeProject\ShopmeWebParent\ShopmeBackEnd\src\test\resources
2025-03-26 16:08:10,331 [Worker-19: Building] INFO  o.a.m.s.f.DefaultMavenResourcesFiltering - Copying 0 resource from src\main\resources to target\classes
2025-03-26 16:08:10,332 [Worker-19: Building] INFO  o.a.m.s.f.DefaultMavenResourcesFiltering - Copying 1 resource from src\main\resources to target\classes
2025-03-26 16:08:10,337 [Worker-19: Building] INFO  o.a.m.s.f.DefaultMavenResourcesFiltering - skip non existing resourceDirectory C:\ShopmeEcommerce\ShopmeProject\ShopmeWebParent\ShopmeBackEnd\src\test\resources
2025-03-26 16:09:24,399 [Worker-3: Building] INFO  o.a.m.s.f.DefaultMavenResourcesFiltering - Copying 0 resource from src\main\resources to target\classes
2025-03-26 16:09:24,400 [Worker-3: Building] INFO  o.a.m.s.f.DefaultMavenResourcesFiltering - Copying 1 resource from src\main\resources to target\classes
2025-03-26 16:09:24,405 [Worker-3: Building] INFO  o.a.m.s.f.DefaultMavenResourcesFiltering - skip non existing resourceDirectory C:\ShopmeEcommerce\ShopmeProject\ShopmeWebParent\ShopmeBackEnd\src\test\resources
2025-03-26 16:14:53,628 [Worker-13: Building] INFO  o.a.m.s.f.DefaultMavenResourcesFiltering - Copying 0 resource from src\main\resources to target\classes
2025-03-26 16:14:53,630 [Worker-13: Building] INFO  o.a.m.s.f.DefaultMavenResourcesFiltering - Copying 1 resource from src\main\resources to target\classes
2025-03-26 16:14:53,635 [Worker-13: Building] INFO  o.a.m.s.f.DefaultMavenResourcesFiltering - skip non existing resourceDirectory C:\ShopmeEcommerce\ShopmeProject\ShopmeWebParent\ShopmeBackEnd\src\test\resources
2025-03-26 16:15:03,952 [Worker-15: Launching ShopmeBackEnd - ShopmeBackEndApplication] INFO  o.e.m.c.i.p.WorkspaceClassifierResolverManager - Resolving P/ShopmeCommon: com.example:ShopmeCommon:0.0.1-SNAPSHOT with classifier null to /ShopmeCommon/target/classes
2025-03-26 16:15:04,150 [Worker-15: Launching ShopmeBackEnd - ShopmeBackEndApplication] INFO  o.e.m.c.i.p.WorkspaceClassifierResolverManager - Resolving P/ShopmeCommon: com.example:ShopmeCommon:0.0.1-SNAPSHOT with classifier null to /ShopmeCommon/target/classes
2025-03-26 16:15:04,261 [Worker-15: Launching ShopmeBackEnd - ShopmeBackEndApplication] INFO  o.e.m.c.i.p.WorkspaceClassifierResolverManager - Resolving P/ShopmeCommon: com.example:ShopmeCommon:0.0.1-SNAPSHOT with classifier null to /ShopmeCommon/target/classes
2025-03-26 16:16:01,987 [Worker-21: Building] INFO  o.a.m.s.f.DefaultMavenResourcesFiltering - Copying 0 resource from src\main\resources to target\classes
2025-03-26 16:16:01,990 [Worker-21: Building] INFO  o.a.m.s.f.DefaultMavenResourcesFiltering - Copying 1 resource from src\main\resources to target\classes
2025-03-26 16:16:02,002 [Worker-21: Building] INFO  o.a.m.s.f.DefaultMavenResourcesFiltering - skip non existing resourceDirectory C:\ShopmeEcommerce\ShopmeProject\ShopmeWebParent\ShopmeBackEnd\src\test\resources
2025-03-26 16:16:26,482 [Worker-7: Building] INFO  o.a.m.s.f.DefaultMavenResourcesFiltering - Copying 0 resource from src\main\resources to target\classes
2025-03-26 16:16:26,484 [Worker-7: Building] INFO  o.a.m.s.f.DefaultMavenResourcesFiltering - Copying 1 resource from src\main\resources to target\classes
2025-03-26 16:16:26,490 [Worker-7: Building] INFO  o.a.m.s.f.DefaultMavenResourcesFiltering - skip non existing resourceDirectory C:\ShopmeEcommerce\ShopmeProject\ShopmeWebParent\ShopmeBackEnd\src\test\resources
2025-03-26 16:17:02,836 [Worker-3: Building] INFO  o.a.m.s.f.DefaultMavenResourcesFiltering - Copying 0 resource from src\main\resources to target\classes
2025-03-26 16:17:02,837 [Worker-3: Building] INFO  o.a.m.s.f.DefaultMavenResourcesFiltering - Copying 1 resource from src\main\resources to target\classes
2025-03-26 16:17:02,843 [Worker-3: Building] INFO  o.a.m.s.f.DefaultMavenResourcesFiltering - skip non existing resourceDirectory C:\ShopmeEcommerce\ShopmeProject\ShopmeWebParent\ShopmeBackEnd\src\test\resources
2025-03-26 20:44:08,516 [Worker-24: Launching ShopmeBackEnd - ShopmeBackEndApplication] INFO  o.e.m.c.i.p.WorkspaceClassifierResolverManager - Resolving P/ShopmeCommon: com.example:ShopmeCommon:0.0.1-SNAPSHOT with classifier null to /ShopmeCommon/target/classes
2025-03-26 20:44:08,613 [Worker-24: Launching ShopmeBackEnd - ShopmeBackEndApplication] INFO  o.e.m.c.i.p.WorkspaceClassifierResolverManager - Resolving P/ShopmeCommon: com.example:ShopmeCommon:0.0.1-SNAPSHOT with classifier null to /ShopmeCommon/target/classes
2025-03-26 20:44:08,718 [Worker-24: Launching ShopmeBackEnd - ShopmeBackEndApplication] INFO  o.e.m.c.i.p.WorkspaceClassifierResolverManager - Resolving P/ShopmeCommon: com.example:ShopmeCommon:0.0.1-SNAPSHOT with classifier null to /ShopmeCommon/target/classes
2025-03-26 20:44:38,348 [Worker-25: Building] INFO  o.a.m.s.f.DefaultMavenResourcesFiltering - Copying 0 resource from src\main\resources to target\classes
2025-03-26 20:44:38,349 [Worker-25: Building] INFO  o.a.m.s.f.DefaultMavenResourcesFiltering - Copying 1 resource from src\main\resources to target\classes
2025-03-26 20:44:38,355 [Worker-25: Building] INFO  o.a.m.s.f.DefaultMavenResourcesFiltering - skip non existing resourceDirectory C:\ShopmeEcommerce\ShopmeProject\ShopmeWebParent\ShopmeBackEnd\src\test\resources
2025-03-26 20:44:54,026 [Worker-27: Building] INFO  o.a.m.s.f.DefaultMavenResourcesFiltering - Copying 0 resource from src\main\resources to target\classes
2025-03-26 20:44:54,028 [Worker-27: Building] INFO  o.a.m.s.f.DefaultMavenResourcesFiltering - Copying 1 resource from src\main\resources to target\classes
2025-03-26 20:44:54,032 [Worker-27: Building] INFO  o.a.m.s.f.DefaultMavenResourcesFiltering - skip non existing resourceDirectory C:\ShopmeEcommerce\ShopmeProject\ShopmeWebParent\ShopmeBackEnd\src\test\resources
2025-03-26 20:45:04,220 [Worker-25: Launching ShopmeBackEnd - ShopmeBackEndApplication] INFO  o.e.m.c.i.p.WorkspaceClassifierResolverManager - Resolving P/ShopmeCommon: com.example:ShopmeCommon:0.0.1-SNAPSHOT with classifier null to /ShopmeCommon/target/classes
2025-03-26 20:45:04,353 [Worker-25: Launching ShopmeBackEnd - ShopmeBackEndApplication] INFO  o.e.m.c.i.p.WorkspaceClassifierResolverManager - Resolving P/ShopmeCommon: com.example:ShopmeCommon:0.0.1-SNAPSHOT with classifier null to /ShopmeCommon/target/classes
2025-03-26 20:45:04,488 [Worker-25: Launching ShopmeBackEnd - ShopmeBackEndApplication] INFO  o.e.m.c.i.p.WorkspaceClassifierResolverManager - Resolving P/ShopmeCommon: com.example:ShopmeCommon:0.0.1-SNAPSHOT with classifier null to /ShopmeCommon/target/classes
2025-03-26 21:06:52,618 [Worker-25: Building] INFO  o.a.m.s.f.DefaultMavenResourcesFiltering - Copying 0 resource from src\main\resources to target\classes
2025-03-26 21:06:52,619 [Worker-25: Building] INFO  o.a.m.s.f.DefaultMavenResourcesFiltering - Copying 1 resource from src\main\resources to target\classes
2025-03-26 21:06:52,625 [Worker-25: Building] INFO  o.a.m.s.f.DefaultMavenResourcesFiltering - skip non existing resourceDirectory C:\ShopmeEcommerce\ShopmeProject\ShopmeWebParent\ShopmeBackEnd\src\test\resources
2025-03-26 21:17:33,005 [Worker-36: Building] INFO  o.e.m.c.i.l.LifecycleMappingFactory - Using NULL lifecycle mapping for MavenProject: com.shopme:ShopmeWebParent:0.0.1-SNAPSHOT @ C:\ShopmeEcommerce\ShopmeProject\ShopmeWebParent\pom.xml.
2025-03-26 21:17:34,232 [Worker-36: Building] INFO  o.e.m.c.i.e.AbstractTransferListenerAdapter - Downloading https://repo.maven.apache.org/maven2/org/springframework/boot/spring-boot-starter-security/3.4.3/spring-boot-starter-security-3.4.3.pom
2025-03-26 21:17:34,285 [Worker-36: Building] INFO  o.e.m.c.i.e.AbstractTransferListenerAdapter - Downloaded https://repo.maven.apache.org/maven2/org/springframework/boot/spring-boot-starter-security/3.4.3/spring-boot-starter-security-3.4.3.pom
2025-03-26 21:17:34,324 [Worker-36: Building] INFO  o.e.m.c.i.e.AbstractTransferListenerAdapter - Downloading https://repo.maven.apache.org/maven2/org/springframework/security/spring-security-config/6.4.3/spring-security-config-6.4.3.pom
2025-03-26 21:17:34,370 [Worker-36: Building] INFO  o.e.m.c.i.e.AbstractTransferListenerAdapter - Downloaded https://repo.maven.apache.org/maven2/org/springframework/security/spring-security-config/6.4.3/spring-security-config-6.4.3.pom
2025-03-26 21:17:34,407 [Worker-36: Building] INFO  o.e.m.c.i.e.AbstractTransferListenerAdapter - Downloading https://repo.maven.apache.org/maven2/org/springframework/security/spring-security-core/6.4.3/spring-security-core-6.4.3.pom
2025-03-26 21:17:34,455 [Worker-36: Building] INFO  o.e.m.c.i.e.AbstractTransferListenerAdapter - Downloaded https://repo.maven.apache.org/maven2/org/springframework/security/spring-security-core/6.4.3/spring-security-core-6.4.3.pom
2025-03-26 21:17:34,487 [Worker-36: Building] INFO  o.e.m.c.i.e.AbstractTransferListenerAdapter - Downloading https://repo.maven.apache.org/maven2/org/springframework/security/spring-security-crypto/6.4.3/spring-security-crypto-6.4.3.pom
2025-03-26 21:17:34,534 [Worker-36: Building] INFO  o.e.m.c.i.e.AbstractTransferListenerAdapter - Downloaded https://repo.maven.apache.org/maven2/org/springframework/security/spring-security-crypto/6.4.3/spring-security-crypto-6.4.3.pom
2025-03-26 21:17:34,573 [Worker-36: Building] INFO  o.e.m.c.i.e.AbstractTransferListenerAdapter - Downloading https://repo.maven.apache.org/maven2/org/springframework/security/spring-security-web/6.4.3/spring-security-web-6.4.3.pom
2025-03-26 21:17:34,603 [Worker-36: Building] INFO  o.e.m.c.i.e.AbstractTransferListenerAdapter - Downloaded https://repo.maven.apache.org/maven2/org/springframework/security/spring-security-web/6.4.3/spring-security-web-6.4.3.pom
2025-03-26 21:17:36,285 [Worker-36: Building] INFO  o.e.m.c.i.p.WorkspaceClassifierResolverManager - Resolving P/ShopmeCommon: com.example:ShopmeCommon:0.0.1-SNAPSHOT with classifier  to /ShopmeCommon/target/classes
2025-03-26 21:17:36,339 [Worker-36: Building] INFO  o.e.m.c.i.p.WorkspaceClassifierResolverManager - Resolving P/ShopmeCommon: com.example:ShopmeCommon:0.0.1-SNAPSHOT with classifier  to /ShopmeCommon/target/classes
2025-03-26 21:17:36,368 [Worker-36: Building] INFO  o.e.m.c.i.e.AbstractTransferListenerAdapter - Downloading https://repo.maven.apache.org/maven2/org/springframework/boot/spring-boot-starter-security/3.4.3/spring-boot-starter-security-3.4.3.jar
2025-03-26 21:17:36,441 [Worker-36: Building] INFO  o.e.m.c.i.e.AbstractTransferListenerAdapter - Downloaded https://repo.maven.apache.org/maven2/org/springframework/boot/spring-boot-starter-security/3.4.3/spring-boot-starter-security-3.4.3.jar
2025-03-26 21:17:36,470 [BasicRepositoryConnector-repo.maven.apache.org-0-1] INFO  o.e.m.c.i.e.AbstractTransferListenerAdapter - Downloading https://repo.maven.apache.org/maven2/org/springframework/security/spring-security-core/6.4.3/spring-security-core-6.4.3.jar
2025-03-26 21:17:36,515 [BasicRepositoryConnector-repo.maven.apache.org-0-3] INFO  o.e.m.c.i.e.AbstractTransferListenerAdapter - Downloading https://repo.maven.apache.org/maven2/org/springframework/security/spring-security-web/6.4.3/spring-security-web-6.4.3.jar
2025-03-26 21:17:36,525 [BasicRepositoryConnector-repo.maven.apache.org-0-2] INFO  o.e.m.c.i.e.AbstractTransferListenerAdapter - Downloading https://repo.maven.apache.org/maven2/org/springframework/security/spring-security-crypto/6.4.3/spring-security-crypto-6.4.3.jar
2025-03-26 21:17:36,526 [BasicRepositoryConnector-repo.maven.apache.org-0-0] INFO  o.e.m.c.i.e.AbstractTransferListenerAdapter - Downloading https://repo.maven.apache.org/maven2/org/springframework/security/spring-security-config/6.4.3/spring-security-config-6.4.3.jar
2025-03-26 21:17:36,599 [BasicRepositoryConnector-repo.maven.apache.org-0-1] INFO  o.e.m.c.i.e.AbstractTransferListenerAdapter - Downloaded https://repo.maven.apache.org/maven2/org/springframework/security/spring-security-core/6.4.3/spring-security-core-6.4.3.jar
2025-03-26 21:17:36,638 [BasicRepositoryConnector-repo.maven.apache.org-0-2] INFO  o.e.m.c.i.e.AbstractTransferListenerAdapter - Downloaded https://repo.maven.apache.org/maven2/org/springframework/security/spring-security-crypto/6.4.3/spring-security-crypto-6.4.3.jar
2025-03-26 21:17:37,019 [BasicRepositoryConnector-repo.maven.apache.org-0-3] INFO  o.e.m.c.i.e.AbstractTransferListenerAdapter - Downloaded https://repo.maven.apache.org/maven2/org/springframework/security/spring-security-web/6.4.3/spring-security-web-6.4.3.jar
2025-03-26 21:17:37,319 [BasicRepositoryConnector-repo.maven.apache.org-0-0] INFO  o.e.m.c.i.e.AbstractTransferListenerAdapter - Downloaded https://repo.maven.apache.org/maven2/org/springframework/security/spring-security-config/6.4.3/spring-security-config-6.4.3.jar
2025-03-26 21:17:38,134 [Worker-36: Building] INFO  o.e.m.c.i.l.LifecycleMappingFactory - Using org.eclipse.m2e.jdt.JarLifecycleMapping lifecycle mapping for MavenProject: com.shopme:ShopmeBackEnd:0.0.1-SNAPSHOT @ C:\ShopmeEcommerce\ShopmeProject\ShopmeWebParent\ShopmeBackEnd\pom.xml.
2025-03-26 21:17:38,224 [Worker-36: Building] INFO  o.e.m.c.i.p.WorkspaceClassifierResolverManager - Resolving P/ShopmeCommon: com.example:ShopmeCommon:0.0.1-SNAPSHOT with classifier  to /ShopmeCommon/target/classes
2025-03-26 21:17:38,294 [Worker-36: Building] INFO  o.e.m.c.i.l.LifecycleMappingFactory - Using org.eclipse.m2e.jdt.JarLifecycleMapping lifecycle mapping for MavenProject: com.shopme:ShopmeFrontEnd:0.0.1-SNAPSHOT @ C:\ShopmeEcommerce\ShopmeProject\ShopmeWebParent\ShopmeFrontEnd\pom.xml.
2025-03-26 21:17:38,346 [Worker-36: Building] INFO  o.e.m.c.i.p.WorkspaceClassifierResolverManager - Resolving P/ShopmeCommon: com.example:ShopmeCommon:0.0.1-SNAPSHOT with classifier  to /ShopmeCommon/target/classes
2025-03-26 21:17:41,164 [Worker-42: Download sources and javadoc] INFO  o.e.m.c.i.e.AbstractTransferListenerAdapter - Downloading https://repo.maven.apache.org/maven2/org/springframework/boot/spring-boot-starter-security/3.4.3/spring-boot-starter-security-3.4.3-sources.jar
2025-03-26 21:17:41,178 [Worker-42: Download sources and javadoc] INFO  o.e.m.c.i.e.AbstractTransferListenerAdapter - Downloaded https://repo.maven.apache.org/maven2/org/springframework/boot/spring-boot-starter-security/3.4.3/spring-boot-starter-security-3.4.3-sources.jar
2025-03-26 21:17:41,189 [Worker-42: Download sources and javadoc] INFO  o.e.m.j.internal.DownloadSourcesJob - Downloaded sources for org.springframework.boot:spring-boot-starter-security:3.4.3
2025-03-26 21:17:41,301 [Worker-42: Download sources and javadoc] INFO  o.e.m.c.i.e.AbstractTransferListenerAdapter - Downloading https://repo.maven.apache.org/maven2/org/springframework/security/spring-security-config/6.4.3/spring-security-config-6.4.3-sources.jar
2025-03-26 21:17:41,974 [Worker-42: Download sources and javadoc] INFO  o.e.m.c.i.e.AbstractTransferListenerAdapter - Downloaded https://repo.maven.apache.org/maven2/org/springframework/security/spring-security-config/6.4.3/spring-security-config-6.4.3-sources.jar
2025-03-26 21:17:41,982 [Worker-42: Download sources and javadoc] INFO  o.e.m.j.internal.DownloadSourcesJob - Downloaded sources for org.springframework.security:spring-security-config:6.4.3
2025-03-26 21:17:42,065 [Worker-42: Download sources and javadoc] INFO  o.e.m.c.i.e.AbstractTransferListenerAdapter - Downloading https://repo.maven.apache.org/maven2/org/springframework/security/spring-security-core/6.4.3/spring-security-core-6.4.3-sources.jar
2025-03-26 21:17:42,440 [Worker-42: Download sources and javadoc] INFO  o.e.m.c.i.e.AbstractTransferListenerAdapter - Downloaded https://repo.maven.apache.org/maven2/org/springframework/security/spring-security-core/6.4.3/spring-security-core-6.4.3-sources.jar
2025-03-26 21:17:42,444 [Worker-42: Download sources and javadoc] INFO  o.e.m.j.internal.DownloadSourcesJob - Downloaded sources for org.springframework.security:spring-security-core:6.4.3
2025-03-26 21:17:42,495 [Worker-38: Building] INFO  o.a.m.s.f.DefaultMavenResourcesFiltering - Copying 1 resource from src\main\resources to target\classes
2025-03-26 21:17:42,529 [Worker-38: Building] INFO  o.a.m.s.f.DefaultMavenResourcesFiltering - Copying 4 resources from src\main\resources to target\classes
2025-03-26 21:17:42,543 [Worker-42: Download sources and javadoc] INFO  o.e.m.c.i.e.AbstractTransferListenerAdapter - Downloading https://repo.maven.apache.org/maven2/org/springframework/security/spring-security-crypto/6.4.3/spring-security-crypto-6.4.3-sources.jar
2025-03-26 21:17:42,558 [Worker-38: Building] INFO  o.a.m.s.f.DefaultMavenResourcesFiltering - skip non existing resourceDirectory C:\ShopmeEcommerce\ShopmeProject\ShopmeWebParent\ShopmeBackEnd\src\test\resources
2025-03-26 21:17:42,653 [Worker-42: Download sources and javadoc] INFO  o.e.m.c.i.e.AbstractTransferListenerAdapter - Downloaded https://repo.maven.apache.org/maven2/org/springframework/security/spring-security-crypto/6.4.3/spring-security-crypto-6.4.3-sources.jar
2025-03-26 21:17:42,663 [Worker-42: Download sources and javadoc] INFO  o.e.m.j.internal.DownloadSourcesJob - Downloaded sources for org.springframework.security:spring-security-crypto:6.4.3
2025-03-26 21:17:42,753 [Worker-42: Download sources and javadoc] INFO  o.e.m.c.i.e.AbstractTransferListenerAdapter - Downloading https://repo.maven.apache.org/maven2/org/springframework/security/spring-security-web/6.4.3/spring-security-web-6.4.3-sources.jar
2025-03-26 21:17:42,826 [Worker-38: Building] INFO  o.a.m.s.f.DefaultMavenResourcesFiltering - Copying 1 resource from src\main\resources to target\classes
2025-03-26 21:17:42,870 [Worker-38: Building] INFO  o.a.m.s.f.DefaultMavenResourcesFiltering - Copying 1 resource from src\main\resources to target\classes
2025-03-26 21:17:42,881 [Worker-38: Building] INFO  o.a.m.s.f.DefaultMavenResourcesFiltering - skip non existing resourceDirectory C:\ShopmeEcommerce\ShopmeProject\ShopmeWebParent\ShopmeFrontEnd\src\test\resources
2025-03-26 21:17:43,169 [Worker-42: Download sources and javadoc] INFO  o.e.m.c.i.e.AbstractTransferListenerAdapter - Downloaded https://repo.maven.apache.org/maven2/org/springframework/security/spring-security-web/6.4.3/spring-security-web-6.4.3-sources.jar
2025-03-26 21:17:43,174 [Worker-42: Download sources and javadoc] INFO  o.e.m.j.internal.DownloadSourcesJob - Downloaded sources for org.springframework.security:spring-security-web:6.4.3
2025-03-26 21:17:43,180 [Worker-42: Download sources and javadoc] INFO  o.e.m.j.internal.DownloadSourcesJob - Downloaded sources for org.springframework.boot:spring-boot-starter-security:3.4.3
2025-03-26 21:17:43,184 [Worker-42: Download sources and javadoc] INFO  o.e.m.j.internal.DownloadSourcesJob - Downloaded sources for org.springframework.security:spring-security-config:6.4.3
2025-03-26 21:17:43,188 [Worker-42: Download sources and javadoc] INFO  o.e.m.j.internal.DownloadSourcesJob - Downloaded sources for org.springframework.security:spring-security-core:6.4.3
2025-03-26 21:17:43,193 [Worker-42: Download sources and javadoc] INFO  o.e.m.j.internal.DownloadSourcesJob - Downloaded sources for org.springframework.security:spring-security-crypto:6.4.3
2025-03-26 21:17:43,198 [Worker-42: Download sources and javadoc] INFO  o.e.m.j.internal.DownloadSourcesJob - Downloaded sources for org.springframework.security:spring-security-web:6.4.3
2025-03-26 21:17:43,205 [Worker-42: Download sources and javadoc] INFO  o.e.m.j.internal.DownloadSourcesJob - Downloaded sources for org.springframework.boot:spring-boot-starter-security:3.4.3
2025-03-26 21:17:43,210 [Worker-42: Download sources and javadoc] INFO  o.e.m.j.internal.DownloadSourcesJob - Downloaded sources for org.springframework.security:spring-security-config:6.4.3
2025-03-26 21:17:43,213 [Worker-42: Download sources and javadoc] INFO  o.e.m.j.internal.DownloadSourcesJob - Downloaded sources for org.springframework.security:spring-security-core:6.4.3
2025-03-26 21:17:43,218 [Worker-42: Download sources and javadoc] INFO  o.e.m.j.internal.DownloadSourcesJob - Downloaded sources for org.springframework.security:spring-security-crypto:6.4.3
2025-03-26 21:17:43,222 [Worker-42: Download sources and javadoc] INFO  o.e.m.j.internal.DownloadSourcesJob - Downloaded sources for org.springframework.security:spring-security-web:6.4.3
2025-03-26 21:19:28,604 [Worker-43: Building] INFO  o.a.m.s.f.DefaultMavenResourcesFiltering - Copying 0 resource from src\main\resources to target\classes
2025-03-26 21:19:28,610 [Worker-43: Building] INFO  o.a.m.s.f.DefaultMavenResourcesFiltering - Copying 0 resource from src\main\resources to target\classes
2025-03-26 21:19:28,617 [Worker-43: Building] INFO  o.a.m.s.f.DefaultMavenResourcesFiltering - skip non existing resourceDirectory C:\ShopmeEcommerce\ShopmeProject\ShopmeWebParent\ShopmeBackEnd\src\test\resources
2025-03-26 21:23:03,425 [Worker-43: Building] INFO  o.a.m.s.f.DefaultMavenResourcesFiltering - Copying 0 resource from src\main\resources to target\classes
2025-03-26 21:23:03,426 [Worker-43: Building] INFO  o.a.m.s.f.DefaultMavenResourcesFiltering - Copying 0 resource from src\main\resources to target\classes
2025-03-26 21:23:03,432 [Worker-43: Building] INFO  o.a.m.s.f.DefaultMavenResourcesFiltering - skip non existing resourceDirectory C:\ShopmeEcommerce\ShopmeProject\ShopmeWebParent\ShopmeBackEnd\src\test\resources
2025-03-26 21:23:09,211 [main] INFO  o.e.m.jdt.internal.UnitTestSupport - Updating PasswordEncodedTest.testEncodePassword from maven configuration
2025-03-26 21:23:09,595 [Worker-43: Launching PasswordEncodedTest.testEncodePassword] INFO  o.e.m.c.i.p.WorkspaceClassifierResolverManager - Resolving P/ShopmeCommon: com.example:ShopmeCommon:0.0.1-SNAPSHOT with classifier null to /ShopmeCommon/target/classes
2025-03-26 21:23:10,047 [Worker-43: Launching PasswordEncodedTest.testEncodePassword] INFO  o.e.m.c.i.p.WorkspaceClassifierResolverManager - Resolving P/ShopmeCommon: com.example:ShopmeCommon:0.0.1-SNAPSHOT with classifier null to /ShopmeCommon/target/classes
2025-03-26 21:23:10,255 [Worker-43: Launching PasswordEncodedTest.testEncodePassword] INFO  o.e.m.c.i.p.WorkspaceClassifierResolverManager - Resolving P/ShopmeCommon: com.example:ShopmeCommon:0.0.1-SNAPSHOT with classifier null to /ShopmeCommon/target/classes
2025-03-26 21:24:17,551 [Worker-38: Building] INFO  o.a.m.s.f.DefaultMavenResourcesFiltering - Copying 0 resource from src\main\resources to target\classes
2025-03-26 21:24:17,553 [Worker-38: Building] INFO  o.a.m.s.f.DefaultMavenResourcesFiltering - Copying 0 resource from src\main\resources to target\classes
2025-03-26 21:24:17,558 [Worker-38: Building] INFO  o.a.m.s.f.DefaultMavenResourcesFiltering - skip non existing resourceDirectory C:\ShopmeEcommerce\ShopmeProject\ShopmeWebParent\ShopmeBackEnd\src\test\resources
2025-03-26 21:24:23,774 [main] INFO  o.e.m.jdt.internal.UnitTestSupport - Updating PasswordEncodedTest from maven configuration
2025-03-26 21:24:24,011 [Worker-45: Launching PasswordEncodedTest] INFO  o.e.m.c.i.p.WorkspaceClassifierResolverManager - Resolving P/ShopmeCommon: com.example:ShopmeCommon:0.0.1-SNAPSHOT with classifier null to /ShopmeCommon/target/classes
2025-03-26 21:24:24,351 [Worker-45: Launching PasswordEncodedTest] INFO  o.e.m.c.i.p.WorkspaceClassifierResolverManager - Resolving P/ShopmeCommon: com.example:ShopmeCommon:0.0.1-SNAPSHOT with classifier null to /ShopmeCommon/target/classes
2025-03-26 21:24:24,521 [Worker-45: Launching PasswordEncodedTest] INFO  o.e.m.c.i.p.WorkspaceClassifierResolverManager - Resolving P/ShopmeCommon: com.example:ShopmeCommon:0.0.1-SNAPSHOT with classifier null to /ShopmeCommon/target/classes
2025-03-26 21:25:13,818 [Worker-27: Launching ShopmeBackEnd - ShopmeBackEndApplication] INFO  o.e.m.c.i.p.WorkspaceClassifierResolverManager - Resolving P/ShopmeCommon: com.example:ShopmeCommon:0.0.1-SNAPSHOT with classifier null to /ShopmeCommon/target/classes
2025-03-26 21:25:13,938 [Worker-27: Launching ShopmeBackEnd - ShopmeBackEndApplication] INFO  o.e.m.c.i.p.WorkspaceClassifierResolverManager - Resolving P/ShopmeCommon: com.example:ShopmeCommon:0.0.1-SNAPSHOT with classifier null to /ShopmeCommon/target/classes
2025-03-26 21:25:14,073 [Worker-27: Launching ShopmeBackEnd - ShopmeBackEndApplication] INFO  o.e.m.c.i.p.WorkspaceClassifierResolverManager - Resolving P/ShopmeCommon: com.example:ShopmeCommon:0.0.1-SNAPSHOT with classifier null to /ShopmeCommon/target/classes
2025-03-26 21:26:38,480 [Worker-43: Building] INFO  o.a.m.s.f.DefaultMavenResourcesFiltering - Copying 1 resource from src\main\resources to target\classes
2025-03-26 21:26:38,488 [Worker-43: Building] INFO  o.a.m.s.f.DefaultMavenResourcesFiltering - Copying 4 resources from src\main\resources to target\classes
2025-03-26 21:26:38,495 [Worker-43: Building] INFO  o.a.m.s.f.DefaultMavenResourcesFiltering - skip non existing resourceDirectory C:\ShopmeEcommerce\ShopmeProject\ShopmeWebParent\ShopmeBackEnd\src\test\resources
2025-03-26 21:29:18,375 [Worker-43: Building] INFO  o.a.m.s.f.DefaultMavenResourcesFiltering - Copying 1 resource from src\main\resources to target\classes
2025-03-26 21:29:18,404 [Worker-43: Building] INFO  o.a.m.s.f.DefaultMavenResourcesFiltering - Copying 4 resources from src\main\resources to target\classes
2025-03-26 21:29:18,413 [Worker-43: Building] INFO  o.a.m.s.f.DefaultMavenResourcesFiltering - skip non existing resourceDirectory C:\ShopmeEcommerce\ShopmeProject\ShopmeWebParent\ShopmeBackEnd\src\test\resources
2025-03-26 21:29:56,516 [Worker-47: Launching ShopmeBackEnd - ShopmeBackEndApplication] INFO  o.e.m.c.i.p.WorkspaceClassifierResolverManager - Resolving P/ShopmeCommon: com.example:ShopmeCommon:0.0.1-SNAPSHOT with classifier null to /ShopmeCommon/target/classes
2025-03-26 21:29:56,668 [Worker-47: Launching ShopmeBackEnd - ShopmeBackEndApplication] INFO  o.e.m.c.i.p.WorkspaceClassifierResolverManager - Resolving P/ShopmeCommon: com.example:ShopmeCommon:0.0.1-SNAPSHOT with classifier null to /ShopmeCommon/target/classes
2025-03-26 21:29:56,843 [Worker-47: Launching ShopmeBackEnd - ShopmeBackEndApplication] INFO  o.e.m.c.i.p.WorkspaceClassifierResolverManager - Resolving P/ShopmeCommon: com.example:ShopmeCommon:0.0.1-SNAPSHOT with classifier null to /ShopmeCommon/target/classes
2025-03-26 21:31:35,668 [Worker-48: Building] INFO  o.a.m.s.f.DefaultMavenResourcesFiltering - Copying 1 resource from src\main\resources to target\classes
2025-03-26 21:31:35,673 [Worker-48: Building] INFO  o.a.m.s.f.DefaultMavenResourcesFiltering - Copying 4 resources from src\main\resources to target\classes
2025-03-26 21:31:35,681 [Worker-48: Building] INFO  o.a.m.s.f.DefaultMavenResourcesFiltering - skip non existing resourceDirectory C:\ShopmeEcommerce\ShopmeProject\ShopmeWebParent\ShopmeBackEnd\src\test\resources
2025-03-26 21:32:14,914 [Worker-47: Building] INFO  o.a.m.s.f.DefaultMavenResourcesFiltering - Copying 1 resource from src\main\resources to target\classes
2025-03-26 21:32:14,919 [Worker-47: Building] INFO  o.a.m.s.f.DefaultMavenResourcesFiltering - Copying 4 resources from src\main\resources to target\classes
2025-03-26 21:32:14,924 [Worker-47: Building] INFO  o.a.m.s.f.DefaultMavenResourcesFiltering - skip non existing resourceDirectory C:\ShopmeEcommerce\ShopmeProject\ShopmeWebParent\ShopmeBackEnd\src\test\resources
2025-03-26 21:34:33,877 [Worker-41: Building] INFO  o.a.m.s.f.DefaultMavenResourcesFiltering - Copying 1 resource from src\main\resources to target\classes
2025-03-26 21:34:33,885 [Worker-41: Building] INFO  o.a.m.s.f.DefaultMavenResourcesFiltering - Copying 4 resources from src\main\resources to target\classes
2025-03-26 21:34:33,892 [Worker-41: Building] INFO  o.a.m.s.f.DefaultMavenResourcesFiltering - skip non existing resourceDirectory C:\ShopmeEcommerce\ShopmeProject\ShopmeWebParent\ShopmeBackEnd\src\test\resources
2025-03-26 21:42:33,999 [Worker-45: Building] INFO  o.a.m.s.f.DefaultMavenResourcesFiltering - Copying 1 resource from src\main\resources to target\classes
2025-03-26 21:42:34,012 [Worker-45: Building] INFO  o.a.m.s.f.DefaultMavenResourcesFiltering - Copying 4 resources from src\main\resources to target\classes
2025-03-26 21:42:34,020 [Worker-45: Building] INFO  o.a.m.s.f.DefaultMavenResourcesFiltering - skip non existing resourceDirectory C:\ShopmeEcommerce\ShopmeProject\ShopmeWebParent\ShopmeBackEnd\src\test\resources
2025-03-26 21:44:28,782 [Worker-46: Building] INFO  o.a.m.s.f.DefaultMavenResourcesFiltering - Copying 0 resource from src\main\resources to target\classes
2025-03-26 21:44:28,786 [Worker-46: Building] INFO  o.a.m.s.f.DefaultMavenResourcesFiltering - Copying 0 resource from src\main\resources to target\classes
2025-03-26 21:44:28,790 [Worker-46: Building] INFO  o.a.m.s.f.DefaultMavenResourcesFiltering - skip non existing resourceDirectory C:\ShopmeEcommerce\ShopmeProject\ShopmeWebParent\ShopmeBackEnd\src\test\resources
2025-03-26 21:44:33,542 [main] INFO  o.e.m.jdt.internal.UnitTestSupport - Updating UserRepositoryTest.testGetUserByEmail from maven configuration
2025-03-26 21:44:33,812 [Worker-36: Launching UserRepositoryTest.testGetUserByEmail] INFO  o.e.m.c.i.p.WorkspaceClassifierResolverManager - Resolving P/ShopmeCommon: com.example:ShopmeCommon:0.0.1-SNAPSHOT with classifier null to /ShopmeCommon/target/classes
2025-03-26 21:44:34,028 [Worker-36: Launching UserRepositoryTest.testGetUserByEmail] INFO  o.e.m.c.i.p.WorkspaceClassifierResolverManager - Resolving P/ShopmeCommon: com.example:ShopmeCommon:0.0.1-SNAPSHOT with classifier null to /ShopmeCommon/target/classes
2025-03-26 21:44:34,210 [Worker-36: Launching UserRepositoryTest.testGetUserByEmail] INFO  o.e.m.c.i.p.WorkspaceClassifierResolverManager - Resolving P/ShopmeCommon: com.example:ShopmeCommon:0.0.1-SNAPSHOT with classifier null to /ShopmeCommon/target/classes
2025-03-26 21:45:08,299 [Worker-47: Building] INFO  o.a.m.s.f.DefaultMavenResourcesFiltering - Copying 0 resource from src\main\resources to target\classes
2025-03-26 21:45:08,301 [Worker-47: Building] INFO  o.a.m.s.f.DefaultMavenResourcesFiltering - Copying 0 resource from src\main\resources to target\classes
2025-03-26 21:45:08,306 [Worker-47: Building] INFO  o.a.m.s.f.DefaultMavenResourcesFiltering - skip non existing resourceDirectory C:\ShopmeEcommerce\ShopmeProject\ShopmeWebParent\ShopmeBackEnd\src\test\resources
2025-03-26 21:45:11,158 [Worker-48: Launching UserRepositoryTest.testGetUserByEmail] INFO  o.e.m.c.i.p.WorkspaceClassifierResolverManager - Resolving P/ShopmeCommon: com.example:ShopmeCommon:0.0.1-SNAPSHOT with classifier null to /ShopmeCommon/target/classes
2025-03-26 21:45:11,428 [Worker-48: Launching UserRepositoryTest.testGetUserByEmail] INFO  o.e.m.c.i.p.WorkspaceClassifierResolverManager - Resolving P/ShopmeCommon: com.example:ShopmeCommon:0.0.1-SNAPSHOT with classifier null to /ShopmeCommon/target/classes
2025-03-26 21:45:11,581 [Worker-48: Launching UserRepositoryTest.testGetUserByEmail] INFO  o.e.m.c.i.p.WorkspaceClassifierResolverManager - Resolving P/ShopmeCommon: com.example:ShopmeCommon:0.0.1-SNAPSHOT with classifier null to /ShopmeCommon/target/classes
2025-03-26 21:47:26,472 [Worker-27: Building] INFO  o.a.m.s.f.DefaultMavenResourcesFiltering - Copying 1 resource from src\main\resources to target\classes
2025-03-26 21:47:26,486 [Worker-27: Building] INFO  o.a.m.s.f.DefaultMavenResourcesFiltering - Copying 4 resources from src\main\resources to target\classes
2025-03-26 21:47:26,496 [Worker-27: Building] INFO  o.a.m.s.f.DefaultMavenResourcesFiltering - skip non existing resourceDirectory C:\ShopmeEcommerce\ShopmeProject\ShopmeWebParent\ShopmeBackEnd\src\test\resources
2025-03-26 21:48:29,916 [Worker-27: Building] INFO  o.a.m.s.f.DefaultMavenResourcesFiltering - Copying 1 resource from src\main\resources to target\classes
2025-03-26 21:48:29,927 [Worker-27: Building] INFO  o.a.m.s.f.DefaultMavenResourcesFiltering - Copying 4 resources from src\main\resources to target\classes
2025-03-26 21:48:29,931 [Worker-27: Building] INFO  o.a.m.s.f.DefaultMavenResourcesFiltering - skip non existing resourceDirectory C:\ShopmeEcommerce\ShopmeProject\ShopmeWebParent\ShopmeBackEnd\src\test\resources
2025-03-26 21:49:51,931 [Worker-27: Building] INFO  o.a.m.s.f.DefaultMavenResourcesFiltering - Copying 1 resource from src\main\resources to target\classes
2025-03-26 21:49:51,941 [Worker-27: Building] INFO  o.a.m.s.f.DefaultMavenResourcesFiltering - Copying 4 resources from src\main\resources to target\classes
2025-03-26 21:49:51,947 [Worker-27: Building] INFO  o.a.m.s.f.DefaultMavenResourcesFiltering - skip non existing resourceDirectory C:\ShopmeEcommerce\ShopmeProject\ShopmeWebParent\ShopmeBackEnd\src\test\resources
2025-03-26 21:50:51,329 [Worker-45: Building] INFO  o.a.m.s.f.DefaultMavenResourcesFiltering - Copying 1 resource from src\main\resources to target\classes
2025-03-26 21:50:51,339 [Worker-45: Building] INFO  o.a.m.s.f.DefaultMavenResourcesFiltering - Copying 4 resources from src\main\resources to target\classes
2025-03-26 21:50:51,347 [Worker-45: Building] INFO  o.a.m.s.f.DefaultMavenResourcesFiltering - skip non existing resourceDirectory C:\ShopmeEcommerce\ShopmeProject\ShopmeWebParent\ShopmeBackEnd\src\test\resources
2025-03-26 21:51:25,688 [Worker-48: Building] INFO  o.a.m.s.f.DefaultMavenResourcesFiltering - Copying 1 resource from src\main\resources to target\classes
2025-03-26 21:51:25,694 [Worker-48: Building] INFO  o.a.m.s.f.DefaultMavenResourcesFiltering - Copying 4 resources from src\main\resources to target\classes
2025-03-26 21:51:25,700 [Worker-48: Building] INFO  o.a.m.s.f.DefaultMavenResourcesFiltering - skip non existing resourceDirectory C:\ShopmeEcommerce\ShopmeProject\ShopmeWebParent\ShopmeBackEnd\src\test\resources
2025-03-26 21:53:51,760 [Worker-38: Building] INFO  o.a.m.s.f.DefaultMavenResourcesFiltering - Copying 0 resource from src\main\resources to target\classes
2025-03-26 21:53:51,763 [Worker-38: Building] INFO  o.a.m.s.f.DefaultMavenResourcesFiltering - Copying 1 resource from src\main\resources to target\classes
2025-03-26 21:53:51,769 [Worker-38: Building] INFO  o.a.m.s.f.DefaultMavenResourcesFiltering - skip non existing resourceDirectory C:\ShopmeEcommerce\ShopmeProject\ShopmeWebParent\ShopmeBackEnd\src\test\resources
2025-03-26 21:54:48,304 [Worker-36: Building] INFO  o.a.m.s.f.DefaultMavenResourcesFiltering - Copying 0 resource from src\main\resources to target\classes
2025-03-26 21:54:48,306 [Worker-36: Building] INFO  o.a.m.s.f.DefaultMavenResourcesFiltering - Copying 1 resource from src\main\resources to target\classes
2025-03-26 21:54:48,311 [Worker-36: Building] INFO  o.a.m.s.f.DefaultMavenResourcesFiltering - skip non existing resourceDirectory C:\ShopmeEcommerce\ShopmeProject\ShopmeWebParent\ShopmeBackEnd\src\test\resources
2025-03-26 21:57:14,695 [Worker-45: Building] INFO  o.a.m.s.f.DefaultMavenResourcesFiltering - Copying 0 resource from src\main\resources to target\classes
2025-03-26 21:57:14,697 [Worker-45: Building] INFO  o.a.m.s.f.DefaultMavenResourcesFiltering - Copying 1 resource from src\main\resources to target\classes
2025-03-26 21:57:14,704 [Worker-45: Building] INFO  o.a.m.s.f.DefaultMavenResourcesFiltering - skip non existing resourceDirectory C:\ShopmeEcommerce\ShopmeProject\ShopmeWebParent\ShopmeBackEnd\src\test\resources
2025-03-26 21:57:49,487 [Worker-46: Building] INFO  o.a.m.s.f.DefaultMavenResourcesFiltering - Copying 0 resource from src\main\resources to target\classes
2025-03-26 21:57:49,491 [Worker-46: Building] INFO  o.a.m.s.f.DefaultMavenResourcesFiltering - Copying 1 resource from src\main\resources to target\classes
2025-03-26 21:57:49,498 [Worker-46: Building] INFO  o.a.m.s.f.DefaultMavenResourcesFiltering - skip non existing resourceDirectory C:\ShopmeEcommerce\ShopmeProject\ShopmeWebParent\ShopmeBackEnd\src\test\resources
2025-03-26 21:59:02,258 [Worker-45: Building] INFO  o.a.m.s.f.DefaultMavenResourcesFiltering - Copying 0 resource from src\main\resources to target\classes
2025-03-26 21:59:02,261 [Worker-45: Building] INFO  o.a.m.s.f.DefaultMavenResourcesFiltering - Copying 1 resource from src\main\resources to target\classes
2025-03-26 21:59:02,267 [Worker-45: Building] INFO  o.a.m.s.f.DefaultMavenResourcesFiltering - skip non existing resourceDirectory C:\ShopmeEcommerce\ShopmeProject\ShopmeWebParent\ShopmeBackEnd\src\test\resources
2025-03-26 21:59:28,140 [Worker-43: Building] INFO  o.a.m.s.f.DefaultMavenResourcesFiltering - Copying 0 resource from src\main\resources to target\classes
2025-03-26 21:59:28,142 [Worker-43: Building] INFO  o.a.m.s.f.DefaultMavenResourcesFiltering - Copying 1 resource from src\main\resources to target\classes
2025-03-26 21:59:28,148 [Worker-43: Building] INFO  o.a.m.s.f.DefaultMavenResourcesFiltering - skip non existing resourceDirectory C:\ShopmeEcommerce\ShopmeProject\ShopmeWebParent\ShopmeBackEnd\src\test\resources
2025-03-26 22:02:53,655 [Worker-46: Building] INFO  o.a.m.s.f.DefaultMavenResourcesFiltering - Copying 0 resource from src\main\resources to target\classes
2025-03-26 22:02:53,657 [Worker-46: Building] INFO  o.a.m.s.f.DefaultMavenResourcesFiltering - Copying 1 resource from src\main\resources to target\classes
2025-03-26 22:02:53,662 [Worker-46: Building] INFO  o.a.m.s.f.DefaultMavenResourcesFiltering - skip non existing resourceDirectory C:\ShopmeEcommerce\ShopmeProject\ShopmeWebParent\ShopmeBackEnd\src\test\resources
2025-03-26 22:03:03,732 [Worker-47: Building] INFO  o.a.m.s.f.DefaultMavenResourcesFiltering - Copying 0 resource from src\main\resources to target\classes
2025-03-26 22:03:03,733 [Worker-47: Building] INFO  o.a.m.s.f.DefaultMavenResourcesFiltering - Copying 1 resource from src\main\resources to target\classes
2025-03-26 22:03:03,738 [Worker-47: Building] INFO  o.a.m.s.f.DefaultMavenResourcesFiltering - skip non existing resourceDirectory C:\ShopmeEcommerce\ShopmeProject\ShopmeWebParent\ShopmeBackEnd\src\test\resources
2025-03-26 22:04:34,008 [Worker-43: Building] INFO  o.a.m.s.f.DefaultMavenResourcesFiltering - Copying 0 resource from src\main\resources to target\classes
2025-03-26 22:04:34,011 [Worker-43: Building] INFO  o.a.m.s.f.DefaultMavenResourcesFiltering - Copying 1 resource from src\main\resources to target\classes
2025-03-26 22:04:34,016 [Worker-43: Building] INFO  o.a.m.s.f.DefaultMavenResourcesFiltering - skip non existing resourceDirectory C:\ShopmeEcommerce\ShopmeProject\ShopmeWebParent\ShopmeBackEnd\src\test\resources
2025-03-26 22:04:45,838 [Worker-48: Building] INFO  o.a.m.s.f.DefaultMavenResourcesFiltering - Copying 0 resource from src\main\resources to target\classes
2025-03-26 22:04:45,840 [Worker-48: Building] INFO  o.a.m.s.f.DefaultMavenResourcesFiltering - Copying 1 resource from src\main\resources to target\classes
2025-03-26 22:04:45,845 [Worker-48: Building] INFO  o.a.m.s.f.DefaultMavenResourcesFiltering - skip non existing resourceDirectory C:\ShopmeEcommerce\ShopmeProject\ShopmeWebParent\ShopmeBackEnd\src\test\resources
2025-03-26 22:07:47,017 [Worker-47: Building] INFO  o.a.m.s.f.DefaultMavenResourcesFiltering - Copying 0 resource from src\main\resources to target\classes
2025-03-26 22:07:47,018 [Worker-47: Building] INFO  o.a.m.s.f.DefaultMavenResourcesFiltering - Copying 1 resource from src\main\resources to target\classes
2025-03-26 22:07:47,024 [Worker-47: Building] INFO  o.a.m.s.f.DefaultMavenResourcesFiltering - skip non existing resourceDirectory C:\ShopmeEcommerce\ShopmeProject\ShopmeWebParent\ShopmeBackEnd\src\test\resources
2025-03-26 22:08:15,015 [Worker-48: Building] INFO  o.a.m.s.f.DefaultMavenResourcesFiltering - Copying 0 resource from src\main\resources to target\classes
2025-03-26 22:08:15,021 [Worker-48: Building] INFO  o.a.m.s.f.DefaultMavenResourcesFiltering - Copying 1 resource from src\main\resources to target\classes
2025-03-26 22:08:15,027 [Worker-48: Building] INFO  o.a.m.s.f.DefaultMavenResourcesFiltering - skip non existing resourceDirectory C:\ShopmeEcommerce\ShopmeProject\ShopmeWebParent\ShopmeBackEnd\src\test\resources
2025-03-26 22:12:35,919 [Worker-27: Building] INFO  o.a.m.s.f.DefaultMavenResourcesFiltering - Copying 0 resource from src\main\resources to target\classes
2025-03-26 22:12:35,921 [Worker-27: Building] INFO  o.a.m.s.f.DefaultMavenResourcesFiltering - Copying 1 resource from src\main\resources to target\classes
2025-03-26 22:12:35,927 [Worker-27: Building] INFO  o.a.m.s.f.DefaultMavenResourcesFiltering - skip non existing resourceDirectory C:\ShopmeEcommerce\ShopmeProject\ShopmeWebParent\ShopmeBackEnd\src\test\resources
2025-03-26 22:13:38,377 [Worker-27: Building] INFO  o.a.m.s.f.DefaultMavenResourcesFiltering - Copying 0 resource from src\main\resources to target\classes
2025-03-26 22:13:38,378 [Worker-27: Building] INFO  o.a.m.s.f.DefaultMavenResourcesFiltering - Copying 1 resource from src\main\resources to target\classes
2025-03-26 22:13:38,383 [Worker-27: Building] INFO  o.a.m.s.f.DefaultMavenResourcesFiltering - skip non existing resourceDirectory C:\ShopmeEcommerce\ShopmeProject\ShopmeWebParent\ShopmeBackEnd\src\test\resources
2025-03-26 22:15:14,726 [Worker-48: Building] INFO  o.a.m.s.f.DefaultMavenResourcesFiltering - Copying 0 resource from src\main\resources to target\classes
2025-03-26 22:15:14,730 [Worker-48: Building] INFO  o.a.m.s.f.DefaultMavenResourcesFiltering - Copying 1 resource from src\main\resources to target\classes
2025-03-26 22:15:14,737 [Worker-48: Building] INFO  o.a.m.s.f.DefaultMavenResourcesFiltering - skip non existing resourceDirectory C:\ShopmeEcommerce\ShopmeProject\ShopmeWebParent\ShopmeBackEnd\src\test\resources
2025-03-26 22:16:28,645 [Worker-49: Building] INFO  o.a.m.s.f.DefaultMavenResourcesFiltering - Copying 0 resource from src\main\resources to target\classes
2025-03-26 22:16:28,647 [Worker-49: Building] INFO  o.a.m.s.f.DefaultMavenResourcesFiltering - Copying 1 resource from src\main\resources to target\classes
2025-03-26 22:16:28,652 [Worker-49: Building] INFO  o.a.m.s.f.DefaultMavenResourcesFiltering - skip non existing resourceDirectory C:\ShopmeEcommerce\ShopmeProject\ShopmeWebParent\ShopmeBackEnd\src\test\resources
2025-03-26 22:18:13,878 [Worker-48: Building] INFO  o.a.m.s.f.DefaultMavenResourcesFiltering - Copying 0 resource from src\main\resources to target\classes
2025-03-26 22:18:13,880 [Worker-48: Building] INFO  o.a.m.s.f.DefaultMavenResourcesFiltering - Copying 1 resource from src\main\resources to target\classes
2025-03-26 22:18:13,890 [Worker-48: Building] INFO  o.a.m.s.f.DefaultMavenResourcesFiltering - skip non existing resourceDirectory C:\ShopmeEcommerce\ShopmeProject\ShopmeWebParent\ShopmeBackEnd\src\test\resources
2025-03-26 22:22:03,953 [Worker-38: Building] INFO  o.a.m.s.f.DefaultMavenResourcesFiltering - Copying 0 resource from src\main\resources to target\classes
2025-03-26 22:22:03,955 [Worker-38: Building] INFO  o.a.m.s.f.DefaultMavenResourcesFiltering - Copying 1 resource from src\main\resources to target\classes
2025-03-26 22:22:03,961 [Worker-38: Building] INFO  o.a.m.s.f.DefaultMavenResourcesFiltering - skip non existing resourceDirectory C:\ShopmeEcommerce\ShopmeProject\ShopmeWebParent\ShopmeBackEnd\src\test\resources
2025-03-26 22:26:40,637 [Worker-50: Building] INFO  o.a.m.s.f.DefaultMavenResourcesFiltering - Copying 0 resource from src\main\resources to target\classes
2025-03-26 22:26:40,639 [Worker-50: Building] INFO  o.a.m.s.f.DefaultMavenResourcesFiltering - Copying 1 resource from src\main\resources to target\classes
2025-03-26 22:26:40,643 [Worker-50: Building] INFO  o.a.m.s.f.DefaultMavenResourcesFiltering - skip non existing resourceDirectory C:\ShopmeEcommerce\ShopmeProject\ShopmeWebParent\ShopmeBackEnd\src\test\resources
2025-03-26 22:27:36,007 [Worker-50: Building] INFO  o.a.m.s.f.DefaultMavenResourcesFiltering - Copying 0 resource from src\main\resources to target\classes
2025-03-26 22:27:36,009 [Worker-50: Building] INFO  o.a.m.s.f.DefaultMavenResourcesFiltering - Copying 1 resource from src\main\resources to target\classes
2025-03-26 22:27:36,014 [Worker-50: Building] INFO  o.a.m.s.f.DefaultMavenResourcesFiltering - skip non existing resourceDirectory C:\ShopmeEcommerce\ShopmeProject\ShopmeWebParent\ShopmeBackEnd\src\test\resources
2025-03-26 22:29:01,067 [Worker-38: Building] INFO  o.a.m.s.f.DefaultMavenResourcesFiltering - Copying 0 resource from src\main\resources to target\classes
2025-03-26 22:29:01,069 [Worker-38: Building] INFO  o.a.m.s.f.DefaultMavenResourcesFiltering - Copying 1 resource from src\main\resources to target\classes
2025-03-26 22:29:01,077 [Worker-38: Building] INFO  o.a.m.s.f.DefaultMavenResourcesFiltering - skip non existing resourceDirectory C:\ShopmeEcommerce\ShopmeProject\ShopmeWebParent\ShopmeBackEnd\src\test\resources
2025-03-26 22:29:49,408 [Worker-47: Building] INFO  o.a.m.s.f.DefaultMavenResourcesFiltering - Copying 0 resource from src\main\resources to target\classes
2025-03-26 22:29:49,410 [Worker-47: Building] INFO  o.a.m.s.f.DefaultMavenResourcesFiltering - Copying 1 resource from src\main\resources to target\classes
2025-03-26 22:29:49,414 [Worker-47: Building] INFO  o.a.m.s.f.DefaultMavenResourcesFiltering - skip non existing resourceDirectory C:\ShopmeEcommerce\ShopmeProject\ShopmeWebParent\ShopmeBackEnd\src\test\resources
2025-03-26 22:30:37,527 [Worker-45: Building] INFO  o.a.m.s.f.DefaultMavenResourcesFiltering - Copying 0 resource from src\main\resources to target\classes
2025-03-26 22:30:37,528 [Worker-45: Building] INFO  o.a.m.s.f.DefaultMavenResourcesFiltering - Copying 1 resource from src\main\resources to target\classes
2025-03-26 22:30:37,532 [Worker-45: Building] INFO  o.a.m.s.f.DefaultMavenResourcesFiltering - skip non existing resourceDirectory C:\ShopmeEcommerce\ShopmeProject\ShopmeWebParent\ShopmeBackEnd\src\test\resources
2025-03-26 22:30:45,440 [Worker-44: Launching ShopmeBackEnd - ShopmeBackEndApplication] INFO  o.e.m.c.i.p.WorkspaceClassifierResolverManager - Resolving P/ShopmeCommon: com.example:ShopmeCommon:0.0.1-SNAPSHOT with classifier null to /ShopmeCommon/target/classes
2025-03-26 22:30:45,753 [Worker-44: Launching ShopmeBackEnd - ShopmeBackEndApplication] INFO  o.e.m.c.i.p.WorkspaceClassifierResolverManager - Resolving P/ShopmeCommon: com.example:ShopmeCommon:0.0.1-SNAPSHOT with classifier null to /ShopmeCommon/target/classes
2025-03-26 22:30:45,859 [Worker-44: Launching ShopmeBackEnd - ShopmeBackEndApplication] INFO  o.e.m.c.i.p.WorkspaceClassifierResolverManager - Resolving P/ShopmeCommon: com.example:ShopmeCommon:0.0.1-SNAPSHOT with classifier null to /ShopmeCommon/target/classes
2025-03-26 22:38:41,588 [Worker-43: Building] INFO  o.a.m.s.f.DefaultMavenResourcesFiltering - Copying 0 resource from src\main\resources to target\classes
2025-03-26 22:38:41,592 [Worker-43: Building] INFO  o.a.m.s.f.DefaultMavenResourcesFiltering - Copying 1 resource from src\main\resources to target\classes
2025-03-26 22:38:41,597 [Worker-43: Building] INFO  o.a.m.s.f.DefaultMavenResourcesFiltering - skip non existing resourceDirectory C:\ShopmeEcommerce\ShopmeProject\ShopmeWebParent\ShopmeBackEnd\src\test\resources
2025-03-26 22:39:32,249 [Worker-27: Building] INFO  o.a.m.s.f.DefaultMavenResourcesFiltering - Copying 0 resource from src\main\resources to target\classes
2025-03-26 22:39:32,253 [Worker-27: Building] INFO  o.a.m.s.f.DefaultMavenResourcesFiltering - Copying 1 resource from src\main\resources to target\classes
2025-03-26 22:39:32,259 [Worker-27: Building] INFO  o.a.m.s.f.DefaultMavenResourcesFiltering - skip non existing resourceDirectory C:\ShopmeEcommerce\ShopmeProject\ShopmeWebParent\ShopmeBackEnd\src\test\resources
2025-03-26 22:40:26,383 [Worker-38: Building] INFO  o.a.m.s.f.DefaultMavenResourcesFiltering - Copying 0 resource from src\main\resources to target\classes
2025-03-26 22:40:26,385 [Worker-38: Building] INFO  o.a.m.s.f.DefaultMavenResourcesFiltering - Copying 1 resource from src\main\resources to target\classes
2025-03-26 22:40:26,391 [Worker-38: Building] INFO  o.a.m.s.f.DefaultMavenResourcesFiltering - skip non existing resourceDirectory C:\ShopmeEcommerce\ShopmeProject\ShopmeWebParent\ShopmeBackEnd\src\test\resources
2025-03-26 22:41:08,319 [Worker-46: Building] INFO  o.a.m.s.f.DefaultMavenResourcesFiltering - Copying 0 resource from src\main\resources to target\classes
2025-03-26 22:41:08,321 [Worker-46: Building] INFO  o.a.m.s.f.DefaultMavenResourcesFiltering - Copying 1 resource from src\main\resources to target\classes
2025-03-26 22:41:08,326 [Worker-46: Building] INFO  o.a.m.s.f.DefaultMavenResourcesFiltering - skip non existing resourceDirectory C:\ShopmeEcommerce\ShopmeProject\ShopmeWebParent\ShopmeBackEnd\src\test\resources
2025-03-26 22:41:32,392 [Worker-43: Building] INFO  o.a.m.s.f.DefaultMavenResourcesFiltering - Copying 0 resource from src\main\resources to target\classes
2025-03-26 22:41:32,395 [Worker-43: Building] INFO  o.a.m.s.f.DefaultMavenResourcesFiltering - Copying 1 resource from src\main\resources to target\classes
2025-03-26 22:41:32,403 [Worker-43: Building] INFO  o.a.m.s.f.DefaultMavenResourcesFiltering - skip non existing resourceDirectory C:\ShopmeEcommerce\ShopmeProject\ShopmeWebParent\ShopmeBackEnd\src\test\resources
2025-03-26 22:44:35,322 [Worker-36: Building] INFO  o.a.m.s.f.DefaultMavenResourcesFiltering - Copying 0 resource from src\main\resources to target\classes
2025-03-26 22:44:35,324 [Worker-36: Building] INFO  o.a.m.s.f.DefaultMavenResourcesFiltering - Copying 1 resource from src\main\resources to target\classes
2025-03-26 22:44:35,330 [Worker-36: Building] INFO  o.a.m.s.f.DefaultMavenResourcesFiltering - skip non existing resourceDirectory C:\ShopmeEcommerce\ShopmeProject\ShopmeWebParent\ShopmeBackEnd\src\test\resources
2025-03-26 22:47:34,621 [Worker-36: Building] INFO  o.a.m.s.f.DefaultMavenResourcesFiltering - Copying 0 resource from src\main\resources to target\classes
2025-03-26 22:47:34,623 [Worker-36: Building] INFO  o.a.m.s.f.DefaultMavenResourcesFiltering - Copying 1 resource from src\main\resources to target\classes
2025-03-26 22:47:34,628 [Worker-36: Building] INFO  o.a.m.s.f.DefaultMavenResourcesFiltering - skip non existing resourceDirectory C:\ShopmeEcommerce\ShopmeProject\ShopmeWebParent\ShopmeBackEnd\src\test\resources
2025-03-26 22:47:54,325 [Worker-51: Building] INFO  o.a.m.s.f.DefaultMavenResourcesFiltering - Copying 0 resource from src\main\resources to target\classes
2025-03-26 22:47:54,327 [Worker-51: Building] INFO  o.a.m.s.f.DefaultMavenResourcesFiltering - Copying 1 resource from src\main\resources to target\classes
2025-03-26 22:47:54,332 [Worker-51: Building] INFO  o.a.m.s.f.DefaultMavenResourcesFiltering - skip non existing resourceDirectory C:\ShopmeEcommerce\ShopmeProject\ShopmeWebParent\ShopmeBackEnd\src\test\resources
2025-03-26 22:48:21,454 [Worker-48: Building] INFO  o.a.m.s.f.DefaultMavenResourcesFiltering - Copying 0 resource from src\main\resources to target\classes
2025-03-26 22:48:21,456 [Worker-48: Building] INFO  o.a.m.s.f.DefaultMavenResourcesFiltering - Copying 1 resource from src\main\resources to target\classes
2025-03-26 22:48:21,463 [Worker-48: Building] INFO  o.a.m.s.f.DefaultMavenResourcesFiltering - skip non existing resourceDirectory C:\ShopmeEcommerce\ShopmeProject\ShopmeWebParent\ShopmeBackEnd\src\test\resources
2025-03-26 22:48:53,673 [Worker-48: Building] INFO  o.a.m.s.f.DefaultMavenResourcesFiltering - Copying 0 resource from src\main\resources to target\classes
2025-03-26 22:48:53,675 [Worker-48: Building] INFO  o.a.m.s.f.DefaultMavenResourcesFiltering - Copying 1 resource from src\main\resources to target\classes
2025-03-26 22:48:53,681 [Worker-48: Building] INFO  o.a.m.s.f.DefaultMavenResourcesFiltering - skip non existing resourceDirectory C:\ShopmeEcommerce\ShopmeProject\ShopmeWebParent\ShopmeBackEnd\src\test\resources
2025-03-27 11:44:20,654 [Worker-4: Loading available Gradle versions] INFO  o.e.b.c.i.u.g.PublishedGradleVersions - Gradle version information cache is up-to-date. Trying to read.
2025-03-27 11:47:38,941 [Worker-4: Check for devtools] INFO  o.e.m.c.i.p.WorkspaceClassifierResolverManager - Resolving P/ShopmeCommon: com.example:ShopmeCommon:0.0.1-SNAPSHOT with classifier  to /ShopmeCommon/target/classes
2025-03-27 11:47:39,080 [Worker-4: Check for devtools] INFO  o.e.m.c.i.p.WorkspaceClassifierResolverManager - Resolving P/ShopmeCommon: com.example:ShopmeCommon:0.0.1-SNAPSHOT with classifier  to /ShopmeCommon/target/classes
2025-03-27 11:47:43,125 [Worker-13: Building] INFO  o.e.m.c.i.p.WorkspaceClassifierResolverManager - Resolving P/ShopmeCommon: com.example:ShopmeCommon:0.0.1-SNAPSHOT with classifier  to /ShopmeCommon/target/classes
2025-03-27 11:47:47,237 [Worker-7: Building] INFO  o.a.m.s.f.DefaultMavenResourcesFiltering - Copying 1 resource from src\main\resources to target\classes
2025-03-27 11:47:47,300 [Worker-7: Building] INFO  o.a.m.s.f.DefaultMavenResourcesFiltering - Copying 12 resources from src\main\resources to target\classes
2025-03-27 11:47:47,353 [Worker-7: Building] INFO  o.a.m.s.f.DefaultMavenResourcesFiltering - skip non existing resourceDirectory C:\ShopmeEcommerce\ShopmeProject\ShopmeWebParent\ShopmeBackEnd\src\test\resources
2025-03-27 11:48:09,741 [Worker-5: Building] INFO  o.a.m.s.f.DefaultMavenResourcesFiltering - Copying 0 resource from src\main\resources to target\classes
2025-03-27 11:48:09,751 [Worker-5: Building] INFO  o.a.m.s.f.DefaultMavenResourcesFiltering - Copying 1 resource from src\main\resources to target\classes
2025-03-27 11:48:09,762 [Worker-5: Building] INFO  o.a.m.s.f.DefaultMavenResourcesFiltering - skip non existing resourceDirectory C:\ShopmeEcommerce\ShopmeProject\ShopmeWebParent\ShopmeBackEnd\src\test\resources
2025-03-27 11:50:22,958 [Worker-9: Building] INFO  o.a.m.s.f.DefaultMavenResourcesFiltering - Copying 0 resource from src\main\resources to target\classes
2025-03-27 11:50:22,963 [Worker-9: Building] INFO  o.a.m.s.f.DefaultMavenResourcesFiltering - Copying 1 resource from src\main\resources to target\classes
2025-03-27 11:50:22,971 [Worker-9: Building] INFO  o.a.m.s.f.DefaultMavenResourcesFiltering - skip non existing resourceDirectory C:\ShopmeEcommerce\ShopmeProject\ShopmeWebParent\ShopmeBackEnd\src\test\resources
2025-03-27 11:50:29,790 [Worker-4: Building] INFO  o.a.m.s.f.DefaultMavenResourcesFiltering - Copying 0 resource from src\main\resources to target\classes
2025-03-27 11:50:29,793 [Worker-4: Building] INFO  o.a.m.s.f.DefaultMavenResourcesFiltering - Copying 1 resource from src\main\resources to target\classes
2025-03-27 11:50:29,799 [Worker-4: Building] INFO  o.a.m.s.f.DefaultMavenResourcesFiltering - skip non existing resourceDirectory C:\ShopmeEcommerce\ShopmeProject\ShopmeWebParent\ShopmeBackEnd\src\test\resources
2025-03-27 11:50:33,701 [Worker-7: Launching ShopmeBackEnd - ShopmeBackEndApplication] INFO  o.e.m.c.i.p.WorkspaceClassifierResolverManager - Resolving P/ShopmeCommon: com.example:ShopmeCommon:0.0.1-SNAPSHOT with classifier null to /ShopmeCommon/target/classes
2025-03-27 11:50:33,846 [Worker-7: Launching ShopmeBackEnd - ShopmeBackEndApplication] INFO  o.e.m.c.i.p.WorkspaceClassifierResolverManager - Resolving P/ShopmeCommon: com.example:ShopmeCommon:0.0.1-SNAPSHOT with classifier null to /ShopmeCommon/target/classes
2025-03-27 11:50:34,004 [Worker-7: Launching ShopmeBackEnd - ShopmeBackEndApplication] INFO  o.e.m.c.i.p.WorkspaceClassifierResolverManager - Resolving P/ShopmeCommon: com.example:ShopmeCommon:0.0.1-SNAPSHOT with classifier null to /ShopmeCommon/target/classes
2025-03-27 11:51:10,281 [Worker-5: Building] INFO  o.a.m.s.f.DefaultMavenResourcesFiltering - Copying 0 resource from src\main\resources to target\classes
2025-03-27 11:51:10,284 [Worker-5: Building] INFO  o.a.m.s.f.DefaultMavenResourcesFiltering - Copying 1 resource from src\main\resources to target\classes
2025-03-27 11:51:10,290 [Worker-5: Building] INFO  o.a.m.s.f.DefaultMavenResourcesFiltering - skip non existing resourceDirectory C:\ShopmeEcommerce\ShopmeProject\ShopmeWebParent\ShopmeBackEnd\src\test\resources
2025-03-27 11:52:55,374 [Worker-3: Building] INFO  o.a.m.s.f.DefaultMavenResourcesFiltering - Copying 0 resource from src\main\resources to target\classes
2025-03-27 11:52:55,379 [Worker-3: Building] INFO  o.a.m.s.f.DefaultMavenResourcesFiltering - Copying 1 resource from src\main\resources to target\classes
2025-03-27 11:52:55,386 [Worker-3: Building] INFO  o.a.m.s.f.DefaultMavenResourcesFiltering - skip non existing resourceDirectory C:\ShopmeEcommerce\ShopmeProject\ShopmeWebParent\ShopmeBackEnd\src\test\resources
2025-03-27 11:53:40,578 [Worker-7: Building] INFO  o.a.m.s.f.DefaultMavenResourcesFiltering - Copying 0 resource from src\main\resources to target\classes
2025-03-27 11:53:40,581 [Worker-7: Building] INFO  o.a.m.s.f.DefaultMavenResourcesFiltering - Copying 1 resource from src\main\resources to target\classes
2025-03-27 11:53:40,587 [Worker-7: Building] INFO  o.a.m.s.f.DefaultMavenResourcesFiltering - skip non existing resourceDirectory C:\ShopmeEcommerce\ShopmeProject\ShopmeWebParent\ShopmeBackEnd\src\test\resources
2025-03-27 11:53:48,355 [Worker-5: Building] INFO  o.a.m.s.f.DefaultMavenResourcesFiltering - Copying 0 resource from src\main\resources to target\classes
2025-03-27 11:53:48,358 [Worker-5: Building] INFO  o.a.m.s.f.DefaultMavenResourcesFiltering - Copying 1 resource from src\main\resources to target\classes
2025-03-27 11:53:48,364 [Worker-5: Building] INFO  o.a.m.s.f.DefaultMavenResourcesFiltering - skip non existing resourceDirectory C:\ShopmeEcommerce\ShopmeProject\ShopmeWebParent\ShopmeBackEnd\src\test\resources
2025-03-27 11:54:34,637 [Worker-0: Building] INFO  o.a.m.s.f.DefaultMavenResourcesFiltering - Copying 0 resource from src\main\resources to target\classes
2025-03-27 11:54:34,643 [Worker-0: Building] INFO  o.a.m.s.f.DefaultMavenResourcesFiltering - Copying 1 resource from src\main\resources to target\classes
2025-03-27 11:54:34,651 [Worker-0: Building] INFO  o.a.m.s.f.DefaultMavenResourcesFiltering - skip non existing resourceDirectory C:\ShopmeEcommerce\ShopmeProject\ShopmeWebParent\ShopmeBackEnd\src\test\resources
2025-03-27 11:56:13,798 [Worker-4: Building] INFO  o.a.m.s.f.DefaultMavenResourcesFiltering - Copying 0 resource from src\main\resources to target\classes
2025-03-27 11:56:13,804 [Worker-4: Building] INFO  o.a.m.s.f.DefaultMavenResourcesFiltering - Copying 1 resource from src\main\resources to target\classes
2025-03-27 11:56:13,812 [Worker-4: Building] INFO  o.a.m.s.f.DefaultMavenResourcesFiltering - skip non existing resourceDirectory C:\ShopmeEcommerce\ShopmeProject\ShopmeWebParent\ShopmeBackEnd\src\test\resources
2025-03-27 11:56:54,721 [Worker-4: Building] INFO  o.a.m.s.f.DefaultMavenResourcesFiltering - Copying 0 resource from src\main\resources to target\classes
2025-03-27 11:56:54,724 [Worker-4: Building] INFO  o.a.m.s.f.DefaultMavenResourcesFiltering - Copying 1 resource from src\main\resources to target\classes
2025-03-27 11:56:54,728 [Worker-4: Building] INFO  o.a.m.s.f.DefaultMavenResourcesFiltering - skip non existing resourceDirectory C:\ShopmeEcommerce\ShopmeProject\ShopmeWebParent\ShopmeBackEnd\src\test\resources
2025-03-27 11:57:28,280 [Worker-5: Building] INFO  o.a.m.s.f.DefaultMavenResourcesFiltering - Copying 0 resource from src\main\resources to target\classes
2025-03-27 11:57:28,284 [Worker-5: Building] INFO  o.a.m.s.f.DefaultMavenResourcesFiltering - Copying 1 resource from src\main\resources to target\classes
2025-03-27 11:57:28,290 [Worker-5: Building] INFO  o.a.m.s.f.DefaultMavenResourcesFiltering - skip non existing resourceDirectory C:\ShopmeEcommerce\ShopmeProject\ShopmeWebParent\ShopmeBackEnd\src\test\resources
2025-03-27 11:57:53,170 [Worker-4: Building] INFO  o.a.m.s.f.DefaultMavenResourcesFiltering - Copying 0 resource from src\main\resources to target\classes
2025-03-27 11:57:53,180 [Worker-4: Building] INFO  o.a.m.s.f.DefaultMavenResourcesFiltering - Copying 1 resource from src\main\resources to target\classes
2025-03-27 11:57:53,196 [Worker-4: Building] INFO  o.a.m.s.f.DefaultMavenResourcesFiltering - skip non existing resourceDirectory C:\ShopmeEcommerce\ShopmeProject\ShopmeWebParent\ShopmeBackEnd\src\test\resources
2025-03-27 11:58:51,088 [Worker-7: Building] INFO  o.a.m.s.f.DefaultMavenResourcesFiltering - Copying 0 resource from src\main\resources to target\classes
2025-03-27 11:58:51,094 [Worker-7: Building] INFO  o.a.m.s.f.DefaultMavenResourcesFiltering - Copying 1 resource from src\main\resources to target\classes
2025-03-27 11:58:51,104 [Worker-7: Building] INFO  o.a.m.s.f.DefaultMavenResourcesFiltering - skip non existing resourceDirectory C:\ShopmeEcommerce\ShopmeProject\ShopmeWebParent\ShopmeBackEnd\src\test\resources
2025-03-27 11:59:05,766 [Worker-5: Building] INFO  o.a.m.s.f.DefaultMavenResourcesFiltering - Copying 0 resource from src\main\resources to target\classes
2025-03-27 11:59:05,772 [Worker-5: Building] INFO  o.a.m.s.f.DefaultMavenResourcesFiltering - Copying 1 resource from src\main\resources to target\classes
2025-03-27 11:59:05,783 [Worker-5: Building] INFO  o.a.m.s.f.DefaultMavenResourcesFiltering - skip non existing resourceDirectory C:\ShopmeEcommerce\ShopmeProject\ShopmeWebParent\ShopmeBackEnd\src\test\resources
2025-03-27 11:59:20,188 [Worker-9: Building] INFO  o.a.m.s.f.DefaultMavenResourcesFiltering - Copying 0 resource from src\main\resources to target\classes
2025-03-27 11:59:20,191 [Worker-9: Building] INFO  o.a.m.s.f.DefaultMavenResourcesFiltering - Copying 1 resource from src\main\resources to target\classes
2025-03-27 11:59:20,197 [Worker-9: Building] INFO  o.a.m.s.f.DefaultMavenResourcesFiltering - skip non existing resourceDirectory C:\ShopmeEcommerce\ShopmeProject\ShopmeWebParent\ShopmeBackEnd\src\test\resources
2025-03-27 12:00:39,195 [Worker-7: Building] INFO  o.a.m.s.f.DefaultMavenResourcesFiltering - Copying 0 resource from src\main\resources to target\classes
2025-03-27 12:00:39,199 [Worker-7: Building] INFO  o.a.m.s.f.DefaultMavenResourcesFiltering - Copying 1 resource from src\main\resources to target\classes
2025-03-27 12:00:39,205 [Worker-7: Building] INFO  o.a.m.s.f.DefaultMavenResourcesFiltering - skip non existing resourceDirectory C:\ShopmeEcommerce\ShopmeProject\ShopmeWebParent\ShopmeBackEnd\src\test\resources
2025-03-27 12:01:13,731 [Worker-0: Building] INFO  o.a.m.s.f.DefaultMavenResourcesFiltering - Copying 0 resource from src\main\resources to target\classes
2025-03-27 12:01:13,735 [Worker-0: Building] INFO  o.a.m.s.f.DefaultMavenResourcesFiltering - Copying 1 resource from src\main\resources to target\classes
2025-03-27 12:01:13,742 [Worker-0: Building] INFO  o.a.m.s.f.DefaultMavenResourcesFiltering - skip non existing resourceDirectory C:\ShopmeEcommerce\ShopmeProject\ShopmeWebParent\ShopmeBackEnd\src\test\resources
2025-03-27 12:01:50,877 [Worker-7: Building] INFO  o.a.m.s.f.DefaultMavenResourcesFiltering - Copying 0 resource from src\main\resources to target\classes
2025-03-27 12:01:50,880 [Worker-7: Building] INFO  o.a.m.s.f.DefaultMavenResourcesFiltering - Copying 1 resource from src\main\resources to target\classes
2025-03-27 12:01:50,886 [Worker-7: Building] INFO  o.a.m.s.f.DefaultMavenResourcesFiltering - skip non existing resourceDirectory C:\ShopmeEcommerce\ShopmeProject\ShopmeWebParent\ShopmeBackEnd\src\test\resources
2025-03-27 12:03:40,473 [Worker-7: Building] INFO  o.a.m.s.f.DefaultMavenResourcesFiltering - Copying 0 resource from src\main\resources to target\classes
2025-03-27 12:03:40,477 [Worker-7: Building] INFO  o.a.m.s.f.DefaultMavenResourcesFiltering - Copying 1 resource from src\main\resources to target\classes
2025-03-27 12:03:40,483 [Worker-7: Building] INFO  o.a.m.s.f.DefaultMavenResourcesFiltering - skip non existing resourceDirectory C:\ShopmeEcommerce\ShopmeProject\ShopmeWebParent\ShopmeBackEnd\src\test\resources
2025-03-27 12:05:26,114 [Worker-4: Building] INFO  o.a.m.s.f.DefaultMavenResourcesFiltering - Copying 0 resource from src\main\resources to target\classes
2025-03-27 12:05:26,117 [Worker-4: Building] INFO  o.a.m.s.f.DefaultMavenResourcesFiltering - Copying 1 resource from src\main\resources to target\classes
2025-03-27 12:05:26,122 [Worker-4: Building] INFO  o.a.m.s.f.DefaultMavenResourcesFiltering - skip non existing resourceDirectory C:\ShopmeEcommerce\ShopmeProject\ShopmeWebParent\ShopmeBackEnd\src\test\resources
2025-03-27 12:05:41,991 [Worker-3: Building] INFO  o.a.m.s.f.DefaultMavenResourcesFiltering - Copying 0 resource from src\main\resources to target\classes
2025-03-27 12:05:41,994 [Worker-3: Building] INFO  o.a.m.s.f.DefaultMavenResourcesFiltering - Copying 1 resource from src\main\resources to target\classes
2025-03-27 12:05:42,001 [Worker-3: Building] INFO  o.a.m.s.f.DefaultMavenResourcesFiltering - skip non existing resourceDirectory C:\ShopmeEcommerce\ShopmeProject\ShopmeWebParent\ShopmeBackEnd\src\test\resources
2025-03-27 12:06:57,286 [Worker-3: Building] INFO  o.a.m.s.f.DefaultMavenResourcesFiltering - Copying 0 resource from src\main\resources to target\classes
2025-03-27 12:06:57,289 [Worker-3: Building] INFO  o.a.m.s.f.DefaultMavenResourcesFiltering - Copying 0 resource from src\main\resources to target\classes
2025-03-27 12:06:57,292 [Worker-3: Building] INFO  o.a.m.s.f.DefaultMavenResourcesFiltering - skip non existing resourceDirectory C:\ShopmeEcommerce\ShopmeProject\ShopmeWebParent\ShopmeBackEnd\src\test\resources
2025-03-27 12:07:09,251 [Worker-5: Launching UserRepositoryTest.testUpdateUserDetails] INFO  o.e.m.c.i.p.WorkspaceClassifierResolverManager - Resolving P/ShopmeCommon: com.example:ShopmeCommon:0.0.1-SNAPSHOT with classifier null to /ShopmeCommon/target/classes
2025-03-27 12:07:09,716 [Worker-5: Launching UserRepositoryTest.testUpdateUserDetails] INFO  o.e.m.c.i.p.WorkspaceClassifierResolverManager - Resolving P/ShopmeCommon: com.example:ShopmeCommon:0.0.1-SNAPSHOT with classifier null to /ShopmeCommon/target/classes
2025-03-27 12:07:10,026 [Worker-5: Launching UserRepositoryTest.testUpdateUserDetails] INFO  o.e.m.c.i.p.WorkspaceClassifierResolverManager - Resolving P/ShopmeCommon: com.example:ShopmeCommon:0.0.1-SNAPSHOT with classifier null to /ShopmeCommon/target/classes
2025-03-27 12:14:14,496 [Worker-15: Building] INFO  o.a.m.s.f.DefaultMavenResourcesFiltering - Copying 0 resource from src\main\resources to target\classes
2025-03-27 12:14:14,499 [Worker-15: Building] INFO  o.a.m.s.f.DefaultMavenResourcesFiltering - Copying 1 resource from src\main\resources to target\classes
2025-03-27 12:14:14,503 [Worker-15: Building] INFO  o.a.m.s.f.DefaultMavenResourcesFiltering - skip non existing resourceDirectory C:\ShopmeEcommerce\ShopmeProject\ShopmeWebParent\ShopmeBackEnd\src\test\resources
2025-03-27 12:20:15,506 [Worker-15: Building] INFO  o.a.m.s.f.DefaultMavenResourcesFiltering - Copying 1 resource from src\main\resources to target\classes
2025-03-27 12:20:15,524 [Worker-15: Building] INFO  o.a.m.s.f.DefaultMavenResourcesFiltering - Copying 14 resources from src\main\resources to target\classes
2025-03-27 12:20:15,534 [Worker-15: Building] INFO  o.a.m.s.f.DefaultMavenResourcesFiltering - skip non existing resourceDirectory C:\ShopmeEcommerce\ShopmeProject\ShopmeWebParent\ShopmeBackEnd\src\test\resources
2025-03-27 12:21:15,812 [Worker-5: Building] INFO  o.a.m.s.f.DefaultMavenResourcesFiltering - Copying 1 resource from src\main\resources to target\classes
2025-03-27 12:21:15,827 [Worker-5: Building] INFO  o.a.m.s.f.DefaultMavenResourcesFiltering - Copying 14 resources from src\main\resources to target\classes
2025-03-27 12:21:15,843 [Worker-5: Building] INFO  o.a.m.s.f.DefaultMavenResourcesFiltering - skip non existing resourceDirectory C:\ShopmeEcommerce\ShopmeProject\ShopmeWebParent\ShopmeBackEnd\src\test\resources
2025-03-27 12:21:35,793 [Worker-17: Building] INFO  o.a.m.s.f.DefaultMavenResourcesFiltering - Copying 1 resource from src\main\resources to target\classes
2025-03-27 12:21:35,802 [Worker-17: Building] INFO  o.a.m.s.f.DefaultMavenResourcesFiltering - Copying 14 resources from src\main\resources to target\classes
2025-03-27 12:21:35,811 [Worker-17: Building] INFO  o.a.m.s.f.DefaultMavenResourcesFiltering - skip non existing resourceDirectory C:\ShopmeEcommerce\ShopmeProject\ShopmeWebParent\ShopmeBackEnd\src\test\resources
2025-03-27 12:24:40,559 [Worker-9: Building] INFO  o.a.m.s.f.DefaultMavenResourcesFiltering - Copying 1 resource from src\main\resources to target\classes
2025-03-27 12:24:40,572 [Worker-9: Building] INFO  o.a.m.s.f.DefaultMavenResourcesFiltering - Copying 14 resources from src\main\resources to target\classes
2025-03-27 12:24:40,581 [Worker-9: Building] INFO  o.a.m.s.f.DefaultMavenResourcesFiltering - skip non existing resourceDirectory C:\ShopmeEcommerce\ShopmeProject\ShopmeWebParent\ShopmeBackEnd\src\test\resources
2025-03-27 12:24:49,367 [Worker-7: Building] INFO  o.a.m.s.f.DefaultMavenResourcesFiltering - Copying 1 resource from src\main\resources to target\classes
2025-03-27 12:24:49,376 [Worker-7: Building] INFO  o.a.m.s.f.DefaultMavenResourcesFiltering - Copying 14 resources from src\main\resources to target\classes
2025-03-27 12:24:49,388 [Worker-7: Building] INFO  o.a.m.s.f.DefaultMavenResourcesFiltering - skip non existing resourceDirectory C:\ShopmeEcommerce\ShopmeProject\ShopmeWebParent\ShopmeBackEnd\src\test\resources
2025-03-27 12:24:52,563 [Worker-7: Building] INFO  o.a.m.s.f.DefaultMavenResourcesFiltering - Copying 1 resource from src\main\resources to target\classes
2025-03-27 12:24:52,587 [Worker-7: Building] INFO  o.a.m.s.f.DefaultMavenResourcesFiltering - Copying 14 resources from src\main\resources to target\classes
2025-03-27 12:24:52,611 [Worker-7: Building] INFO  o.a.m.s.f.DefaultMavenResourcesFiltering - skip non existing resourceDirectory C:\ShopmeEcommerce\ShopmeProject\ShopmeWebParent\ShopmeBackEnd\src\test\resources
2025-03-27 12:26:03,481 [Worker-0: Building] INFO  o.a.m.s.f.DefaultMavenResourcesFiltering - Copying 1 resource from src\main\resources to target\classes
2025-03-27 12:26:03,493 [Worker-0: Building] INFO  o.a.m.s.f.DefaultMavenResourcesFiltering - Copying 14 resources from src\main\resources to target\classes
2025-03-27 12:26:03,635 [Worker-0: Building] INFO  o.a.m.s.f.DefaultMavenResourcesFiltering - skip non existing resourceDirectory C:\ShopmeEcommerce\ShopmeProject\ShopmeWebParent\ShopmeBackEnd\src\test\resources
2025-03-27 12:27:01,559 [Worker-4: Building] INFO  o.a.m.s.f.DefaultMavenResourcesFiltering - Copying 1 resource from src\main\resources to target\classes
2025-03-27 12:27:01,567 [Worker-4: Building] INFO  o.a.m.s.f.DefaultMavenResourcesFiltering - Copying 14 resources from src\main\resources to target\classes
2025-03-27 12:27:01,576 [Worker-4: Building] INFO  o.a.m.s.f.DefaultMavenResourcesFiltering - skip non existing resourceDirectory C:\ShopmeEcommerce\ShopmeProject\ShopmeWebParent\ShopmeBackEnd\src\test\resources
2025-03-27 12:28:46,329 [Worker-15: Building] INFO  o.a.m.s.f.DefaultMavenResourcesFiltering - Copying 0 resource from src\main\resources to target\classes
2025-03-27 12:28:46,333 [Worker-15: Building] INFO  o.a.m.s.f.DefaultMavenResourcesFiltering - Copying 1 resource from src\main\resources to target\classes
2025-03-27 12:28:46,340 [Worker-15: Building] INFO  o.a.m.s.f.DefaultMavenResourcesFiltering - skip non existing resourceDirectory C:\ShopmeEcommerce\ShopmeProject\ShopmeWebParent\ShopmeBackEnd\src\test\resources
2025-03-27 12:30:51,140 [Worker-3: Building] INFO  o.a.m.s.f.DefaultMavenResourcesFiltering - Copying 1 resource from src\main\resources to target\classes
2025-03-27 12:30:51,152 [Worker-3: Building] INFO  o.a.m.s.f.DefaultMavenResourcesFiltering - Copying 14 resources from src\main\resources to target\classes
2025-03-27 12:30:51,159 [Worker-3: Building] INFO  o.a.m.s.f.DefaultMavenResourcesFiltering - skip non existing resourceDirectory C:\ShopmeEcommerce\ShopmeProject\ShopmeWebParent\ShopmeBackEnd\src\test\resources
2025-03-27 12:32:37,523 [Worker-7: Building] INFO  o.a.m.s.f.DefaultMavenResourcesFiltering - Copying 0 resource from src\main\resources to target\classes
2025-03-27 12:32:37,525 [Worker-7: Building] INFO  o.a.m.s.f.DefaultMavenResourcesFiltering - Copying 1 resource from src\main\resources to target\classes
2025-03-27 12:32:37,531 [Worker-7: Building] INFO  o.a.m.s.f.DefaultMavenResourcesFiltering - skip non existing resourceDirectory C:\ShopmeEcommerce\ShopmeProject\ShopmeWebParent\ShopmeBackEnd\src\test\resources
2025-03-27 12:32:54,687 [Worker-4: Building] INFO  o.a.m.s.f.DefaultMavenResourcesFiltering - Copying 0 resource from src\main\resources to target\classes
2025-03-27 12:32:54,689 [Worker-4: Building] INFO  o.a.m.s.f.DefaultMavenResourcesFiltering - Copying 1 resource from src\main\resources to target\classes
2025-03-27 12:32:54,693 [Worker-4: Building] INFO  o.a.m.s.f.DefaultMavenResourcesFiltering - skip non existing resourceDirectory C:\ShopmeEcommerce\ShopmeProject\ShopmeWebParent\ShopmeBackEnd\src\test\resources
2025-03-27 12:33:09,867 [Worker-7: Building] INFO  o.a.m.s.f.DefaultMavenResourcesFiltering - Copying 0 resource from src\main\resources to target\classes
2025-03-27 12:33:09,870 [Worker-7: Building] INFO  o.a.m.s.f.DefaultMavenResourcesFiltering - Copying 1 resource from src\main\resources to target\classes
2025-03-27 12:33:09,875 [Worker-7: Building] INFO  o.a.m.s.f.DefaultMavenResourcesFiltering - skip non existing resourceDirectory C:\ShopmeEcommerce\ShopmeProject\ShopmeWebParent\ShopmeBackEnd\src\test\resources
2025-03-27 12:35:02,186 [Worker-7: Building] INFO  o.a.m.s.f.DefaultMavenResourcesFiltering - Copying 1 resource from src\main\resources to target\classes
2025-03-27 12:35:02,191 [Worker-7: Building] INFO  o.a.m.s.f.DefaultMavenResourcesFiltering - Copying 14 resources from src\main\resources to target\classes
2025-03-27 12:35:02,198 [Worker-7: Building] INFO  o.a.m.s.f.DefaultMavenResourcesFiltering - skip non existing resourceDirectory C:\ShopmeEcommerce\ShopmeProject\ShopmeWebParent\ShopmeBackEnd\src\test\resources
2025-03-27 12:38:08,421 [Worker-5: Building] INFO  o.a.m.s.f.DefaultMavenResourcesFiltering - Copying 0 resource from src\main\resources to target\classes
2025-03-27 12:38:08,424 [Worker-5: Building] INFO  o.a.m.s.f.DefaultMavenResourcesFiltering - Copying 1 resource from src\main\resources to target\classes
2025-03-27 12:38:08,429 [Worker-5: Building] INFO  o.a.m.s.f.DefaultMavenResourcesFiltering - skip non existing resourceDirectory C:\ShopmeEcommerce\ShopmeProject\ShopmeWebParent\ShopmeBackEnd\src\test\resources
2025-03-27 12:39:24,245 [Worker-4: Building] INFO  o.a.m.s.f.DefaultMavenResourcesFiltering - Copying 0 resource from src\main\resources to target\classes
2025-03-27 12:39:24,249 [Worker-4: Building] INFO  o.a.m.s.f.DefaultMavenResourcesFiltering - Copying 1 resource from src\main\resources to target\classes
2025-03-27 12:39:24,256 [Worker-4: Building] INFO  o.a.m.s.f.DefaultMavenResourcesFiltering - skip non existing resourceDirectory C:\ShopmeEcommerce\ShopmeProject\ShopmeWebParent\ShopmeBackEnd\src\test\resources
2025-03-27 12:42:08,681 [Worker-9: Building] INFO  o.a.m.s.f.DefaultMavenResourcesFiltering - Copying 1 resource from src\main\resources to target\classes
2025-03-27 12:42:08,695 [Worker-9: Building] INFO  o.a.m.s.f.DefaultMavenResourcesFiltering - Copying 14 resources from src\main\resources to target\classes
2025-03-27 12:42:08,707 [Worker-9: Building] INFO  o.a.m.s.f.DefaultMavenResourcesFiltering - skip non existing resourceDirectory C:\ShopmeEcommerce\ShopmeProject\ShopmeWebParent\ShopmeBackEnd\src\test\resources
2025-03-27 12:42:14,765 [Worker-9: Building] INFO  o.a.m.s.f.DefaultMavenResourcesFiltering - Copying 1 resource from src\main\resources to target\classes
2025-03-27 12:42:14,773 [Worker-9: Building] INFO  o.a.m.s.f.DefaultMavenResourcesFiltering - Copying 14 resources from src\main\resources to target\classes
2025-03-27 12:42:14,782 [Worker-9: Building] INFO  o.a.m.s.f.DefaultMavenResourcesFiltering - skip non existing resourceDirectory C:\ShopmeEcommerce\ShopmeProject\ShopmeWebParent\ShopmeBackEnd\src\test\resources
2025-03-27 12:47:17,367 [Worker-17: Building] INFO  o.a.m.s.f.DefaultMavenResourcesFiltering - Copying 1 resource from src\main\resources to target\classes
2025-03-27 12:47:17,374 [Worker-17: Building] INFO  o.a.m.s.f.DefaultMavenResourcesFiltering - Copying 14 resources from src\main\resources to target\classes
2025-03-27 12:47:17,381 [Worker-17: Building] INFO  o.a.m.s.f.DefaultMavenResourcesFiltering - skip non existing resourceDirectory C:\ShopmeEcommerce\ShopmeProject\ShopmeWebParent\ShopmeBackEnd\src\test\resources
2025-03-27 12:49:56,883 [Worker-7: Building] INFO  o.a.m.s.f.DefaultMavenResourcesFiltering - Copying 0 resource from src\main\resources to target\classes
2025-03-27 12:49:56,888 [Worker-7: Building] INFO  o.a.m.s.f.DefaultMavenResourcesFiltering - Copying 1 resource from src\main\resources to target\classes
2025-03-27 12:49:56,896 [Worker-7: Building] INFO  o.a.m.s.f.DefaultMavenResourcesFiltering - skip non existing resourceDirectory C:\ShopmeEcommerce\ShopmeProject\ShopmeWebParent\ShopmeBackEnd\src\test\resources
2025-03-27 12:53:00,309 [Worker-0: Building] INFO  o.a.m.s.f.DefaultMavenResourcesFiltering - Copying 0 resource from src\main\resources to target\classes
2025-03-27 12:53:00,312 [Worker-0: Building] INFO  o.a.m.s.f.DefaultMavenResourcesFiltering - Copying 1 resource from src\main\resources to target\classes
2025-03-27 12:53:00,317 [Worker-0: Building] INFO  o.a.m.s.f.DefaultMavenResourcesFiltering - skip non existing resourceDirectory C:\ShopmeEcommerce\ShopmeProject\ShopmeWebParent\ShopmeBackEnd\src\test\resources
2025-03-27 13:09:16,939 [Worker-16: Building] INFO  o.a.m.s.f.DefaultMavenResourcesFiltering - Copying 0 resource from src\main\resources to target\classes
2025-03-27 13:09:16,943 [Worker-16: Building] INFO  o.a.m.s.f.DefaultMavenResourcesFiltering - Copying 1 resource from src\main\resources to target\classes
2025-03-27 13:09:16,948 [Worker-16: Building] INFO  o.a.m.s.f.DefaultMavenResourcesFiltering - skip non existing resourceDirectory C:\ShopmeEcommerce\ShopmeProject\ShopmeWebParent\ShopmeBackEnd\src\test\resources
2025-03-27 13:13:16,982 [Worker-15: Building] INFO  o.a.m.s.f.DefaultMavenResourcesFiltering - Copying 0 resource from src\main\resources to target\classes
2025-03-27 13:13:16,984 [Worker-15: Building] INFO  o.a.m.s.f.DefaultMavenResourcesFiltering - Copying 1 resource from src\main\resources to target\classes
2025-03-27 13:13:16,992 [Worker-15: Building] INFO  o.a.m.s.f.DefaultMavenResourcesFiltering - skip non existing resourceDirectory C:\ShopmeEcommerce\ShopmeProject\ShopmeWebParent\ShopmeBackEnd\src\test\resources
2025-03-27 13:13:46,527 [Worker-16: Building] INFO  o.a.m.s.f.DefaultMavenResourcesFiltering - Copying 0 resource from src\main\resources to target\classes
2025-03-27 13:13:46,531 [Worker-16: Building] INFO  o.a.m.s.f.DefaultMavenResourcesFiltering - Copying 1 resource from src\main\resources to target\classes
2025-03-27 13:13:46,538 [Worker-16: Building] INFO  o.a.m.s.f.DefaultMavenResourcesFiltering - skip non existing resourceDirectory C:\ShopmeEcommerce\ShopmeProject\ShopmeWebParent\ShopmeBackEnd\src\test\resources
2025-03-27 13:14:12,580 [Worker-17: Building] INFO  o.a.m.s.f.DefaultMavenResourcesFiltering - Copying 0 resource from src\main\resources to target\classes
2025-03-27 13:14:12,582 [Worker-17: Building] INFO  o.a.m.s.f.DefaultMavenResourcesFiltering - Copying 1 resource from src\main\resources to target\classes
2025-03-27 13:14:12,589 [Worker-17: Building] INFO  o.a.m.s.f.DefaultMavenResourcesFiltering - skip non existing resourceDirectory C:\ShopmeEcommerce\ShopmeProject\ShopmeWebParent\ShopmeBackEnd\src\test\resources
2025-03-27 13:14:48,104 [Worker-0: Building] INFO  o.a.m.s.f.DefaultMavenResourcesFiltering - Copying 0 resource from src\main\resources to target\classes
2025-03-27 13:14:48,109 [Worker-0: Building] INFO  o.a.m.s.f.DefaultMavenResourcesFiltering - Copying 1 resource from src\main\resources to target\classes
2025-03-27 13:14:48,116 [Worker-0: Building] INFO  o.a.m.s.f.DefaultMavenResourcesFiltering - skip non existing resourceDirectory C:\ShopmeEcommerce\ShopmeProject\ShopmeWebParent\ShopmeBackEnd\src\test\resources
2025-03-27 13:15:41,381 [Worker-7: Building] INFO  o.a.m.s.f.DefaultMavenResourcesFiltering - Copying 0 resource from src\main\resources to target\classes
2025-03-27 13:15:41,384 [Worker-7: Building] INFO  o.a.m.s.f.DefaultMavenResourcesFiltering - Copying 1 resource from src\main\resources to target\classes
2025-03-27 13:15:41,390 [Worker-7: Building] INFO  o.a.m.s.f.DefaultMavenResourcesFiltering - skip non existing resourceDirectory C:\ShopmeEcommerce\ShopmeProject\ShopmeWebParent\ShopmeBackEnd\src\test\resources
2025-03-27 13:17:10,606 [Worker-15: Building] INFO  o.a.m.s.f.DefaultMavenResourcesFiltering - Copying 0 resource from src\main\resources to target\classes
2025-03-27 13:17:10,610 [Worker-15: Building] INFO  o.a.m.s.f.DefaultMavenResourcesFiltering - Copying 1 resource from src\main\resources to target\classes
2025-03-27 13:17:10,615 [Worker-15: Building] INFO  o.a.m.s.f.DefaultMavenResourcesFiltering - skip non existing resourceDirectory C:\ShopmeEcommerce\ShopmeProject\ShopmeWebParent\ShopmeBackEnd\src\test\resources
2025-03-27 13:18:32,695 [Worker-9: Building] INFO  o.a.m.s.f.DefaultMavenResourcesFiltering - Copying 1 resource from src\main\resources to target\classes
2025-03-27 13:18:32,709 [Worker-9: Building] INFO  o.a.m.s.f.DefaultMavenResourcesFiltering - Copying 14 resources from src\main\resources to target\classes
2025-03-27 13:18:32,719 [Worker-9: Building] INFO  o.a.m.s.f.DefaultMavenResourcesFiltering - skip non existing resourceDirectory C:\ShopmeEcommerce\ShopmeProject\ShopmeWebParent\ShopmeBackEnd\src\test\resources
2025-03-27 13:26:11,917 [Worker-16: Building] INFO  o.a.m.s.f.DefaultMavenResourcesFiltering - Copying 1 resource from src\main\resources to target\classes
2025-03-27 13:26:11,928 [Worker-16: Building] INFO  o.a.m.s.f.DefaultMavenResourcesFiltering - Copying 14 resources from src\main\resources to target\classes
2025-03-27 13:26:11,934 [Worker-16: Building] INFO  o.a.m.s.f.DefaultMavenResourcesFiltering - skip non existing resourceDirectory C:\ShopmeEcommerce\ShopmeProject\ShopmeWebParent\ShopmeBackEnd\src\test\resources
2025-03-27 13:26:35,211 [Worker-0: Building] INFO  o.a.m.s.f.DefaultMavenResourcesFiltering - Copying 1 resource from src\main\resources to target\classes
2025-03-27 13:26:35,223 [Worker-0: Building] INFO  o.a.m.s.f.DefaultMavenResourcesFiltering - Copying 14 resources from src\main\resources to target\classes
2025-03-27 13:26:35,230 [Worker-0: Building] INFO  o.a.m.s.f.DefaultMavenResourcesFiltering - skip non existing resourceDirectory C:\ShopmeEcommerce\ShopmeProject\ShopmeWebParent\ShopmeBackEnd\src\test\resources
2025-03-30 10:46:12,083 [Worker-20: Launching ShopmeBackEnd - ShopmeBackEndApplication] INFO  o.e.m.c.i.p.WorkspaceClassifierResolverManager - Resolving P/ShopmeCommon: com.example:ShopmeCommon:0.0.1-SNAPSHOT with classifier null to /ShopmeCommon/target/classes
2025-03-30 10:46:12,232 [Worker-20: Launching ShopmeBackEnd - ShopmeBackEndApplication] INFO  o.e.m.c.i.p.WorkspaceClassifierResolverManager - Resolving P/ShopmeCommon: com.example:ShopmeCommon:0.0.1-SNAPSHOT with classifier null to /ShopmeCommon/target/classes
2025-03-30 10:46:12,365 [Worker-20: Launching ShopmeBackEnd - ShopmeBackEndApplication] INFO  o.e.m.c.i.p.WorkspaceClassifierResolverManager - Resolving P/ShopmeCommon: com.example:ShopmeCommon:0.0.1-SNAPSHOT with classifier null to /ShopmeCommon/target/classes
2025-03-30 11:07:50,085 [Worker-21: Building] INFO  o.a.m.s.f.DefaultMavenResourcesFiltering - Copying 1 resource from src\main\resources to target\classes
2025-03-30 11:07:50,101 [Worker-21: Building] INFO  o.a.m.s.f.DefaultMavenResourcesFiltering - Copying 14 resources from src\main\resources to target\classes
2025-03-30 11:07:50,110 [Worker-21: Building] INFO  o.a.m.s.f.DefaultMavenResourcesFiltering - skip non existing resourceDirectory C:\ShopmeEcommerce\ShopmeProject\ShopmeWebParent\ShopmeBackEnd\src\test\resources
2025-03-30 11:17:32,638 [Worker-3: Building] INFO  o.a.m.s.f.DefaultMavenResourcesFiltering - Copying 0 resource from src\main\resources to target\classes
2025-03-30 11:17:32,643 [Worker-3: Building] INFO  o.a.m.s.f.DefaultMavenResourcesFiltering - Copying 0 resource from src\main\resources to target\classes
2025-03-30 11:17:32,646 [Worker-3: Building] INFO  o.a.m.s.f.DefaultMavenResourcesFiltering - skip non existing resourceDirectory C:\ShopmeEcommerce\ShopmeProject\ShopmeWebParent\ShopmeBackEnd\src\test\resources
2025-03-30 11:17:38,109 [main] INFO  o.e.m.jdt.internal.UnitTestSupport - Updating UserRepositoryTest.testCountById from maven configuration
2025-03-30 11:17:40,723 [Worker-3: Launching UserRepositoryTest.testCountById] INFO  o.e.m.c.i.p.WorkspaceClassifierResolverManager - Resolving P/ShopmeCommon: com.example:ShopmeCommon:0.0.1-SNAPSHOT with classifier null to /ShopmeCommon/target/classes
2025-03-30 11:17:41,186 [Worker-3: Launching UserRepositoryTest.testCountById] INFO  o.e.m.c.i.p.WorkspaceClassifierResolverManager - Resolving P/ShopmeCommon: com.example:ShopmeCommon:0.0.1-SNAPSHOT with classifier null to /ShopmeCommon/target/classes
2025-03-30 11:17:41,347 [Worker-3: Launching UserRepositoryTest.testCountById] INFO  o.e.m.c.i.p.WorkspaceClassifierResolverManager - Resolving P/ShopmeCommon: com.example:ShopmeCommon:0.0.1-SNAPSHOT with classifier null to /ShopmeCommon/target/classes
2025-03-30 11:18:08,165 [Worker-23: Launching UserRepositoryTest.testCountById] INFO  o.e.m.c.i.p.WorkspaceClassifierResolverManager - Resolving P/ShopmeCommon: com.example:ShopmeCommon:0.0.1-SNAPSHOT with classifier null to /ShopmeCommon/target/classes
2025-03-30 11:18:09,726 [Worker-23: Launching UserRepositoryTest.testCountById] INFO  o.a.m.s.f.DefaultMavenResourcesFiltering - Copying 0 resource from src\main\resources to target\classes
2025-03-30 11:18:09,729 [Worker-23: Launching UserRepositoryTest.testCountById] INFO  o.a.m.s.f.DefaultMavenResourcesFiltering - Copying 0 resource from src\main\resources to target\classes
2025-03-30 11:18:09,733 [Worker-23: Launching UserRepositoryTest.testCountById] INFO  o.a.m.s.f.DefaultMavenResourcesFiltering - skip non existing resourceDirectory C:\ShopmeEcommerce\ShopmeProject\ShopmeWebParent\ShopmeBackEnd\src\test\resources
2025-03-30 11:18:09,963 [Worker-23: Launching UserRepositoryTest.testCountById] INFO  o.e.m.c.i.p.WorkspaceClassifierResolverManager - Resolving P/ShopmeCommon: com.example:ShopmeCommon:0.0.1-SNAPSHOT with classifier null to /ShopmeCommon/target/classes
2025-03-30 11:18:10,107 [Worker-23: Launching UserRepositoryTest.testCountById] INFO  o.e.m.c.i.p.WorkspaceClassifierResolverManager - Resolving P/ShopmeCommon: com.example:ShopmeCommon:0.0.1-SNAPSHOT with classifier null to /ShopmeCommon/target/classes
2025-04-01 10:16:13,031 [Worker-1: Loading available Gradle versions] INFO  o.e.b.c.i.u.g.PublishedGradleVersions - Gradle version information cache is out-of-date. Trying to update.
2025-04-01 10:17:01,356 [Worker-7: Building] INFO  o.e.m.c.i.p.WorkspaceClassifierResolverManager - Resolving P/ShopmeCommon: com.example:ShopmeCommon:0.0.1-SNAPSHOT with classifier  to /ShopmeCommon/target/classes
2025-04-01 10:17:01,570 [Worker-7: Building] INFO  o.e.m.c.i.p.WorkspaceClassifierResolverManager - Resolving P/ShopmeCommon: com.example:ShopmeCommon:0.0.1-SNAPSHOT with classifier  to /ShopmeCommon/target/classes
2025-04-01 10:17:01,981 [Worker-7: Building] INFO  o.a.m.s.f.DefaultMavenResourcesFiltering - Copying 1 resource from src\main\resources to target\classes
2025-04-01 10:17:02,012 [Worker-7: Building] INFO  o.a.m.s.f.DefaultMavenResourcesFiltering - Copying 14 resources from src\main\resources to target\classes
2025-04-01 10:17:02,062 [Worker-7: Building] INFO  o.a.m.s.f.DefaultMavenResourcesFiltering - skip non existing resourceDirectory C:\ShopmeEcommerce\ShopmeProject\ShopmeWebParent\ShopmeBackEnd\src\test\resources
2025-04-01 10:17:03,685 [Worker-7: Building] INFO  o.e.m.c.i.p.WorkspaceClassifierResolverManager - Resolving P/ShopmeCommon: com.example:ShopmeCommon:0.0.1-SNAPSHOT with classifier  to /ShopmeCommon/target/classes
2025-04-01 10:17:03,953 [Worker-6: Launching ShopmeBackEnd - ShopmeBackEndApplication] INFO  o.e.m.c.i.p.WorkspaceClassifierResolverManager - Resolving P/ShopmeCommon: com.example:ShopmeCommon:0.0.1-SNAPSHOT with classifier null to /ShopmeCommon/target/classes
2025-04-01 10:17:04,088 [Worker-6: Launching ShopmeBackEnd - ShopmeBackEndApplication] INFO  o.e.m.c.i.p.WorkspaceClassifierResolverManager - Resolving P/ShopmeCommon: com.example:ShopmeCommon:0.0.1-SNAPSHOT with classifier null to /ShopmeCommon/target/classes
2025-04-01 10:17:04,229 [Worker-6: Launching ShopmeBackEnd - ShopmeBackEndApplication] INFO  o.e.m.c.i.p.WorkspaceClassifierResolverManager - Resolving P/ShopmeCommon: com.example:ShopmeCommon:0.0.1-SNAPSHOT with classifier null to /ShopmeCommon/target/classes
2025-04-01 10:34:57,185 [Worker-5: Building] INFO  o.a.m.s.f.DefaultMavenResourcesFiltering - Copying 0 resource from src\main\resources to target\classes
2025-04-01 10:34:57,276 [Worker-5: Building] INFO  o.a.m.s.f.DefaultMavenResourcesFiltering - Copying 1 resource from src\main\resources to target\classes
2025-04-01 10:34:57,314 [Worker-5: Building] INFO  o.a.m.s.f.DefaultMavenResourcesFiltering - skip non existing resourceDirectory C:\ShopmeEcommerce\ShopmeProject\ShopmeWebParent\ShopmeBackEnd\src\test\resources
2025-04-01 10:35:34,417 [Worker-6: Building] INFO  o.a.m.s.f.DefaultMavenResourcesFiltering - Copying 0 resource from src\main\resources to target\classes
2025-04-01 10:35:34,421 [Worker-6: Building] INFO  o.a.m.s.f.DefaultMavenResourcesFiltering - Copying 1 resource from src\main\resources to target\classes
2025-04-01 10:35:34,428 [Worker-6: Building] INFO  o.a.m.s.f.DefaultMavenResourcesFiltering - skip non existing resourceDirectory C:\ShopmeEcommerce\ShopmeProject\ShopmeWebParent\ShopmeBackEnd\src\test\resources
2025-04-01 10:36:09,580 [Worker-4: Building] INFO  o.a.m.s.f.DefaultMavenResourcesFiltering - Copying 0 resource from src\main\resources to target\classes
2025-04-01 10:36:09,583 [Worker-4: Building] INFO  o.a.m.s.f.DefaultMavenResourcesFiltering - Copying 1 resource from src\main\resources to target\classes
2025-04-01 10:36:09,591 [Worker-4: Building] INFO  o.a.m.s.f.DefaultMavenResourcesFiltering - skip non existing resourceDirectory C:\ShopmeEcommerce\ShopmeProject\ShopmeWebParent\ShopmeBackEnd\src\test\resources
2025-04-01 10:40:08,796 [Worker-9: Building] INFO  o.a.m.s.f.DefaultMavenResourcesFiltering - Copying 1 resource from src\main\resources to target\classes
2025-04-01 10:40:08,815 [Worker-9: Building] INFO  o.a.m.s.f.DefaultMavenResourcesFiltering - Copying 14 resources from src\main\resources to target\classes
2025-04-01 10:40:08,825 [Worker-9: Building] INFO  o.a.m.s.f.DefaultMavenResourcesFiltering - skip non existing resourceDirectory C:\ShopmeEcommerce\ShopmeProject\ShopmeWebParent\ShopmeBackEnd\src\test\resources
2025-04-01 10:42:54,389 [Worker-0: Building] INFO  o.a.m.s.f.DefaultMavenResourcesFiltering - Copying 0 resource from src\main\resources to target\classes
2025-04-01 10:42:54,393 [Worker-0: Building] INFO  o.a.m.s.f.DefaultMavenResourcesFiltering - Copying 1 resource from src\main\resources to target\classes
2025-04-01 10:42:54,402 [Worker-0: Building] INFO  o.a.m.s.f.DefaultMavenResourcesFiltering - skip non existing resourceDirectory C:\ShopmeEcommerce\ShopmeProject\ShopmeWebParent\ShopmeBackEnd\src\test\resources
2025-04-01 10:46:32,988 [Worker-12: Building] INFO  o.a.m.s.f.DefaultMavenResourcesFiltering - Copying 0 resource from src\main\resources to target\classes
2025-04-01 10:46:32,991 [Worker-12: Building] INFO  o.a.m.s.f.DefaultMavenResourcesFiltering - Copying 1 resource from src\main\resources to target\classes
2025-04-01 10:46:32,997 [Worker-12: Building] INFO  o.a.m.s.f.DefaultMavenResourcesFiltering - skip non existing resourceDirectory C:\ShopmeEcommerce\ShopmeProject\ShopmeWebParent\ShopmeBackEnd\src\test\resources
2025-04-01 10:48:16,065 [Worker-12: Building] INFO  o.a.m.s.f.DefaultMavenResourcesFiltering - Copying 0 resource from src\main\resources to target\classes
2025-04-01 10:48:16,069 [Worker-12: Building] INFO  o.a.m.s.f.DefaultMavenResourcesFiltering - Copying 1 resource from src\main\resources to target\classes
2025-04-01 10:48:16,077 [Worker-12: Building] INFO  o.a.m.s.f.DefaultMavenResourcesFiltering - skip non existing resourceDirectory C:\ShopmeEcommerce\ShopmeProject\ShopmeWebParent\ShopmeBackEnd\src\test\resources
2025-04-01 10:49:01,211 [Worker-8: Building] INFO  o.a.m.s.f.DefaultMavenResourcesFiltering - Copying 0 resource from src\main\resources to target\classes
2025-04-01 10:49:01,215 [Worker-8: Building] INFO  o.a.m.s.f.DefaultMavenResourcesFiltering - Copying 1 resource from src\main\resources to target\classes
2025-04-01 10:49:01,223 [Worker-8: Building] INFO  o.a.m.s.f.DefaultMavenResourcesFiltering - skip non existing resourceDirectory C:\ShopmeEcommerce\ShopmeProject\ShopmeWebParent\ShopmeBackEnd\src\test\resources
2025-04-01 10:49:13,732 [Worker-8: Building] INFO  o.a.m.s.f.DefaultMavenResourcesFiltering - Copying 0 resource from src\main\resources to target\classes
2025-04-01 10:49:13,735 [Worker-8: Building] INFO  o.a.m.s.f.DefaultMavenResourcesFiltering - Copying 1 resource from src\main\resources to target\classes
2025-04-01 10:49:13,739 [Worker-8: Building] INFO  o.a.m.s.f.DefaultMavenResourcesFiltering - skip non existing resourceDirectory C:\ShopmeEcommerce\ShopmeProject\ShopmeWebParent\ShopmeBackEnd\src\test\resources
2025-04-01 14:36:10,896 [Worker-10: Building] INFO  o.a.m.s.f.DefaultMavenResourcesFiltering - Copying 0 resource from src\main\resources to target\classes
2025-04-01 14:36:10,898 [Worker-10: Building] INFO  o.a.m.s.f.DefaultMavenResourcesFiltering - Copying 1 resource from src\main\resources to target\classes
2025-04-01 14:36:10,903 [Worker-10: Building] INFO  o.a.m.s.f.DefaultMavenResourcesFiltering - skip non existing resourceDirectory C:\ShopmeEcommerce\ShopmeProject\ShopmeWebParent\ShopmeBackEnd\src\test\resources
2025-04-01 14:36:27,334 [Worker-14: Launching ShopmeBackEnd - ShopmeBackEndApplication] INFO  o.e.m.c.i.p.WorkspaceClassifierResolverManager - Resolving P/ShopmeCommon: com.example:ShopmeCommon:0.0.1-SNAPSHOT with classifier null to /ShopmeCommon/target/classes
2025-04-01 14:36:27,459 [Worker-14: Launching ShopmeBackEnd - ShopmeBackEndApplication] INFO  o.e.m.c.i.p.WorkspaceClassifierResolverManager - Resolving P/ShopmeCommon: com.example:ShopmeCommon:0.0.1-SNAPSHOT with classifier null to /ShopmeCommon/target/classes
2025-04-01 14:36:27,596 [Worker-14: Launching ShopmeBackEnd - ShopmeBackEndApplication] INFO  o.e.m.c.i.p.WorkspaceClassifierResolverManager - Resolving P/ShopmeCommon: com.example:ShopmeCommon:0.0.1-SNAPSHOT with classifier null to /ShopmeCommon/target/classes
2025-04-01 14:46:03,112 [Worker-3: Building] INFO  o.a.m.s.f.DefaultMavenResourcesFiltering - Copying 0 resource from src\main\resources to target\classes
2025-04-01 14:46:03,115 [Worker-3: Building] INFO  o.a.m.s.f.DefaultMavenResourcesFiltering - Copying 1 resource from src\main\resources to target\classes
2025-04-01 14:46:03,121 [Worker-3: Building] INFO  o.a.m.s.f.DefaultMavenResourcesFiltering - skip non existing resourceDirectory C:\ShopmeEcommerce\ShopmeProject\ShopmeWebParent\ShopmeBackEnd\src\test\resources
2025-04-01 14:49:18,639 [Worker-3: Building] INFO  o.a.m.s.f.DefaultMavenResourcesFiltering - Copying 0 resource from src\main\resources to target\classes
2025-04-01 14:49:18,643 [Worker-3: Building] INFO  o.a.m.s.f.DefaultMavenResourcesFiltering - Copying 1 resource from src\main\resources to target\classes
2025-04-01 14:49:18,648 [Worker-3: Building] INFO  o.a.m.s.f.DefaultMavenResourcesFiltering - skip non existing resourceDirectory C:\ShopmeEcommerce\ShopmeProject\ShopmeWebParent\ShopmeBackEnd\src\test\resources
2025-04-01 14:53:55,618 [Worker-10: Building] INFO  o.a.m.s.f.DefaultMavenResourcesFiltering - Copying 0 resource from src\main\resources to target\classes
2025-04-01 14:53:55,622 [Worker-10: Building] INFO  o.a.m.s.f.DefaultMavenResourcesFiltering - Copying 1 resource from src\main\resources to target\classes
2025-04-01 14:53:55,628 [Worker-10: Building] INFO  o.a.m.s.f.DefaultMavenResourcesFiltering - skip non existing resourceDirectory C:\ShopmeEcommerce\ShopmeProject\ShopmeWebParent\ShopmeBackEnd\src\test\resources
2025-04-01 14:54:00,751 [Worker-15: Building] INFO  o.a.m.s.f.DefaultMavenResourcesFiltering - Copying 0 resource from src\main\resources to target\classes
2025-04-01 14:54:00,755 [Worker-15: Building] INFO  o.a.m.s.f.DefaultMavenResourcesFiltering - Copying 1 resource from src\main\resources to target\classes
2025-04-01 14:54:00,760 [Worker-15: Building] INFO  o.a.m.s.f.DefaultMavenResourcesFiltering - skip non existing resourceDirectory C:\ShopmeEcommerce\ShopmeProject\ShopmeWebParent\ShopmeBackEnd\src\test\resources
2025-04-01 15:12:25,655 [Worker-13: Building] INFO  o.a.m.s.f.DefaultMavenResourcesFiltering - Copying 0 resource from src\main\resources to target\classes
2025-04-01 15:12:25,658 [Worker-13: Building] INFO  o.a.m.s.f.DefaultMavenResourcesFiltering - Copying 1 resource from src\main\resources to target\classes
2025-04-01 15:12:25,663 [Worker-13: Building] INFO  o.a.m.s.f.DefaultMavenResourcesFiltering - skip non existing resourceDirectory C:\ShopmeEcommerce\ShopmeProject\ShopmeWebParent\ShopmeBackEnd\src\test\resources
2025-04-01 15:12:33,352 [Worker-17: Building] INFO  o.a.m.s.f.DefaultMavenResourcesFiltering - Copying 0 resource from src\main\resources to target\classes
2025-04-01 15:12:33,355 [Worker-17: Building] INFO  o.a.m.s.f.DefaultMavenResourcesFiltering - Copying 1 resource from src\main\resources to target\classes
2025-04-01 15:12:33,361 [Worker-17: Building] INFO  o.a.m.s.f.DefaultMavenResourcesFiltering - skip non existing resourceDirectory C:\ShopmeEcommerce\ShopmeProject\ShopmeWebParent\ShopmeBackEnd\src\test\resources
2025-04-01 15:13:48,494 [Worker-10: Building] INFO  o.a.m.s.f.DefaultMavenResourcesFiltering - Copying 0 resource from src\main\resources to target\classes
2025-04-01 15:13:48,498 [Worker-10: Building] INFO  o.a.m.s.f.DefaultMavenResourcesFiltering - Copying 1 resource from src\main\resources to target\classes
2025-04-01 15:13:48,504 [Worker-10: Building] INFO  o.a.m.s.f.DefaultMavenResourcesFiltering - skip non existing resourceDirectory C:\ShopmeEcommerce\ShopmeProject\ShopmeWebParent\ShopmeBackEnd\src\test\resources
2025-04-01 15:14:34,822 [Worker-3: Building] INFO  o.a.m.s.f.DefaultMavenResourcesFiltering - Copying 0 resource from src\main\resources to target\classes
2025-04-01 15:14:34,825 [Worker-3: Building] INFO  o.a.m.s.f.DefaultMavenResourcesFiltering - Copying 1 resource from src\main\resources to target\classes
2025-04-01 15:14:34,829 [Worker-3: Building] INFO  o.a.m.s.f.DefaultMavenResourcesFiltering - skip non existing resourceDirectory C:\ShopmeEcommerce\ShopmeProject\ShopmeWebParent\ShopmeBackEnd\src\test\resources
2025-04-01 15:16:58,831 [Worker-15: Building] INFO  o.a.m.s.f.DefaultMavenResourcesFiltering - Copying 0 resource from src\main\resources to target\classes
2025-04-01 15:16:58,836 [Worker-15: Building] INFO  o.a.m.s.f.DefaultMavenResourcesFiltering - Copying 1 resource from src\main\resources to target\classes
2025-04-01 15:16:58,846 [Worker-15: Building] INFO  o.a.m.s.f.DefaultMavenResourcesFiltering - skip non existing resourceDirectory C:\ShopmeEcommerce\ShopmeProject\ShopmeWebParent\ShopmeBackEnd\src\test\resources
2025-04-01 15:18:21,290 [Worker-14: Building] INFO  o.a.m.s.f.DefaultMavenResourcesFiltering - Copying 0 resource from src\main\resources to target\classes
2025-04-01 15:18:21,293 [Worker-14: Building] INFO  o.a.m.s.f.DefaultMavenResourcesFiltering - Copying 1 resource from src\main\resources to target\classes
2025-04-01 15:18:21,298 [Worker-14: Building] INFO  o.a.m.s.f.DefaultMavenResourcesFiltering - skip non existing resourceDirectory C:\ShopmeEcommerce\ShopmeProject\ShopmeWebParent\ShopmeBackEnd\src\test\resources
2025-04-01 15:19:01,088 [Worker-8: Building] INFO  o.a.m.s.f.DefaultMavenResourcesFiltering - Copying 0 resource from src\main\resources to target\classes
2025-04-01 15:19:01,094 [Worker-8: Building] INFO  o.a.m.s.f.DefaultMavenResourcesFiltering - Copying 1 resource from src\main\resources to target\classes
2025-04-01 15:19:01,102 [Worker-8: Building] INFO  o.a.m.s.f.DefaultMavenResourcesFiltering - skip non existing resourceDirectory C:\ShopmeEcommerce\ShopmeProject\ShopmeWebParent\ShopmeBackEnd\src\test\resources
2025-04-01 15:19:58,133 [Worker-8: Building] INFO  o.a.m.s.f.DefaultMavenResourcesFiltering - Copying 0 resource from src\main\resources to target\classes
2025-04-01 15:19:58,137 [Worker-8: Building] INFO  o.a.m.s.f.DefaultMavenResourcesFiltering - Copying 1 resource from src\main\resources to target\classes
2025-04-01 15:19:58,142 [Worker-8: Building] INFO  o.a.m.s.f.DefaultMavenResourcesFiltering - skip non existing resourceDirectory C:\ShopmeEcommerce\ShopmeProject\ShopmeWebParent\ShopmeBackEnd\src\test\resources
2025-04-01 15:20:30,626 [Worker-8: Building] INFO  o.a.m.s.f.DefaultMavenResourcesFiltering - Copying 0 resource from src\main\resources to target\classes
2025-04-01 15:20:30,630 [Worker-8: Building] INFO  o.a.m.s.f.DefaultMavenResourcesFiltering - Copying 1 resource from src\main\resources to target\classes
2025-04-01 15:20:30,635 [Worker-8: Building] INFO  o.a.m.s.f.DefaultMavenResourcesFiltering - skip non existing resourceDirectory C:\ShopmeEcommerce\ShopmeProject\ShopmeWebParent\ShopmeBackEnd\src\test\resources
2025-04-01 15:21:22,872 [Worker-4: Building] INFO  o.a.m.s.f.DefaultMavenResourcesFiltering - Copying 0 resource from src\main\resources to target\classes
2025-04-01 15:21:22,876 [Worker-4: Building] INFO  o.a.m.s.f.DefaultMavenResourcesFiltering - Copying 1 resource from src\main\resources to target\classes
2025-04-01 15:21:22,884 [Worker-4: Building] INFO  o.a.m.s.f.DefaultMavenResourcesFiltering - skip non existing resourceDirectory C:\ShopmeEcommerce\ShopmeProject\ShopmeWebParent\ShopmeBackEnd\src\test\resources
2025-04-01 15:27:26,788 [Worker-3: Building] INFO  o.a.m.s.f.DefaultMavenResourcesFiltering - Copying 1 resource from src\main\resources to target\classes
2025-04-01 15:27:26,796 [Worker-3: Building] INFO  o.a.m.s.f.DefaultMavenResourcesFiltering - Copying 14 resources from src\main\resources to target\classes
2025-04-01 15:27:26,801 [Worker-3: Building] INFO  o.a.m.s.f.DefaultMavenResourcesFiltering - skip non existing resourceDirectory C:\ShopmeEcommerce\ShopmeProject\ShopmeWebParent\ShopmeBackEnd\src\test\resources
2025-04-01 15:27:46,834 [Worker-16: Building] INFO  o.a.m.s.f.DefaultMavenResourcesFiltering - Copying 1 resource from src\main\resources to target\classes
2025-04-01 15:27:46,844 [Worker-16: Building] INFO  o.a.m.s.f.DefaultMavenResourcesFiltering - Copying 14 resources from src\main\resources to target\classes
2025-04-01 15:27:46,853 [Worker-16: Building] INFO  o.a.m.s.f.DefaultMavenResourcesFiltering - skip non existing resourceDirectory C:\ShopmeEcommerce\ShopmeProject\ShopmeWebParent\ShopmeBackEnd\src\test\resources
2025-04-01 15:30:06,415 [Worker-14: Building] INFO  o.a.m.s.f.DefaultMavenResourcesFiltering - Copying 0 resource from src\main\resources to target\classes
2025-04-01 15:30:06,418 [Worker-14: Building] INFO  o.a.m.s.f.DefaultMavenResourcesFiltering - Copying 0 resource from src\main\resources to target\classes
2025-04-01 15:30:06,421 [Worker-14: Building] INFO  o.a.m.s.f.DefaultMavenResourcesFiltering - skip non existing resourceDirectory C:\ShopmeEcommerce\ShopmeProject\ShopmeWebParent\ShopmeBackEnd\src\test\resources
2025-04-01 15:30:10,806 [main] INFO  o.e.m.jdt.internal.UnitTestSupport - Updating UserRepositoryTest.testDisableuser from maven configuration
2025-04-01 15:30:13,080 [Worker-5: Launching UserRepositoryTest.testDisableuser] INFO  o.e.m.c.i.p.WorkspaceClassifierResolverManager - Resolving P/ShopmeCommon: com.example:ShopmeCommon:0.0.1-SNAPSHOT with classifier null to /ShopmeCommon/target/classes
2025-04-01 15:30:13,605 [Worker-5: Launching UserRepositoryTest.testDisableuser] INFO  o.e.m.c.i.p.WorkspaceClassifierResolverManager - Resolving P/ShopmeCommon: com.example:ShopmeCommon:0.0.1-SNAPSHOT with classifier null to /ShopmeCommon/target/classes
2025-04-01 15:30:13,757 [Worker-5: Launching UserRepositoryTest.testDisableuser] INFO  o.e.m.c.i.p.WorkspaceClassifierResolverManager - Resolving P/ShopmeCommon: com.example:ShopmeCommon:0.0.1-SNAPSHOT with classifier null to /ShopmeCommon/target/classes
2025-04-01 15:31:30,351 [Worker-8: Building] INFO  o.a.m.s.f.DefaultMavenResourcesFiltering - Copying 0 resource from src\main\resources to target\classes
2025-04-01 15:31:30,354 [Worker-8: Building] INFO  o.a.m.s.f.DefaultMavenResourcesFiltering - Copying 1 resource from src\main\resources to target\classes
2025-04-01 15:31:30,358 [Worker-8: Building] INFO  o.a.m.s.f.DefaultMavenResourcesFiltering - skip non existing resourceDirectory C:\ShopmeEcommerce\ShopmeProject\ShopmeWebParent\ShopmeBackEnd\src\test\resources
2025-04-01 15:31:37,304 [Worker-0: Building] INFO  o.a.m.s.f.DefaultMavenResourcesFiltering - Copying 0 resource from src\main\resources to target\classes
2025-04-01 15:31:37,315 [Worker-0: Building] INFO  o.a.m.s.f.DefaultMavenResourcesFiltering - Copying 1 resource from src\main\resources to target\classes
2025-04-01 15:31:37,324 [Worker-0: Building] INFO  o.a.m.s.f.DefaultMavenResourcesFiltering - skip non existing resourceDirectory C:\ShopmeEcommerce\ShopmeProject\ShopmeWebParent\ShopmeBackEnd\src\test\resources
2025-04-01 15:32:21,767 [Worker-18: Building] INFO  o.a.m.s.f.DefaultMavenResourcesFiltering - Copying 0 resource from src\main\resources to target\classes
2025-04-01 15:32:21,770 [Worker-18: Building] INFO  o.a.m.s.f.DefaultMavenResourcesFiltering - Copying 0 resource from src\main\resources to target\classes
2025-04-01 15:32:21,775 [Worker-18: Building] INFO  o.a.m.s.f.DefaultMavenResourcesFiltering - skip non existing resourceDirectory C:\ShopmeEcommerce\ShopmeProject\ShopmeWebParent\ShopmeBackEnd\src\test\resources
2025-04-01 15:32:25,419 [main] INFO  o.e.m.jdt.internal.UnitTestSupport - Updating UserRepositoryTest.testEnableuser from maven configuration
2025-04-01 15:32:25,679 [Worker-18: Launching UserRepositoryTest.testEnableuser] INFO  o.e.m.c.i.p.WorkspaceClassifierResolverManager - Resolving P/ShopmeCommon: com.example:ShopmeCommon:0.0.1-SNAPSHOT with classifier null to /ShopmeCommon/target/classes
2025-04-01 15:32:25,853 [Worker-18: Launching UserRepositoryTest.testEnableuser] INFO  o.e.m.c.i.p.WorkspaceClassifierResolverManager - Resolving P/ShopmeCommon: com.example:ShopmeCommon:0.0.1-SNAPSHOT with classifier null to /ShopmeCommon/target/classes
2025-04-01 15:32:26,003 [Worker-18: Launching UserRepositoryTest.testEnableuser] INFO  o.e.m.c.i.p.WorkspaceClassifierResolverManager - Resolving P/ShopmeCommon: com.example:ShopmeCommon:0.0.1-SNAPSHOT with classifier null to /ShopmeCommon/target/classes
2025-04-01 15:33:36,924 [Worker-8: Building] INFO  o.a.m.s.f.DefaultMavenResourcesFiltering - Copying 1 resource from src\main\resources to target\classes
2025-04-01 15:33:36,930 [Worker-8: Building] INFO  o.a.m.s.f.DefaultMavenResourcesFiltering - Copying 14 resources from src\main\resources to target\classes
2025-04-01 15:33:36,938 [Worker-8: Building] INFO  o.a.m.s.f.DefaultMavenResourcesFiltering - skip non existing resourceDirectory C:\ShopmeEcommerce\ShopmeProject\ShopmeWebParent\ShopmeBackEnd\src\test\resources
2025-04-01 15:35:36,934 [Worker-14: Building] INFO  o.a.m.s.f.DefaultMavenResourcesFiltering - Copying 0 resource from src\main\resources to target\classes
2025-04-01 15:35:36,936 [Worker-14: Building] INFO  o.a.m.s.f.DefaultMavenResourcesFiltering - Copying 1 resource from src\main\resources to target\classes
2025-04-01 15:35:36,941 [Worker-14: Building] INFO  o.a.m.s.f.DefaultMavenResourcesFiltering - skip non existing resourceDirectory C:\ShopmeEcommerce\ShopmeProject\ShopmeWebParent\ShopmeBackEnd\src\test\resources
2025-04-01 15:36:29,682 [Worker-13: Launching UserRepositoryTest.testDisableuser] INFO  o.e.m.c.i.p.WorkspaceClassifierResolverManager - Resolving P/ShopmeCommon: com.example:ShopmeCommon:0.0.1-SNAPSHOT with classifier null to /ShopmeCommon/target/classes
2025-04-01 15:36:29,855 [Worker-13: Launching UserRepositoryTest.testDisableuser] INFO  o.e.m.c.i.p.WorkspaceClassifierResolverManager - Resolving P/ShopmeCommon: com.example:ShopmeCommon:0.0.1-SNAPSHOT with classifier null to /ShopmeCommon/target/classes
2025-04-01 15:36:30,024 [Worker-13: Launching UserRepositoryTest.testDisableuser] INFO  o.e.m.c.i.p.WorkspaceClassifierResolverManager - Resolving P/ShopmeCommon: com.example:ShopmeCommon:0.0.1-SNAPSHOT with classifier null to /ShopmeCommon/target/classes
2025-04-01 15:38:35,449 [Worker-0: Building] INFO  o.a.m.s.f.DefaultMavenResourcesFiltering - Copying 0 resource from src\main\resources to target\classes
2025-04-01 15:38:35,453 [Worker-0: Building] INFO  o.a.m.s.f.DefaultMavenResourcesFiltering - Copying 1 resource from src\main\resources to target\classes
2025-04-01 15:38:35,458 [Worker-0: Building] INFO  o.a.m.s.f.DefaultMavenResourcesFiltering - skip non existing resourceDirectory C:\ShopmeEcommerce\ShopmeProject\ShopmeWebParent\ShopmeBackEnd\src\test\resources
2025-04-01 15:45:34,438 [Worker-12: Building] INFO  o.a.m.s.f.DefaultMavenResourcesFiltering - Copying 1 resource from src\main\resources to target\classes
2025-04-01 15:45:34,444 [Worker-12: Building] INFO  o.a.m.s.f.DefaultMavenResourcesFiltering - Copying 14 resources from src\main\resources to target\classes
2025-04-01 15:45:34,447 [Worker-12: Building] INFO  o.a.m.s.f.DefaultMavenResourcesFiltering - skip non existing resourceDirectory C:\ShopmeEcommerce\ShopmeProject\ShopmeWebParent\ShopmeBackEnd\src\test\resources
2025-04-03 13:34:26,858 [Worker-9: Loading available Gradle versions] INFO  o.e.b.c.i.u.g.PublishedGradleVersions - Gradle version information cache is out-of-date. Trying to update.
2025-04-03 13:43:20,678 [Worker-12: Building] INFO  o.e.m.c.i.p.WorkspaceClassifierResolverManager - Resolving P/ShopmeCommon: com.example:ShopmeCommon:0.0.1-SNAPSHOT with classifier  to /ShopmeCommon/target/classes
2025-04-03 13:43:20,834 [Worker-12: Building] INFO  o.e.m.c.i.p.WorkspaceClassifierResolverManager - Resolving P/ShopmeCommon: com.example:ShopmeCommon:0.0.1-SNAPSHOT with classifier  to /ShopmeCommon/target/classes
2025-04-03 13:43:22,611 [Worker-12: Building] INFO  o.a.m.s.f.DefaultMavenResourcesFiltering - Copying 1 resource from src\main\resources to target\classes
2025-04-03 13:43:22,657 [Worker-12: Building] INFO  o.a.m.s.f.DefaultMavenResourcesFiltering - Copying 14 resources from src\main\resources to target\classes
2025-04-03 13:43:22,692 [Worker-12: Building] INFO  o.a.m.s.f.DefaultMavenResourcesFiltering - skip non existing resourceDirectory C:\ShopmeEcommerce\ShopmeProject\ShopmeWebParent\ShopmeBackEnd\src\test\resources
2025-04-03 13:43:26,561 [Worker-12: Building] INFO  o.e.m.c.i.p.WorkspaceClassifierResolverManager - Resolving P/ShopmeCommon: com.example:ShopmeCommon:0.0.1-SNAPSHOT with classifier  to /ShopmeCommon/target/classes
2025-04-03 13:43:27,161 [Worker-5: Launching ShopmeBackEnd - ShopmeBackEndApplication] INFO  o.e.m.c.i.p.WorkspaceClassifierResolverManager - Resolving P/ShopmeCommon: com.example:ShopmeCommon:0.0.1-SNAPSHOT with classifier null to /ShopmeCommon/target/classes
2025-04-03 13:43:27,355 [Worker-5: Launching ShopmeBackEnd - ShopmeBackEndApplication] INFO  o.e.m.c.i.p.WorkspaceClassifierResolverManager - Resolving P/ShopmeCommon: com.example:ShopmeCommon:0.0.1-SNAPSHOT with classifier null to /ShopmeCommon/target/classes
2025-04-03 13:43:27,531 [Worker-5: Launching ShopmeBackEnd - ShopmeBackEndApplication] INFO  o.e.m.c.i.p.WorkspaceClassifierResolverManager - Resolving P/ShopmeCommon: com.example:ShopmeCommon:0.0.1-SNAPSHOT with classifier null to /ShopmeCommon/target/classes
2025-04-03 13:43:28,458 [Worker-12: Launching ShopmeBackEnd - ShopmeBackEndApplication] INFO  o.e.m.c.i.p.WorkspaceClassifierResolverManager - Resolving P/ShopmeCommon: com.example:ShopmeCommon:0.0.1-SNAPSHOT with classifier null to /ShopmeCommon/target/classes
2025-04-03 13:43:28,649 [Worker-12: Launching ShopmeBackEnd - ShopmeBackEndApplication] INFO  o.e.m.c.i.p.WorkspaceClassifierResolverManager - Resolving P/ShopmeCommon: com.example:ShopmeCommon:0.0.1-SNAPSHOT with classifier null to /ShopmeCommon/target/classes
2025-04-03 13:43:28,867 [Worker-12: Launching ShopmeBackEnd - ShopmeBackEndApplication] INFO  o.e.m.c.i.p.WorkspaceClassifierResolverManager - Resolving P/ShopmeCommon: com.example:ShopmeCommon:0.0.1-SNAPSHOT with classifier null to /ShopmeCommon/target/classes
2025-04-03 13:43:29,477 [Worker-10: Launching ShopmeBackEnd - ShopmeBackEndApplication] INFO  o.e.m.c.i.p.WorkspaceClassifierResolverManager - Resolving P/ShopmeCommon: com.example:ShopmeCommon:0.0.1-SNAPSHOT with classifier null to /ShopmeCommon/target/classes
2025-04-03 13:43:29,666 [Worker-10: Launching ShopmeBackEnd - ShopmeBackEndApplication] INFO  o.e.m.c.i.p.WorkspaceClassifierResolverManager - Resolving P/ShopmeCommon: com.example:ShopmeCommon:0.0.1-SNAPSHOT with classifier null to /ShopmeCommon/target/classes
2025-04-03 13:43:29,844 [Worker-10: Launching ShopmeBackEnd - ShopmeBackEndApplication] INFO  o.e.m.c.i.p.WorkspaceClassifierResolverManager - Resolving P/ShopmeCommon: com.example:ShopmeCommon:0.0.1-SNAPSHOT with classifier null to /ShopmeCommon/target/classes
2025-04-03 13:49:07,934 [Worker-17: Building] INFO  o.a.m.s.f.DefaultMavenResourcesFiltering - Copying 0 resource from src\main\resources to target\classes
2025-04-03 13:49:07,940 [Worker-17: Building] INFO  o.a.m.s.f.DefaultMavenResourcesFiltering - Copying 1 resource from src\main\resources to target\classes
2025-04-03 13:49:07,946 [Worker-17: Building] INFO  o.a.m.s.f.DefaultMavenResourcesFiltering - skip non existing resourceDirectory C:\ShopmeEcommerce\ShopmeProject\ShopmeWebParent\ShopmeBackEnd\src\test\resources
2025-04-03 13:49:55,614 [Worker-20: Building] INFO  o.a.m.s.f.DefaultMavenResourcesFiltering - Copying 0 resource from src\main\resources to target\classes
2025-04-03 13:49:55,618 [Worker-20: Building] INFO  o.a.m.s.f.DefaultMavenResourcesFiltering - Copying 1 resource from src\main\resources to target\classes
2025-04-03 13:49:55,625 [Worker-20: Building] INFO  o.a.m.s.f.DefaultMavenResourcesFiltering - skip non existing resourceDirectory C:\ShopmeEcommerce\ShopmeProject\ShopmeWebParent\ShopmeBackEnd\src\test\resources
2025-04-03 13:51:22,750 [Worker-12: Building] INFO  o.a.m.s.f.DefaultMavenResourcesFiltering - Copying 0 resource from src\main\resources to target\classes
2025-04-03 13:51:22,754 [Worker-12: Building] INFO  o.a.m.s.f.DefaultMavenResourcesFiltering - Copying 1 resource from src\main\resources to target\classes
2025-04-03 13:51:22,759 [Worker-12: Building] INFO  o.a.m.s.f.DefaultMavenResourcesFiltering - skip non existing resourceDirectory C:\ShopmeEcommerce\ShopmeProject\ShopmeWebParent\ShopmeBackEnd\src\test\resources
2025-04-03 13:52:00,196 [Worker-18: Building] INFO  o.a.m.s.f.DefaultMavenResourcesFiltering - Copying 0 resource from src\main\resources to target\classes
2025-04-03 13:52:00,201 [Worker-18: Building] INFO  o.a.m.s.f.DefaultMavenResourcesFiltering - Copying 1 resource from src\main\resources to target\classes
2025-04-03 13:52:00,206 [Worker-18: Building] INFO  o.a.m.s.f.DefaultMavenResourcesFiltering - skip non existing resourceDirectory C:\ShopmeEcommerce\ShopmeProject\ShopmeWebParent\ShopmeBackEnd\src\test\resources
2025-04-03 13:55:42,439 [Worker-18: Building] INFO  o.a.m.s.f.DefaultMavenResourcesFiltering - Copying 0 resource from src\main\resources to target\classes
2025-04-03 13:55:42,444 [Worker-18: Building] INFO  o.a.m.s.f.DefaultMavenResourcesFiltering - Copying 1 resource from src\main\resources to target\classes
2025-04-03 13:55:42,451 [Worker-18: Building] INFO  o.a.m.s.f.DefaultMavenResourcesFiltering - skip non existing resourceDirectory C:\ShopmeEcommerce\ShopmeProject\ShopmeWebParent\ShopmeBackEnd\src\test\resources
2025-04-03 13:59:02,293 [Worker-15: Building] INFO  o.a.m.s.f.DefaultMavenResourcesFiltering - Copying 0 resource from src\main\resources to target\classes
2025-04-03 13:59:02,298 [Worker-15: Building] INFO  o.a.m.s.f.DefaultMavenResourcesFiltering - Copying 1 resource from src\main\resources to target\classes
2025-04-03 13:59:02,303 [Worker-15: Building] INFO  o.a.m.s.f.DefaultMavenResourcesFiltering - skip non existing resourceDirectory C:\ShopmeEcommerce\ShopmeProject\ShopmeWebParent\ShopmeBackEnd\src\test\resources
2025-04-03 14:00:57,231 [Worker-18: Building] INFO  o.a.m.s.f.DefaultMavenResourcesFiltering - Copying 0 resource from src\main\resources to target\classes
2025-04-03 14:00:57,234 [Worker-18: Building] INFO  o.a.m.s.f.DefaultMavenResourcesFiltering - Copying 1 resource from src\main\resources to target\classes
2025-04-03 14:00:57,240 [Worker-18: Building] INFO  o.a.m.s.f.DefaultMavenResourcesFiltering - skip non existing resourceDirectory C:\ShopmeEcommerce\ShopmeProject\ShopmeWebParent\ShopmeBackEnd\src\test\resources
2025-04-03 14:02:27,120 [Worker-17: Building] INFO  o.a.m.s.f.DefaultMavenResourcesFiltering - Copying 0 resource from src\main\resources to target\classes
2025-04-03 14:02:27,122 [Worker-17: Building] INFO  o.a.m.s.f.DefaultMavenResourcesFiltering - Copying 1 resource from src\main\resources to target\classes
2025-04-03 14:02:27,131 [Worker-17: Building] INFO  o.a.m.s.f.DefaultMavenResourcesFiltering - skip non existing resourceDirectory C:\ShopmeEcommerce\ShopmeProject\ShopmeWebParent\ShopmeBackEnd\src\test\resources
2025-04-03 14:02:37,148 [Worker-12: Building] INFO  o.a.m.s.f.DefaultMavenResourcesFiltering - Copying 0 resource from src\main\resources to target\classes
2025-04-03 14:02:37,152 [Worker-12: Building] INFO  o.a.m.s.f.DefaultMavenResourcesFiltering - Copying 1 resource from src\main\resources to target\classes
2025-04-03 14:02:37,157 [Worker-12: Building] INFO  o.a.m.s.f.DefaultMavenResourcesFiltering - skip non existing resourceDirectory C:\ShopmeEcommerce\ShopmeProject\ShopmeWebParent\ShopmeBackEnd\src\test\resources
2025-04-03 14:02:57,581 [Worker-18: Building] INFO  o.a.m.s.f.DefaultMavenResourcesFiltering - Copying 0 resource from src\main\resources to target\classes
2025-04-03 14:02:57,585 [Worker-18: Building] INFO  o.a.m.s.f.DefaultMavenResourcesFiltering - Copying 1 resource from src\main\resources to target\classes
2025-04-03 14:02:57,592 [Worker-18: Building] INFO  o.a.m.s.f.DefaultMavenResourcesFiltering - skip non existing resourceDirectory C:\ShopmeEcommerce\ShopmeProject\ShopmeWebParent\ShopmeBackEnd\src\test\resources
2025-04-03 14:03:03,734 [Worker-12: Building] INFO  o.a.m.s.f.DefaultMavenResourcesFiltering - Copying 0 resource from src\main\resources to target\classes
2025-04-03 14:03:03,739 [Worker-12: Building] INFO  o.a.m.s.f.DefaultMavenResourcesFiltering - Copying 1 resource from src\main\resources to target\classes
2025-04-03 14:03:03,749 [Worker-12: Building] INFO  o.a.m.s.f.DefaultMavenResourcesFiltering - skip non existing resourceDirectory C:\ShopmeEcommerce\ShopmeProject\ShopmeWebParent\ShopmeBackEnd\src\test\resources
2025-04-03 14:03:13,224 [Worker-18: Building] INFO  o.a.m.s.f.DefaultMavenResourcesFiltering - Copying 0 resource from src\main\resources to target\classes
2025-04-03 14:03:13,228 [Worker-18: Building] INFO  o.a.m.s.f.DefaultMavenResourcesFiltering - Copying 1 resource from src\main\resources to target\classes
2025-04-03 14:03:13,234 [Worker-18: Building] INFO  o.a.m.s.f.DefaultMavenResourcesFiltering - skip non existing resourceDirectory C:\ShopmeEcommerce\ShopmeProject\ShopmeWebParent\ShopmeBackEnd\src\test\resources
2025-04-03 14:06:07,397 [Worker-19: Building] INFO  o.a.m.s.f.DefaultMavenResourcesFiltering - Copying 0 resource from src\main\resources to target\classes
2025-04-03 14:06:07,400 [Worker-19: Building] INFO  o.a.m.s.f.DefaultMavenResourcesFiltering - Copying 1 resource from src\main\resources to target\classes
2025-04-03 14:06:07,405 [Worker-19: Building] INFO  o.a.m.s.f.DefaultMavenResourcesFiltering - skip non existing resourceDirectory C:\ShopmeEcommerce\ShopmeProject\ShopmeWebParent\ShopmeBackEnd\src\test\resources
2025-04-03 14:06:35,733 [Worker-19: Building] INFO  o.a.m.s.f.DefaultMavenResourcesFiltering - Copying 0 resource from src\main\resources to target\classes
2025-04-03 14:06:35,736 [Worker-19: Building] INFO  o.a.m.s.f.DefaultMavenResourcesFiltering - Copying 1 resource from src\main\resources to target\classes
2025-04-03 14:06:35,745 [Worker-19: Building] INFO  o.a.m.s.f.DefaultMavenResourcesFiltering - skip non existing resourceDirectory C:\ShopmeEcommerce\ShopmeProject\ShopmeWebParent\ShopmeBackEnd\src\test\resources
2025-04-03 14:06:51,347 [Worker-12: Building] INFO  o.a.m.s.f.DefaultMavenResourcesFiltering - Copying 0 resource from src\main\resources to target\classes
2025-04-03 14:06:51,349 [Worker-12: Building] INFO  o.a.m.s.f.DefaultMavenResourcesFiltering - Copying 1 resource from src\main\resources to target\classes
2025-04-03 14:06:51,356 [Worker-12: Building] INFO  o.a.m.s.f.DefaultMavenResourcesFiltering - skip non existing resourceDirectory C:\ShopmeEcommerce\ShopmeProject\ShopmeWebParent\ShopmeBackEnd\src\test\resources
2025-04-03 14:09:30,638 [Worker-19: Building] INFO  o.a.m.s.f.DefaultMavenResourcesFiltering - Copying 0 resource from src\main\resources to target\classes
2025-04-03 14:09:30,642 [Worker-19: Building] INFO  o.a.m.s.f.DefaultMavenResourcesFiltering - Copying 1 resource from src\main\resources to target\classes
2025-04-03 14:09:30,649 [Worker-19: Building] INFO  o.a.m.s.f.DefaultMavenResourcesFiltering - skip non existing resourceDirectory C:\ShopmeEcommerce\ShopmeProject\ShopmeWebParent\ShopmeBackEnd\src\test\resources
2025-04-03 14:11:21,782 [Worker-18: Building] INFO  o.a.m.s.f.DefaultMavenResourcesFiltering - Copying 0 resource from src\main\resources to target\classes
2025-04-03 14:11:21,785 [Worker-18: Building] INFO  o.a.m.s.f.DefaultMavenResourcesFiltering - Copying 1 resource from src\main\resources to target\classes
2025-04-03 14:11:21,792 [Worker-18: Building] INFO  o.a.m.s.f.DefaultMavenResourcesFiltering - skip non existing resourceDirectory C:\ShopmeEcommerce\ShopmeProject\ShopmeWebParent\ShopmeBackEnd\src\test\resources
2025-04-03 14:12:21,480 [Worker-20: Building] INFO  o.a.m.s.f.DefaultMavenResourcesFiltering - Copying 0 resource from src\main\resources to target\classes
2025-04-03 14:12:21,482 [Worker-20: Building] INFO  o.a.m.s.f.DefaultMavenResourcesFiltering - Copying 1 resource from src\main\resources to target\classes
2025-04-03 14:12:21,488 [Worker-20: Building] INFO  o.a.m.s.f.DefaultMavenResourcesFiltering - skip non existing resourceDirectory C:\ShopmeEcommerce\ShopmeProject\ShopmeWebParent\ShopmeBackEnd\src\test\resources
2025-04-03 14:13:47,613 [Worker-5: Building] INFO  o.a.m.s.f.DefaultMavenResourcesFiltering - Copying 0 resource from src\main\resources to target\classes
2025-04-03 14:13:47,616 [Worker-5: Building] INFO  o.a.m.s.f.DefaultMavenResourcesFiltering - Copying 1 resource from src\main\resources to target\classes
2025-04-03 14:13:47,622 [Worker-5: Building] INFO  o.a.m.s.f.DefaultMavenResourcesFiltering - skip non existing resourceDirectory C:\ShopmeEcommerce\ShopmeProject\ShopmeWebParent\ShopmeBackEnd\src\test\resources
2025-04-03 14:14:34,620 [Worker-17: Building] INFO  o.a.m.s.f.DefaultMavenResourcesFiltering - Copying 1 resource from src\main\resources to target\classes
2025-04-03 14:14:34,647 [Worker-17: Building] INFO  o.a.m.s.f.DefaultMavenResourcesFiltering - Copying 15 resources from src\main\resources to target\classes
2025-04-03 14:14:34,656 [Worker-17: Building] INFO  o.a.m.s.f.DefaultMavenResourcesFiltering - skip non existing resourceDirectory C:\ShopmeEcommerce\ShopmeProject\ShopmeWebParent\ShopmeBackEnd\src\test\resources
2025-04-03 14:15:04,969 [Worker-21: Building] INFO  o.a.m.s.f.DefaultMavenResourcesFiltering - Copying 1 resource from src\main\resources to target\classes
2025-04-03 14:15:04,983 [Worker-21: Building] INFO  o.a.m.s.f.DefaultMavenResourcesFiltering - Copying 15 resources from src\main\resources to target\classes
2025-04-03 14:15:04,998 [Worker-21: Building] INFO  o.a.m.s.f.DefaultMavenResourcesFiltering - skip non existing resourceDirectory C:\ShopmeEcommerce\ShopmeProject\ShopmeWebParent\ShopmeBackEnd\src\test\resources
2025-04-03 14:16:52,443 [Worker-18: Building] INFO  o.a.m.s.f.DefaultMavenResourcesFiltering - Copying 1 resource from src\main\resources to target\classes
2025-04-03 14:16:52,455 [Worker-18: Building] INFO  o.a.m.s.f.DefaultMavenResourcesFiltering - Copying 0 resource from src\main\resources to target\classes
2025-04-03 14:16:52,459 [Worker-18: Building] INFO  o.a.m.s.f.DefaultMavenResourcesFiltering - skip non existing resourceDirectory C:\ShopmeEcommerce\ShopmeProject\ShopmeWebParent\ShopmeBackEnd\src\test\resources
2025-04-03 14:18:43,730 [Worker-21: Building] INFO  o.a.m.s.f.DefaultMavenResourcesFiltering - Copying 1 resource from src\main\resources to target\classes
2025-04-03 14:18:43,745 [Worker-21: Building] INFO  o.a.m.s.f.DefaultMavenResourcesFiltering - Copying 15 resources from src\main\resources to target\classes
2025-04-03 14:18:43,761 [Worker-21: Building] INFO  o.a.m.s.f.DefaultMavenResourcesFiltering - skip non existing resourceDirectory C:\ShopmeEcommerce\ShopmeProject\ShopmeWebParent\ShopmeBackEnd\src\test\resources
2025-04-03 14:25:10,097 [Worker-17: Building] INFO  o.a.m.s.f.DefaultMavenResourcesFiltering - Copying 1 resource from src\main\resources to target\classes
2025-04-03 14:25:10,112 [Worker-17: Building] INFO  o.a.m.s.f.DefaultMavenResourcesFiltering - Copying 15 resources from src\main\resources to target\classes
2025-04-03 14:25:10,130 [Worker-17: Building] INFO  o.a.m.s.f.DefaultMavenResourcesFiltering - skip non existing resourceDirectory C:\ShopmeEcommerce\ShopmeProject\ShopmeWebParent\ShopmeBackEnd\src\test\resources
2025-04-03 14:26:41,469 [Worker-12: Building] INFO  o.a.m.s.f.DefaultMavenResourcesFiltering - Copying 1 resource from src\main\resources to target\classes
2025-04-03 14:26:41,477 [Worker-12: Building] INFO  o.a.m.s.f.DefaultMavenResourcesFiltering - Copying 15 resources from src\main\resources to target\classes
2025-04-03 14:26:41,484 [Worker-12: Building] INFO  o.a.m.s.f.DefaultMavenResourcesFiltering - skip non existing resourceDirectory C:\ShopmeEcommerce\ShopmeProject\ShopmeWebParent\ShopmeBackEnd\src\test\resources
2025-04-03 14:27:42,494 [Worker-5: Building] INFO  o.a.m.s.f.DefaultMavenResourcesFiltering - Copying 1 resource from src\main\resources to target\classes
2025-04-03 14:27:42,551 [Worker-5: Building] INFO  o.a.m.s.f.DefaultMavenResourcesFiltering - Copying 15 resources from src\main\resources to target\classes
2025-04-03 14:27:42,568 [Worker-5: Building] INFO  o.a.m.s.f.DefaultMavenResourcesFiltering - skip non existing resourceDirectory C:\ShopmeEcommerce\ShopmeProject\ShopmeWebParent\ShopmeBackEnd\src\test\resources
2025-04-03 14:29:37,332 [Worker-20: Building] INFO  o.a.m.s.f.DefaultMavenResourcesFiltering - Copying 0 resource from src\main\resources to target\classes
2025-04-03 14:29:37,334 [Worker-20: Building] INFO  o.a.m.s.f.DefaultMavenResourcesFiltering - Copying 0 resource from src\main\resources to target\classes
2025-04-03 14:29:37,338 [Worker-20: Building] INFO  o.a.m.s.f.DefaultMavenResourcesFiltering - skip non existing resourceDirectory C:\ShopmeEcommerce\ShopmeProject\ShopmeWebParent\ShopmeBackEnd\src\test\resources
2025-04-03 14:31:15,667 [Worker-15: Building] INFO  o.a.m.s.f.DefaultMavenResourcesFiltering - Copying 0 resource from src\main\resources to target\classes
2025-04-03 14:31:15,670 [Worker-15: Building] INFO  o.a.m.s.f.DefaultMavenResourcesFiltering - Copying 0 resource from src\main\resources to target\classes
2025-04-03 14:31:15,675 [Worker-15: Building] INFO  o.a.m.s.f.DefaultMavenResourcesFiltering - skip non existing resourceDirectory C:\ShopmeEcommerce\ShopmeProject\ShopmeWebParent\ShopmeBackEnd\src\test\resources
2025-04-03 14:34:07,248 [Worker-21: Building] INFO  o.a.m.s.f.DefaultMavenResourcesFiltering - Copying 1 resource from src\main\resources to target\classes
2025-04-03 14:34:07,265 [Worker-21: Building] INFO  o.a.m.s.f.DefaultMavenResourcesFiltering - Copying 15 resources from src\main\resources to target\classes
2025-04-03 14:34:07,281 [Worker-21: Building] INFO  o.a.m.s.f.DefaultMavenResourcesFiltering - skip non existing resourceDirectory C:\ShopmeEcommerce\ShopmeProject\ShopmeWebParent\ShopmeBackEnd\src\test\resources
2025-04-03 14:36:01,688 [Worker-17: Building] INFO  o.a.m.s.f.DefaultMavenResourcesFiltering - Copying 1 resource from src\main\resources to target\classes
2025-04-03 14:36:01,703 [Worker-17: Building] INFO  o.a.m.s.f.DefaultMavenResourcesFiltering - Copying 15 resources from src\main\resources to target\classes
2025-04-03 14:36:01,721 [Worker-17: Building] INFO  o.a.m.s.f.DefaultMavenResourcesFiltering - skip non existing resourceDirectory C:\ShopmeEcommerce\ShopmeProject\ShopmeWebParent\ShopmeBackEnd\src\test\resources
2025-04-03 14:37:42,271 [Worker-20: Building] INFO  o.a.m.s.f.DefaultMavenResourcesFiltering - Copying 1 resource from src\main\resources to target\classes
2025-04-03 14:37:42,286 [Worker-20: Building] INFO  o.a.m.s.f.DefaultMavenResourcesFiltering - Copying 15 resources from src\main\resources to target\classes
2025-04-03 14:37:42,300 [Worker-20: Building] INFO  o.a.m.s.f.DefaultMavenResourcesFiltering - skip non existing resourceDirectory C:\ShopmeEcommerce\ShopmeProject\ShopmeWebParent\ShopmeBackEnd\src\test\resources
2025-04-03 14:40:23,924 [Worker-21: Building] INFO  o.a.m.s.f.DefaultMavenResourcesFiltering - Copying 0 resource from src\main\resources to target\classes
2025-04-03 14:40:23,927 [Worker-21: Building] INFO  o.a.m.s.f.DefaultMavenResourcesFiltering - Copying 0 resource from src\main\resources to target\classes
2025-04-03 14:40:23,930 [Worker-21: Building] INFO  o.a.m.s.f.DefaultMavenResourcesFiltering - skip non existing resourceDirectory C:\ShopmeEcommerce\ShopmeProject\ShopmeWebParent\ShopmeBackEnd\src\test\resources
2025-04-03 14:42:11,133 [Worker-12: Building] INFO  o.a.m.s.f.DefaultMavenResourcesFiltering - Copying 1 resource from src\main\resources to target\classes
2025-04-03 14:42:11,148 [Worker-12: Building] INFO  o.a.m.s.f.DefaultMavenResourcesFiltering - Copying 15 resources from src\main\resources to target\classes
2025-04-03 14:42:11,157 [Worker-12: Building] INFO  o.a.m.s.f.DefaultMavenResourcesFiltering - skip non existing resourceDirectory C:\ShopmeEcommerce\ShopmeProject\ShopmeWebParent\ShopmeBackEnd\src\test\resources
2025-04-03 14:47:08,977 [Worker-20: Building] INFO  o.a.m.s.f.DefaultMavenResourcesFiltering - Copying 1 resource from src\main\resources to target\classes
2025-04-03 14:47:08,992 [Worker-20: Building] INFO  o.a.m.s.f.DefaultMavenResourcesFiltering - Copying 15 resources from src\main\resources to target\classes
2025-04-03 14:47:09,009 [Worker-20: Building] INFO  o.a.m.s.f.DefaultMavenResourcesFiltering - skip non existing resourceDirectory C:\ShopmeEcommerce\ShopmeProject\ShopmeWebParent\ShopmeBackEnd\src\test\resources
2025-04-03 14:48:05,265 [Worker-15: Building] INFO  o.a.m.s.f.DefaultMavenResourcesFiltering - Copying 1 resource from src\main\resources to target\classes
2025-04-03 14:48:05,270 [Worker-15: Building] INFO  o.a.m.s.f.DefaultMavenResourcesFiltering - Copying 15 resources from src\main\resources to target\classes
2025-04-03 14:48:05,276 [Worker-15: Building] INFO  o.a.m.s.f.DefaultMavenResourcesFiltering - skip non existing resourceDirectory C:\ShopmeEcommerce\ShopmeProject\ShopmeWebParent\ShopmeBackEnd\src\test\resources
2025-04-03 14:49:38,075 [Worker-15: Building] INFO  o.a.m.s.f.DefaultMavenResourcesFiltering - Copying 1 resource from src\main\resources to target\classes
2025-04-03 14:49:38,082 [Worker-15: Building] INFO  o.a.m.s.f.DefaultMavenResourcesFiltering - Copying 15 resources from src\main\resources to target\classes
2025-04-03 14:49:38,090 [Worker-15: Building] INFO  o.a.m.s.f.DefaultMavenResourcesFiltering - skip non existing resourceDirectory C:\ShopmeEcommerce\ShopmeProject\ShopmeWebParent\ShopmeBackEnd\src\test\resources
2025-04-03 14:52:42,955 [Worker-21: Building] INFO  o.a.m.s.f.DefaultMavenResourcesFiltering - Copying 1 resource from src\main\resources to target\classes
2025-04-03 14:52:43,000 [Worker-21: Building] INFO  o.a.m.s.f.DefaultMavenResourcesFiltering - Copying 0 resource from src\main\resources to target\classes
2025-04-03 14:52:43,005 [Worker-21: Building] INFO  o.a.m.s.f.DefaultMavenResourcesFiltering - skip non existing resourceDirectory C:\ShopmeEcommerce\ShopmeProject\ShopmeCommon\src\test\resources
2025-04-03 14:52:43,697 [Worker-16: Building] INFO  o.a.m.s.f.DefaultMavenResourcesFiltering - Copying 1 resource from src\main\resources to target\classes
2025-04-03 14:52:43,705 [Worker-16: Building] INFO  o.a.m.s.f.DefaultMavenResourcesFiltering - Copying 0 resource from src\main\resources to target\classes
2025-04-03 14:52:43,707 [Worker-16: Building] INFO  o.a.m.s.f.DefaultMavenResourcesFiltering - skip non existing resourceDirectory C:\ShopmeEcommerce\ShopmeProject\ShopmeCommon\src\test\resources
2025-04-03 14:53:54,249 [Worker-21: Building] INFO  o.a.m.s.f.DefaultMavenResourcesFiltering - Copying 0 resource from src\main\resources to target\classes
2025-04-03 14:53:54,253 [Worker-21: Building] INFO  o.a.m.s.f.DefaultMavenResourcesFiltering - Copying 1 resource from src\main\resources to target\classes
2025-04-03 14:53:54,260 [Worker-21: Building] INFO  o.a.m.s.f.DefaultMavenResourcesFiltering - skip non existing resourceDirectory C:\ShopmeEcommerce\ShopmeProject\ShopmeWebParent\ShopmeBackEnd\src\test\resources
2025-04-03 14:55:08,124 [Worker-19: Building] INFO  o.a.m.s.f.DefaultMavenResourcesFiltering - Copying 0 resource from src\main\resources to target\classes
2025-04-03 14:55:08,127 [Worker-19: Building] INFO  o.a.m.s.f.DefaultMavenResourcesFiltering - Copying 1 resource from src\main\resources to target\classes
2025-04-03 14:55:08,133 [Worker-19: Building] INFO  o.a.m.s.f.DefaultMavenResourcesFiltering - skip non existing resourceDirectory C:\ShopmeEcommerce\ShopmeProject\ShopmeWebParent\ShopmeBackEnd\src\test\resources
2025-04-03 14:55:19,675 [Worker-15: Building] INFO  o.a.m.s.f.DefaultMavenResourcesFiltering - Copying 0 resource from src\main\resources to target\classes
2025-04-03 14:55:19,679 [Worker-15: Building] INFO  o.a.m.s.f.DefaultMavenResourcesFiltering - Copying 1 resource from src\main\resources to target\classes
2025-04-03 14:55:19,687 [Worker-15: Building] INFO  o.a.m.s.f.DefaultMavenResourcesFiltering - skip non existing resourceDirectory C:\ShopmeEcommerce\ShopmeProject\ShopmeWebParent\ShopmeBackEnd\src\test\resources
2025-04-03 14:56:29,072 [Worker-15: Building] INFO  o.a.m.s.f.DefaultMavenResourcesFiltering - Copying 0 resource from src\main\resources to target\classes
2025-04-03 14:56:29,076 [Worker-15: Building] INFO  o.a.m.s.f.DefaultMavenResourcesFiltering - Copying 1 resource from src\main\resources to target\classes
2025-04-03 14:56:29,083 [Worker-15: Building] INFO  o.a.m.s.f.DefaultMavenResourcesFiltering - skip non existing resourceDirectory C:\ShopmeEcommerce\ShopmeProject\ShopmeWebParent\ShopmeBackEnd\src\test\resources
2025-04-03 14:57:59,443 [Worker-15: Building] INFO  o.a.m.s.f.DefaultMavenResourcesFiltering - Copying 1 resource from src\main\resources to target\classes
2025-04-03 14:57:59,449 [Worker-15: Building] INFO  o.a.m.s.f.DefaultMavenResourcesFiltering - Copying 15 resources from src\main\resources to target\classes
2025-04-03 14:57:59,457 [Worker-15: Building] INFO  o.a.m.s.f.DefaultMavenResourcesFiltering - skip non existing resourceDirectory C:\ShopmeEcommerce\ShopmeProject\ShopmeWebParent\ShopmeBackEnd\src\test\resources
2025-04-03 14:58:59,983 [Worker-5: Building] INFO  o.a.m.s.f.DefaultMavenResourcesFiltering - Copying 0 resource from src\main\resources to target\classes
2025-04-03 14:58:59,986 [Worker-5: Building] INFO  o.a.m.s.f.DefaultMavenResourcesFiltering - Copying 1 resource from src\main\resources to target\classes
2025-04-03 14:58:59,992 [Worker-5: Building] INFO  o.a.m.s.f.DefaultMavenResourcesFiltering - skip non existing resourceDirectory C:\ShopmeEcommerce\ShopmeProject\ShopmeWebParent\ShopmeBackEnd\src\test\resources
2025-04-03 15:01:05,933 [Worker-5: Building] INFO  o.a.m.s.f.DefaultMavenResourcesFiltering - Copying 0 resource from src\main\resources to target\classes
2025-04-03 15:01:05,938 [Worker-5: Building] INFO  o.a.m.s.f.DefaultMavenResourcesFiltering - Copying 1 resource from src\main\resources to target\classes
2025-04-03 15:01:05,944 [Worker-5: Building] INFO  o.a.m.s.f.DefaultMavenResourcesFiltering - skip non existing resourceDirectory C:\ShopmeEcommerce\ShopmeProject\ShopmeWebParent\ShopmeBackEnd\src\test\resources
2025-04-03 15:02:01,179 [Worker-17: Building] INFO  o.a.m.s.f.DefaultMavenResourcesFiltering - Copying 1 resource from src\main\resources to target\classes
2025-04-03 15:02:01,187 [Worker-17: Building] INFO  o.a.m.s.f.DefaultMavenResourcesFiltering - Copying 0 resource from src\main\resources to target\classes
2025-04-03 15:02:01,192 [Worker-17: Building] INFO  o.a.m.s.f.DefaultMavenResourcesFiltering - skip non existing resourceDirectory C:\ShopmeEcommerce\ShopmeProject\ShopmeCommon\src\test\resources
2025-04-03 15:07:54,678 [Worker-20: Building] INFO  o.a.m.s.f.DefaultMavenResourcesFiltering - Copying 1 resource from src\main\resources to target\classes
2025-04-03 15:07:54,693 [Worker-20: Building] INFO  o.a.m.s.f.DefaultMavenResourcesFiltering - Copying 15 resources from src\main\resources to target\classes
2025-04-03 15:07:54,701 [Worker-20: Building] INFO  o.a.m.s.f.DefaultMavenResourcesFiltering - skip non existing resourceDirectory C:\ShopmeEcommerce\ShopmeProject\ShopmeWebParent\ShopmeBackEnd\src\test\resources
2025-04-03 15:08:30,245 [Worker-16: Building] INFO  o.a.m.s.f.DefaultMavenResourcesFiltering - Copying 1 resource from src\main\resources to target\classes
2025-04-03 15:08:30,253 [Worker-16: Building] INFO  o.a.m.s.f.DefaultMavenResourcesFiltering - Copying 15 resources from src\main\resources to target\classes
2025-04-03 15:08:30,260 [Worker-16: Building] INFO  o.a.m.s.f.DefaultMavenResourcesFiltering - skip non existing resourceDirectory C:\ShopmeEcommerce\ShopmeProject\ShopmeWebParent\ShopmeBackEnd\src\test\resources
2025-04-03 15:12:24,747 [Worker-15: Building] INFO  o.a.m.s.f.DefaultMavenResourcesFiltering - Copying 1 resource from src\main\resources to target\classes
2025-04-03 15:12:24,755 [Worker-15: Building] INFO  o.a.m.s.f.DefaultMavenResourcesFiltering - Copying 15 resources from src\main\resources to target\classes
2025-04-03 15:12:24,761 [Worker-15: Building] INFO  o.a.m.s.f.DefaultMavenResourcesFiltering - skip non existing resourceDirectory C:\ShopmeEcommerce\ShopmeProject\ShopmeWebParent\ShopmeBackEnd\src\test\resources
2025-04-03 15:13:32,818 [Worker-16: Building] INFO  o.a.m.s.f.DefaultMavenResourcesFiltering - Copying 0 resource from src\main\resources to target\classes
2025-04-03 15:13:32,823 [Worker-16: Building] INFO  o.a.m.s.f.DefaultMavenResourcesFiltering - Copying 1 resource from src\main\resources to target\classes
2025-04-03 15:13:32,831 [Worker-16: Building] INFO  o.a.m.s.f.DefaultMavenResourcesFiltering - skip non existing resourceDirectory C:\ShopmeEcommerce\ShopmeProject\ShopmeWebParent\ShopmeBackEnd\src\test\resources
2025-04-03 15:20:42,217 [Worker-20: Building] INFO  o.a.m.s.f.DefaultMavenResourcesFiltering - Copying 1 resource from src\main\resources to target\classes
2025-04-03 15:20:42,225 [Worker-20: Building] INFO  o.a.m.s.f.DefaultMavenResourcesFiltering - Copying 0 resource from src\main\resources to target\classes
2025-04-03 15:20:42,228 [Worker-20: Building] INFO  o.a.m.s.f.DefaultMavenResourcesFiltering - skip non existing resourceDirectory C:\ShopmeEcommerce\ShopmeProject\ShopmeWebParent\ShopmeBackEnd\src\test\resources
2025-04-03 15:22:36,018 [Worker-22: Launching ShopmeBackEnd - ShopmeBackEndApplication] INFO  o.e.m.c.i.p.WorkspaceClassifierResolverManager - Resolving P/ShopmeCommon: com.example:ShopmeCommon:0.0.1-SNAPSHOT with classifier null to /ShopmeCommon/target/classes
2025-04-03 15:22:36,164 [Worker-22: Launching ShopmeBackEnd - ShopmeBackEndApplication] INFO  o.e.m.c.i.p.WorkspaceClassifierResolverManager - Resolving P/ShopmeCommon: com.example:ShopmeCommon:0.0.1-SNAPSHOT with classifier null to /ShopmeCommon/target/classes
2025-04-03 15:22:36,279 [Worker-22: Launching ShopmeBackEnd - ShopmeBackEndApplication] INFO  o.e.m.c.i.p.WorkspaceClassifierResolverManager - Resolving P/ShopmeCommon: com.example:ShopmeCommon:0.0.1-SNAPSHOT with classifier null to /ShopmeCommon/target/classes
2025-04-22 12:24:16,317 [Worker-5: Loading available Gradle versions] INFO  o.e.b.c.i.u.g.PublishedGradleVersions - Gradle version information cache is out-of-date. Trying to update.
2025-04-22 12:37:09,397 [Worker-5: Check for devtools] INFO  o.e.m.c.i.p.WorkspaceClassifierResolverManager - Resolving P/ShopmeCommon: com.example:ShopmeCommon:0.0.1-SNAPSHOT with classifier  to /ShopmeCommon/target/classes
2025-04-22 12:37:09,572 [Worker-5: Check for devtools] INFO  o.e.m.c.i.p.WorkspaceClassifierResolverManager - Resolving P/ShopmeCommon: com.example:ShopmeCommon:0.0.1-SNAPSHOT with classifier  to /ShopmeCommon/target/classes
2025-04-22 12:45:48,711 [Worker-13: Launching ShopmeBackEnd - ShopmeBackEndApplication] INFO  o.e.m.c.i.p.WorkspaceClassifierResolverManager - Resolving P/ShopmeCommon: com.example:ShopmeCommon:0.0.1-SNAPSHOT with classifier null to /ShopmeCommon/target/classes
2025-04-22 12:45:48,861 [Worker-13: Launching ShopmeBackEnd - ShopmeBackEndApplication] INFO  o.e.m.c.i.p.WorkspaceClassifierResolverManager - Resolving P/ShopmeCommon: com.example:ShopmeCommon:0.0.1-SNAPSHOT with classifier null to /ShopmeCommon/target/classes
2025-04-22 12:45:49,007 [Worker-13: Launching ShopmeBackEnd - ShopmeBackEndApplication] INFO  o.e.m.c.i.p.WorkspaceClassifierResolverManager - Resolving P/ShopmeCommon: com.example:ShopmeCommon:0.0.1-SNAPSHOT with classifier null to /ShopmeCommon/target/classes
2025-04-22 13:37:19,215 [Worker-15: Building] INFO  o.a.m.s.f.DefaultMavenResourcesFiltering - Copying 1 resource from src\main\resources to target\classes
2025-04-22 13:37:19,258 [Worker-15: Building] INFO  o.a.m.s.f.DefaultMavenResourcesFiltering - Copying 15 resources from src\main\resources to target\classes
2025-04-22 13:37:19,277 [Worker-15: Building] INFO  o.a.m.s.f.DefaultMavenResourcesFiltering - skip non existing resourceDirectory C:\ShopmeEcommerce\ShopmeProject\ShopmeWebParent\ShopmeBackEnd\src\test\resources
2025-04-22 13:37:32,524 [Worker-15: Building] INFO  o.e.m.c.i.p.WorkspaceClassifierResolverManager - Resolving P/ShopmeCommon: com.example:ShopmeCommon:0.0.1-SNAPSHOT with classifier  to /ShopmeCommon/target/classes
2025-04-22 13:38:00,285 [Worker-14: Building] INFO  o.a.m.s.f.DefaultMavenResourcesFiltering - Copying 1 resource from src\main\resources to target\classes
2025-04-22 13:38:00,296 [Worker-14: Building] INFO  o.a.m.s.f.DefaultMavenResourcesFiltering - Copying 15 resources from src\main\resources to target\classes
2025-04-22 13:38:00,306 [Worker-14: Building] INFO  o.a.m.s.f.DefaultMavenResourcesFiltering - skip non existing resourceDirectory C:\ShopmeEcommerce\ShopmeProject\ShopmeWebParent\ShopmeBackEnd\src\test\resources
2025-04-22 13:39:42,403 [main] INFO  o.e.m.jdt.internal.UnitTestSupport - Updating UserRepositoryTest.testListFirstPage from maven configuration
2025-04-22 13:39:44,260 [Worker-18: Launching UserRepositoryTest.testListFirstPage] INFO  o.e.m.c.i.p.WorkspaceClassifierResolverManager - Resolving P/ShopmeCommon: com.example:ShopmeCommon:0.0.1-SNAPSHOT with classifier null to /ShopmeCommon/target/classes
2025-04-22 13:39:46,991 [Worker-18: Launching UserRepositoryTest.testListFirstPage] INFO  o.a.m.s.f.DefaultMavenResourcesFiltering - Copying 0 resource from src\main\resources to target\classes
2025-04-22 13:39:46,996 [Worker-18: Launching UserRepositoryTest.testListFirstPage] INFO  o.a.m.s.f.DefaultMavenResourcesFiltering - Copying 0 resource from src\main\resources to target\classes
2025-04-22 13:39:47,004 [Worker-18: Launching UserRepositoryTest.testListFirstPage] INFO  o.a.m.s.f.DefaultMavenResourcesFiltering - skip non existing resourceDirectory C:\ShopmeEcommerce\ShopmeProject\ShopmeWebParent\ShopmeBackEnd\src\test\resources
2025-04-22 13:39:47,284 [Worker-18: Launching UserRepositoryTest.testListFirstPage] INFO  o.e.m.c.i.p.WorkspaceClassifierResolverManager - Resolving P/ShopmeCommon: com.example:ShopmeCommon:0.0.1-SNAPSHOT with classifier null to /ShopmeCommon/target/classes
2025-04-22 13:39:47,627 [Worker-18: Launching UserRepositoryTest.testListFirstPage] INFO  o.e.m.c.i.p.WorkspaceClassifierResolverManager - Resolving P/ShopmeCommon: com.example:ShopmeCommon:0.0.1-SNAPSHOT with classifier null to /ShopmeCommon/target/classes
2025-04-22 13:41:57,836 [Worker-13: Building] INFO  o.a.m.s.f.DefaultMavenResourcesFiltering - Copying 0 resource from src\main\resources to target\classes
2025-04-22 13:41:57,844 [Worker-13: Building] INFO  o.a.m.s.f.DefaultMavenResourcesFiltering - Copying 0 resource from src\main\resources to target\classes
2025-04-22 13:41:57,847 [Worker-13: Building] INFO  o.a.m.s.f.DefaultMavenResourcesFiltering - skip non existing resourceDirectory C:\ShopmeEcommerce\ShopmeProject\ShopmeWebParent\ShopmeBackEnd\src\test\resources
2025-04-22 13:42:05,280 [Worker-19: Building] INFO  o.a.m.s.f.DefaultMavenResourcesFiltering - Copying 0 resource from src\main\resources to target\classes
2025-04-22 13:42:05,288 [Worker-19: Building] INFO  o.a.m.s.f.DefaultMavenResourcesFiltering - Copying 0 resource from src\main\resources to target\classes
2025-04-22 13:42:05,291 [Worker-19: Building] INFO  o.a.m.s.f.DefaultMavenResourcesFiltering - skip non existing resourceDirectory C:\ShopmeEcommerce\ShopmeProject\ShopmeWebParent\ShopmeBackEnd\src\test\resources
2025-04-22 13:42:17,424 [Worker-19: Launching UserRepositoryTest.testListFirstPage] INFO  o.e.m.c.i.p.WorkspaceClassifierResolverManager - Resolving P/ShopmeCommon: com.example:ShopmeCommon:0.0.1-SNAPSHOT with classifier null to /ShopmeCommon/target/classes
2025-04-22 13:42:17,686 [Worker-19: Launching UserRepositoryTest.testListFirstPage] INFO  o.e.m.c.i.p.WorkspaceClassifierResolverManager - Resolving P/ShopmeCommon: com.example:ShopmeCommon:0.0.1-SNAPSHOT with classifier null to /ShopmeCommon/target/classes
2025-04-22 13:42:17,874 [Worker-19: Launching UserRepositoryTest.testListFirstPage] INFO  o.e.m.c.i.p.WorkspaceClassifierResolverManager - Resolving P/ShopmeCommon: com.example:ShopmeCommon:0.0.1-SNAPSHOT with classifier null to /ShopmeCommon/target/classes
2025-04-22 13:42:49,557 [Worker-18: Building] INFO  o.a.m.s.f.DefaultMavenResourcesFiltering - Copying 0 resource from src\main\resources to target\classes
2025-04-22 13:42:49,560 [Worker-18: Building] INFO  o.a.m.s.f.DefaultMavenResourcesFiltering - Copying 0 resource from src\main\resources to target\classes
2025-04-22 13:42:49,564 [Worker-18: Building] INFO  o.a.m.s.f.DefaultMavenResourcesFiltering - skip non existing resourceDirectory C:\ShopmeEcommerce\ShopmeProject\ShopmeWebParent\ShopmeBackEnd\src\test\resources
2025-04-22 13:42:51,868 [Worker-18: Launching Rerun UserRepositoryTest] INFO  o.e.m.c.i.p.WorkspaceClassifierResolverManager - Resolving P/ShopmeCommon: com.example:ShopmeCommon:0.0.1-SNAPSHOT with classifier null to /ShopmeCommon/target/classes
2025-04-22 13:42:52,344 [Worker-18: Launching Rerun UserRepositoryTest] INFO  o.e.m.c.i.p.WorkspaceClassifierResolverManager - Resolving P/ShopmeCommon: com.example:ShopmeCommon:0.0.1-SNAPSHOT with classifier null to /ShopmeCommon/target/classes
2025-04-22 13:42:52,503 [Worker-18: Launching Rerun UserRepositoryTest] INFO  o.e.m.c.i.p.WorkspaceClassifierResolverManager - Resolving P/ShopmeCommon: com.example:ShopmeCommon:0.0.1-SNAPSHOT with classifier null to /ShopmeCommon/target/classes
2025-04-22 13:43:15,050 [Worker-14: Launching UserRepositoryTest.testListFirstPage] INFO  o.e.m.c.i.p.WorkspaceClassifierResolverManager - Resolving P/ShopmeCommon: com.example:ShopmeCommon:0.0.1-SNAPSHOT with classifier null to /ShopmeCommon/target/classes
2025-04-22 13:43:15,279 [Worker-14: Launching UserRepositoryTest.testListFirstPage] INFO  o.e.m.c.i.p.WorkspaceClassifierResolverManager - Resolving P/ShopmeCommon: com.example:ShopmeCommon:0.0.1-SNAPSHOT with classifier null to /ShopmeCommon/target/classes
2025-04-22 13:43:15,457 [Worker-14: Launching UserRepositoryTest.testListFirstPage] INFO  o.e.m.c.i.p.WorkspaceClassifierResolverManager - Resolving P/ShopmeCommon: com.example:ShopmeCommon:0.0.1-SNAPSHOT with classifier null to /ShopmeCommon/target/classes
2025-04-22 13:48:01,026 [Worker-19: Building] INFO  o.a.m.s.f.DefaultMavenResourcesFiltering - Copying 1 resource from src\main\resources to target\classes
2025-04-22 13:48:01,037 [Worker-19: Building] INFO  o.a.m.s.f.DefaultMavenResourcesFiltering - Copying 15 resources from src\main\resources to target\classes
2025-04-22 13:48:01,046 [Worker-19: Building] INFO  o.a.m.s.f.DefaultMavenResourcesFiltering - skip non existing resourceDirectory C:\ShopmeEcommerce\ShopmeProject\ShopmeWebParent\ShopmeBackEnd\src\test\resources
2025-04-22 13:50:40,659 [Worker-20: Building] INFO  o.a.m.s.f.DefaultMavenResourcesFiltering - Copying 1 resource from src\main\resources to target\classes
2025-04-22 13:50:40,676 [Worker-20: Building] INFO  o.a.m.s.f.DefaultMavenResourcesFiltering - Copying 15 resources from src\main\resources to target\classes
2025-04-22 13:50:40,685 [Worker-20: Building] INFO  o.a.m.s.f.DefaultMavenResourcesFiltering - skip non existing resourceDirectory C:\ShopmeEcommerce\ShopmeProject\ShopmeWebParent\ShopmeBackEnd\src\test\resources
2025-04-22 13:52:10,104 [Worker-19: Building] INFO  o.a.m.s.f.DefaultMavenResourcesFiltering - Copying 1 resource from src\main\resources to target\classes
2025-04-22 13:52:10,114 [Worker-19: Building] INFO  o.a.m.s.f.DefaultMavenResourcesFiltering - Copying 15 resources from src\main\resources to target\classes
2025-04-22 13:52:10,122 [Worker-19: Building] INFO  o.a.m.s.f.DefaultMavenResourcesFiltering - skip non existing resourceDirectory C:\ShopmeEcommerce\ShopmeProject\ShopmeWebParent\ShopmeBackEnd\src\test\resources
2025-04-22 13:53:27,242 [Worker-18: Building] INFO  o.a.m.s.f.DefaultMavenResourcesFiltering - Copying 1 resource from src\main\resources to target\classes
2025-04-22 13:53:27,303 [Worker-18: Building] INFO  o.a.m.s.f.DefaultMavenResourcesFiltering - Copying 15 resources from src\main\resources to target\classes
2025-04-22 13:53:27,317 [Worker-18: Building] INFO  o.a.m.s.f.DefaultMavenResourcesFiltering - skip non existing resourceDirectory C:\ShopmeEcommerce\ShopmeProject\ShopmeWebParent\ShopmeBackEnd\src\test\resources
2025-04-22 13:54:49,988 [Worker-15: Building] INFO  o.a.m.s.f.DefaultMavenResourcesFiltering - Copying 1 resource from src\main\resources to target\classes
2025-04-22 13:54:49,996 [Worker-15: Building] INFO  o.a.m.s.f.DefaultMavenResourcesFiltering - Copying 15 resources from src\main\resources to target\classes
2025-04-22 13:54:50,004 [Worker-15: Building] INFO  o.a.m.s.f.DefaultMavenResourcesFiltering - skip non existing resourceDirectory C:\ShopmeEcommerce\ShopmeProject\ShopmeWebParent\ShopmeBackEnd\src\test\resources
2025-04-22 14:04:48,610 [Worker-14: Building] INFO  o.a.m.s.f.DefaultMavenResourcesFiltering - Copying 1 resource from src\main\resources to target\classes
2025-04-22 14:04:48,622 [Worker-14: Building] INFO  o.a.m.s.f.DefaultMavenResourcesFiltering - Copying 15 resources from src\main\resources to target\classes
2025-04-22 14:04:48,632 [Worker-14: Building] INFO  o.a.m.s.f.DefaultMavenResourcesFiltering - skip non existing resourceDirectory C:\ShopmeEcommerce\ShopmeProject\ShopmeWebParent\ShopmeBackEnd\src\test\resources
2025-04-22 14:12:56,928 [Worker-20: Building] INFO  o.a.m.s.f.DefaultMavenResourcesFiltering - Copying 1 resource from src\main\resources to target\classes
2025-04-22 14:12:56,946 [Worker-20: Building] INFO  o.a.m.s.f.DefaultMavenResourcesFiltering - Copying 15 resources from src\main\resources to target\classes
2025-04-22 14:12:57,025 [Worker-20: Building] INFO  o.a.m.s.f.DefaultMavenResourcesFiltering - skip non existing resourceDirectory C:\ShopmeEcommerce\ShopmeProject\ShopmeWebParent\ShopmeBackEnd\src\test\resources
2025-04-22 14:14:53,624 [Worker-20: Building] INFO  o.a.m.s.f.DefaultMavenResourcesFiltering - Copying 0 resource from src\main\resources to target\classes
2025-04-22 14:14:53,632 [Worker-20: Building] INFO  o.a.m.s.f.DefaultMavenResourcesFiltering - Copying 1 resource from src\main\resources to target\classes
2025-04-22 14:14:53,642 [Worker-20: Building] INFO  o.a.m.s.f.DefaultMavenResourcesFiltering - skip non existing resourceDirectory C:\ShopmeEcommerce\ShopmeProject\ShopmeWebParent\ShopmeBackEnd\src\test\resources
2025-04-22 14:15:37,271 [Worker-16: Building] INFO  o.a.m.s.f.DefaultMavenResourcesFiltering - Copying 0 resource from src\main\resources to target\classes
2025-04-22 14:15:37,274 [Worker-16: Building] INFO  o.a.m.s.f.DefaultMavenResourcesFiltering - Copying 1 resource from src\main\resources to target\classes
2025-04-22 14:15:37,281 [Worker-16: Building] INFO  o.a.m.s.f.DefaultMavenResourcesFiltering - skip non existing resourceDirectory C:\ShopmeEcommerce\ShopmeProject\ShopmeWebParent\ShopmeBackEnd\src\test\resources
2025-04-22 14:16:45,798 [Worker-18: Building] INFO  o.a.m.s.f.DefaultMavenResourcesFiltering - Copying 0 resource from src\main\resources to target\classes
2025-04-22 14:16:45,802 [Worker-18: Building] INFO  o.a.m.s.f.DefaultMavenResourcesFiltering - Copying 1 resource from src\main\resources to target\classes
2025-04-22 14:16:45,809 [Worker-18: Building] INFO  o.a.m.s.f.DefaultMavenResourcesFiltering - skip non existing resourceDirectory C:\ShopmeEcommerce\ShopmeProject\ShopmeWebParent\ShopmeBackEnd\src\test\resources
2025-04-22 14:17:34,739 [Worker-20: Building] INFO  o.a.m.s.f.DefaultMavenResourcesFiltering - Copying 0 resource from src\main\resources to target\classes
2025-04-22 14:17:34,741 [Worker-20: Building] INFO  o.a.m.s.f.DefaultMavenResourcesFiltering - Copying 1 resource from src\main\resources to target\classes
2025-04-22 14:17:34,745 [Worker-20: Building] INFO  o.a.m.s.f.DefaultMavenResourcesFiltering - skip non existing resourceDirectory C:\ShopmeEcommerce\ShopmeProject\ShopmeWebParent\ShopmeBackEnd\src\test\resources
2025-04-22 14:18:23,935 [Worker-15: Building] INFO  o.a.m.s.f.DefaultMavenResourcesFiltering - Copying 1 resource from src\main\resources to target\classes
2025-04-22 14:18:23,947 [Worker-15: Building] INFO  o.a.m.s.f.DefaultMavenResourcesFiltering - Copying 15 resources from src\main\resources to target\classes
2025-04-22 14:18:23,961 [Worker-15: Building] INFO  o.a.m.s.f.DefaultMavenResourcesFiltering - skip non existing resourceDirectory C:\ShopmeEcommerce\ShopmeProject\ShopmeWebParent\ShopmeBackEnd\src\test\resources
2025-04-22 14:18:48,977 [Worker-18: Building] INFO  o.a.m.s.f.DefaultMavenResourcesFiltering - Copying 1 resource from src\main\resources to target\classes
2025-04-22 14:18:48,985 [Worker-18: Building] INFO  o.a.m.s.f.DefaultMavenResourcesFiltering - Copying 15 resources from src\main\resources to target\classes
2025-04-22 14:18:48,992 [Worker-18: Building] INFO  o.a.m.s.f.DefaultMavenResourcesFiltering - skip non existing resourceDirectory C:\ShopmeEcommerce\ShopmeProject\ShopmeWebParent\ShopmeBackEnd\src\test\resources
2025-04-22 14:19:09,237 [Worker-14: Building] INFO  o.a.m.s.f.DefaultMavenResourcesFiltering - Copying 1 resource from src\main\resources to target\classes
2025-04-22 14:19:09,244 [Worker-14: Building] INFO  o.a.m.s.f.DefaultMavenResourcesFiltering - Copying 15 resources from src\main\resources to target\classes
2025-04-22 14:19:09,253 [Worker-14: Building] INFO  o.a.m.s.f.DefaultMavenResourcesFiltering - skip non existing resourceDirectory C:\ShopmeEcommerce\ShopmeProject\ShopmeWebParent\ShopmeBackEnd\src\test\resources
2025-04-22 14:21:51,340 [Worker-15: Building] INFO  o.a.m.s.f.DefaultMavenResourcesFiltering - Copying 0 resource from src\main\resources to target\classes
2025-04-22 14:21:51,342 [Worker-15: Building] INFO  o.a.m.s.f.DefaultMavenResourcesFiltering - Copying 1 resource from src\main\resources to target\classes
2025-04-22 14:21:51,347 [Worker-15: Building] INFO  o.a.m.s.f.DefaultMavenResourcesFiltering - skip non existing resourceDirectory C:\ShopmeEcommerce\ShopmeProject\ShopmeWebParent\ShopmeBackEnd\src\test\resources
2025-04-22 14:22:47,581 [Worker-18: Building] INFO  o.a.m.s.f.DefaultMavenResourcesFiltering - Copying 0 resource from src\main\resources to target\classes
2025-04-22 14:22:47,586 [Worker-18: Building] INFO  o.a.m.s.f.DefaultMavenResourcesFiltering - Copying 1 resource from src\main\resources to target\classes
2025-04-22 14:22:47,594 [Worker-18: Building] INFO  o.a.m.s.f.DefaultMavenResourcesFiltering - skip non existing resourceDirectory C:\ShopmeEcommerce\ShopmeProject\ShopmeWebParent\ShopmeBackEnd\src\test\resources
2025-04-22 14:23:04,182 [Worker-14: Building] INFO  o.a.m.s.f.DefaultMavenResourcesFiltering - Copying 0 resource from src\main\resources to target\classes
2025-04-22 14:23:04,188 [Worker-14: Building] INFO  o.a.m.s.f.DefaultMavenResourcesFiltering - Copying 1 resource from src\main\resources to target\classes
2025-04-22 14:23:04,194 [Worker-14: Building] INFO  o.a.m.s.f.DefaultMavenResourcesFiltering - skip non existing resourceDirectory C:\ShopmeEcommerce\ShopmeProject\ShopmeWebParent\ShopmeBackEnd\src\test\resources
2025-04-22 14:24:17,253 [Worker-14: Building] INFO  o.a.m.s.f.DefaultMavenResourcesFiltering - Copying 0 resource from src\main\resources to target\classes
2025-04-22 14:24:17,256 [Worker-14: Building] INFO  o.a.m.s.f.DefaultMavenResourcesFiltering - Copying 1 resource from src\main\resources to target\classes
2025-04-22 14:24:17,263 [Worker-14: Building] INFO  o.a.m.s.f.DefaultMavenResourcesFiltering - skip non existing resourceDirectory C:\ShopmeEcommerce\ShopmeProject\ShopmeWebParent\ShopmeBackEnd\src\test\resources
2025-04-22 14:25:09,267 [Worker-17: Building] INFO  o.a.m.s.f.DefaultMavenResourcesFiltering - Copying 1 resource from src\main\resources to target\classes
2025-04-22 14:25:09,283 [Worker-17: Building] INFO  o.a.m.s.f.DefaultMavenResourcesFiltering - Copying 15 resources from src\main\resources to target\classes
2025-04-22 14:25:09,292 [Worker-17: Building] INFO  o.a.m.s.f.DefaultMavenResourcesFiltering - skip non existing resourceDirectory C:\ShopmeEcommerce\ShopmeProject\ShopmeWebParent\ShopmeBackEnd\src\test\resources
2025-04-22 14:26:01,059 [Worker-14: Building] INFO  o.a.m.s.f.DefaultMavenResourcesFiltering - Copying 0 resource from src\main\resources to target\classes
2025-04-22 14:26:01,063 [Worker-14: Building] INFO  o.a.m.s.f.DefaultMavenResourcesFiltering - Copying 1 resource from src\main\resources to target\classes
2025-04-22 14:26:01,068 [Worker-14: Building] INFO  o.a.m.s.f.DefaultMavenResourcesFiltering - skip non existing resourceDirectory C:\ShopmeEcommerce\ShopmeProject\ShopmeWebParent\ShopmeBackEnd\src\test\resources
2025-04-22 14:27:54,990 [Worker-20: Building] INFO  o.a.m.s.f.DefaultMavenResourcesFiltering - Copying 0 resource from src\main\resources to target\classes
2025-04-22 14:27:54,992 [Worker-20: Building] INFO  o.a.m.s.f.DefaultMavenResourcesFiltering - Copying 1 resource from src\main\resources to target\classes
2025-04-22 14:27:54,998 [Worker-20: Building] INFO  o.a.m.s.f.DefaultMavenResourcesFiltering - skip non existing resourceDirectory C:\ShopmeEcommerce\ShopmeProject\ShopmeWebParent\ShopmeBackEnd\src\test\resources
2025-04-22 14:32:36,337 [Worker-15: Building] INFO  o.a.m.s.f.DefaultMavenResourcesFiltering - Copying 1 resource from src\main\resources to target\classes
2025-04-22 14:32:36,355 [Worker-15: Building] INFO  o.a.m.s.f.DefaultMavenResourcesFiltering - Copying 15 resources from src\main\resources to target\classes
2025-04-22 14:32:36,378 [Worker-15: Building] INFO  o.a.m.s.f.DefaultMavenResourcesFiltering - skip non existing resourceDirectory C:\ShopmeEcommerce\ShopmeProject\ShopmeWebParent\ShopmeBackEnd\src\test\resources
2025-04-22 14:32:53,160 [Worker-17: Building] INFO  o.a.m.s.f.DefaultMavenResourcesFiltering - Copying 0 resource from src\main\resources to target\classes
2025-04-22 14:32:53,163 [Worker-17: Building] INFO  o.a.m.s.f.DefaultMavenResourcesFiltering - Copying 1 resource from src\main\resources to target\classes
2025-04-22 14:32:53,169 [Worker-17: Building] INFO  o.a.m.s.f.DefaultMavenResourcesFiltering - skip non existing resourceDirectory C:\ShopmeEcommerce\ShopmeProject\ShopmeWebParent\ShopmeBackEnd\src\test\resources
2025-04-22 14:33:24,809 [Worker-13: Building] INFO  o.a.m.s.f.DefaultMavenResourcesFiltering - Copying 0 resource from src\main\resources to target\classes
2025-04-22 14:33:24,816 [Worker-13: Building] INFO  o.a.m.s.f.DefaultMavenResourcesFiltering - Copying 1 resource from src\main\resources to target\classes
2025-04-22 14:33:24,823 [Worker-13: Building] INFO  o.a.m.s.f.DefaultMavenResourcesFiltering - skip non existing resourceDirectory C:\ShopmeEcommerce\ShopmeProject\ShopmeWebParent\ShopmeBackEnd\src\test\resources
2025-04-22 14:37:29,948 [Worker-13: Building] INFO  o.a.m.s.f.DefaultMavenResourcesFiltering - Copying 0 resource from src\main\resources to target\classes
2025-04-22 14:37:29,952 [Worker-13: Building] INFO  o.a.m.s.f.DefaultMavenResourcesFiltering - Copying 1 resource from src\main\resources to target\classes
2025-04-22 14:37:29,956 [Worker-13: Building] INFO  o.a.m.s.f.DefaultMavenResourcesFiltering - skip non existing resourceDirectory C:\ShopmeEcommerce\ShopmeProject\ShopmeWebParent\ShopmeBackEnd\src\test\resources
2025-04-22 14:38:24,138 [Worker-17: Building] INFO  o.a.m.s.f.DefaultMavenResourcesFiltering - Copying 0 resource from src\main\resources to target\classes
2025-04-22 14:38:24,143 [Worker-17: Building] INFO  o.a.m.s.f.DefaultMavenResourcesFiltering - Copying 1 resource from src\main\resources to target\classes
2025-04-22 14:38:24,151 [Worker-17: Building] INFO  o.a.m.s.f.DefaultMavenResourcesFiltering - skip non existing resourceDirectory C:\ShopmeEcommerce\ShopmeProject\ShopmeWebParent\ShopmeBackEnd\src\test\resources
2025-04-22 14:38:33,197 [Worker-14: Building] INFO  o.a.m.s.f.DefaultMavenResourcesFiltering - Copying 1 resource from src\main\resources to target\classes
2025-04-22 14:38:33,208 [Worker-14: Building] INFO  o.a.m.s.f.DefaultMavenResourcesFiltering - Copying 15 resources from src\main\resources to target\classes
2025-04-22 14:38:33,218 [Worker-14: Building] INFO  o.a.m.s.f.DefaultMavenResourcesFiltering - skip non existing resourceDirectory C:\ShopmeEcommerce\ShopmeProject\ShopmeWebParent\ShopmeBackEnd\src\test\resources
2025-04-22 14:38:47,964 [Worker-13: Building] INFO  o.a.m.s.f.DefaultMavenResourcesFiltering - Copying 1 resource from src\main\resources to target\classes
2025-04-22 14:38:47,977 [Worker-13: Building] INFO  o.a.m.s.f.DefaultMavenResourcesFiltering - Copying 15 resources from src\main\resources to target\classes
2025-04-22 14:38:47,987 [Worker-13: Building] INFO  o.a.m.s.f.DefaultMavenResourcesFiltering - skip non existing resourceDirectory C:\ShopmeEcommerce\ShopmeProject\ShopmeWebParent\ShopmeBackEnd\src\test\resources
2025-04-22 14:41:45,540 [Worker-17: Building] INFO  o.a.m.s.f.DefaultMavenResourcesFiltering - Copying 0 resource from src\main\resources to target\classes
2025-04-22 14:41:45,543 [Worker-17: Building] INFO  o.a.m.s.f.DefaultMavenResourcesFiltering - Copying 1 resource from src\main\resources to target\classes
2025-04-22 14:41:45,546 [Worker-17: Building] INFO  o.a.m.s.f.DefaultMavenResourcesFiltering - skip non existing resourceDirectory C:\ShopmeEcommerce\ShopmeProject\ShopmeWebParent\ShopmeBackEnd\src\test\resources
2025-04-22 14:44:24,124 [Worker-15: Building] INFO  o.a.m.s.f.DefaultMavenResourcesFiltering - Copying 0 resource from src\main\resources to target\classes
2025-04-22 14:44:24,127 [Worker-15: Building] INFO  o.a.m.s.f.DefaultMavenResourcesFiltering - Copying 1 resource from src\main\resources to target\classes
2025-04-22 14:44:24,132 [Worker-15: Building] INFO  o.a.m.s.f.DefaultMavenResourcesFiltering - skip non existing resourceDirectory C:\ShopmeEcommerce\ShopmeProject\ShopmeWebParent\ShopmeBackEnd\src\test\resources
2025-04-22 14:45:23,363 [Worker-21: Building] INFO  o.a.m.s.f.DefaultMavenResourcesFiltering - Copying 0 resource from src\main\resources to target\classes
2025-04-22 14:45:23,367 [Worker-21: Building] INFO  o.a.m.s.f.DefaultMavenResourcesFiltering - Copying 1 resource from src\main\resources to target\classes
2025-04-22 14:45:23,377 [Worker-21: Building] INFO  o.a.m.s.f.DefaultMavenResourcesFiltering - skip non existing resourceDirectory C:\ShopmeEcommerce\ShopmeProject\ShopmeWebParent\ShopmeBackEnd\src\test\resources
2025-04-22 14:45:28,402 [Worker-19: Building] INFO  o.a.m.s.f.DefaultMavenResourcesFiltering - Copying 0 resource from src\main\resources to target\classes
2025-04-22 14:45:28,405 [Worker-19: Building] INFO  o.a.m.s.f.DefaultMavenResourcesFiltering - Copying 1 resource from src\main\resources to target\classes
2025-04-22 14:45:28,414 [Worker-19: Building] INFO  o.a.m.s.f.DefaultMavenResourcesFiltering - skip non existing resourceDirectory C:\ShopmeEcommerce\ShopmeProject\ShopmeWebParent\ShopmeBackEnd\src\test\resources
2025-04-22 14:47:18,235 [Worker-15: Building] INFO  o.a.m.s.f.DefaultMavenResourcesFiltering - Copying 0 resource from src\main\resources to target\classes
2025-04-22 14:47:18,240 [Worker-15: Building] INFO  o.a.m.s.f.DefaultMavenResourcesFiltering - Copying 1 resource from src\main\resources to target\classes
2025-04-22 14:47:18,245 [Worker-15: Building] INFO  o.a.m.s.f.DefaultMavenResourcesFiltering - skip non existing resourceDirectory C:\ShopmeEcommerce\ShopmeProject\ShopmeWebParent\ShopmeBackEnd\src\test\resources
2025-04-22 14:48:16,348 [Worker-19: Building] INFO  o.a.m.s.f.DefaultMavenResourcesFiltering - Copying 0 resource from src\main\resources to target\classes
2025-04-22 14:48:16,351 [Worker-19: Building] INFO  o.a.m.s.f.DefaultMavenResourcesFiltering - Copying 1 resource from src\main\resources to target\classes
2025-04-22 14:48:16,358 [Worker-19: Building] INFO  o.a.m.s.f.DefaultMavenResourcesFiltering - skip non existing resourceDirectory C:\ShopmeEcommerce\ShopmeProject\ShopmeWebParent\ShopmeBackEnd\src\test\resources
2025-04-25 12:39:14,824 [Worker-1: Loading available Gradle versions] INFO  o.e.b.c.i.u.g.PublishedGradleVersions - Gradle version information cache is out-of-date. Trying to update.
2025-04-25 12:51:33,329 [Worker-8: Building] INFO  o.e.m.c.i.p.WorkspaceClassifierResolverManager - Resolving P/ShopmeCommon: com.example:ShopmeCommon:0.0.1-SNAPSHOT with classifier  to /ShopmeCommon/target/classes
2025-04-25 12:51:33,448 [Worker-8: Building] INFO  o.e.m.c.i.p.WorkspaceClassifierResolverManager - Resolving P/ShopmeCommon: com.example:ShopmeCommon:0.0.1-SNAPSHOT with classifier  to /ShopmeCommon/target/classes
2025-04-25 12:51:35,645 [Worker-8: Building] INFO  o.a.m.s.f.DefaultMavenResourcesFiltering - Copying 1 resource from src\main\resources to target\classes
2025-04-25 12:51:35,679 [Worker-8: Building] INFO  o.a.m.s.f.DefaultMavenResourcesFiltering - Copying 15 resources from src\main\resources to target\classes
2025-04-25 12:51:35,698 [Worker-8: Building] INFO  o.a.m.s.f.DefaultMavenResourcesFiltering - skip non existing resourceDirectory C:\ShopmeEcommerce\ShopmeProject\ShopmeWebParent\ShopmeBackEnd\src\test\resources
2025-04-25 12:51:38,824 [Worker-8: Building] INFO  o.e.m.c.i.p.WorkspaceClassifierResolverManager - Resolving P/ShopmeCommon: com.example:ShopmeCommon:0.0.1-SNAPSHOT with classifier  to /ShopmeCommon/target/classes
2025-04-25 12:53:07,342 [Worker-21: Building] INFO  o.a.m.s.f.DefaultMavenResourcesFiltering - Copying 1 resource from src\main\resources to target\classes
2025-04-25 12:53:07,358 [Worker-21: Building] INFO  o.a.m.s.f.DefaultMavenResourcesFiltering - Copying 15 resources from src\main\resources to target\classes
2025-04-25 12:53:07,375 [Worker-21: Building] INFO  o.a.m.s.f.DefaultMavenResourcesFiltering - skip non existing resourceDirectory C:\ShopmeEcommerce\ShopmeProject\ShopmeWebParent\ShopmeBackEnd\src\test\resources
2025-04-25 12:53:31,852 [Worker-18: Building] INFO  o.a.m.s.f.DefaultMavenResourcesFiltering - Copying 1 resource from src\main\resources to target\classes
2025-04-25 12:53:31,858 [Worker-18: Building] INFO  o.a.m.s.f.DefaultMavenResourcesFiltering - Copying 15 resources from src\main\resources to target\classes
2025-04-25 12:53:31,870 [Worker-18: Building] INFO  o.a.m.s.f.DefaultMavenResourcesFiltering - skip non existing resourceDirectory C:\ShopmeEcommerce\ShopmeProject\ShopmeWebParent\ShopmeBackEnd\src\test\resources
2025-04-25 12:53:50,143 [Worker-21: Building] INFO  o.a.m.s.f.DefaultMavenResourcesFiltering - Copying 1 resource from src\main\resources to target\classes
2025-04-25 12:53:50,152 [Worker-21: Building] INFO  o.a.m.s.f.DefaultMavenResourcesFiltering - Copying 15 resources from src\main\resources to target\classes
2025-04-25 12:53:50,162 [Worker-21: Building] INFO  o.a.m.s.f.DefaultMavenResourcesFiltering - skip non existing resourceDirectory C:\ShopmeEcommerce\ShopmeProject\ShopmeWebParent\ShopmeBackEnd\src\test\resources
2025-04-25 12:55:04,902 [Worker-15: Building] INFO  o.a.m.s.f.DefaultMavenResourcesFiltering - Copying 1 resource from src\main\resources to target\classes
2025-04-25 12:55:04,909 [Worker-15: Building] INFO  o.a.m.s.f.DefaultMavenResourcesFiltering - Copying 15 resources from src\main\resources to target\classes
2025-04-25 12:55:04,916 [Worker-15: Building] INFO  o.a.m.s.f.DefaultMavenResourcesFiltering - skip non existing resourceDirectory C:\ShopmeEcommerce\ShopmeProject\ShopmeWebParent\ShopmeBackEnd\src\test\resources
2025-04-25 12:55:18,926 [Worker-8: Launching ShopmeBackEnd - ShopmeBackEndApplication] INFO  o.e.m.c.i.p.WorkspaceClassifierResolverManager - Resolving P/ShopmeCommon: com.example:ShopmeCommon:0.0.1-SNAPSHOT with classifier null to /ShopmeCommon/target/classes
2025-04-25 12:55:19,058 [Worker-8: Launching ShopmeBackEnd - ShopmeBackEndApplication] INFO  o.e.m.c.i.p.WorkspaceClassifierResolverManager - Resolving P/ShopmeCommon: com.example:ShopmeCommon:0.0.1-SNAPSHOT with classifier null to /ShopmeCommon/target/classes
2025-04-25 12:55:19,183 [Worker-8: Launching ShopmeBackEnd - ShopmeBackEndApplication] INFO  o.e.m.c.i.p.WorkspaceClassifierResolverManager - Resolving P/ShopmeCommon: com.example:ShopmeCommon:0.0.1-SNAPSHOT with classifier null to /ShopmeCommon/target/classes
2025-04-25 13:03:10,662 [Worker-15: Building] INFO  o.a.m.s.f.DefaultMavenResourcesFiltering - Copying 1 resource from src\main\resources to target\classes
2025-04-25 13:03:10,674 [Worker-15: Building] INFO  o.a.m.s.f.DefaultMavenResourcesFiltering - Copying 15 resources from src\main\resources to target\classes
2025-04-25 13:03:10,684 [Worker-15: Building] INFO  o.a.m.s.f.DefaultMavenResourcesFiltering - skip non existing resourceDirectory C:\ShopmeEcommerce\ShopmeProject\ShopmeWebParent\ShopmeBackEnd\src\test\resources
2025-04-25 13:05:07,480 [Worker-19: Building] INFO  o.a.m.s.f.DefaultMavenResourcesFiltering - Copying 0 resource from src\main\resources to target\classes
2025-04-25 13:05:07,503 [Worker-19: Building] INFO  o.a.m.s.f.DefaultMavenResourcesFiltering - Copying 1 resource from src\main\resources to target\classes
2025-04-25 13:05:07,510 [Worker-19: Building] INFO  o.a.m.s.f.DefaultMavenResourcesFiltering - skip non existing resourceDirectory C:\ShopmeEcommerce\ShopmeProject\ShopmeWebParent\ShopmeBackEnd\src\test\resources
2025-04-25 13:06:16,620 [Worker-15: Building] INFO  o.a.m.s.f.DefaultMavenResourcesFiltering - Copying 0 resource from src\main\resources to target\classes
2025-04-25 13:06:16,625 [Worker-15: Building] INFO  o.a.m.s.f.DefaultMavenResourcesFiltering - Copying 1 resource from src\main\resources to target\classes
2025-04-25 13:06:16,633 [Worker-15: Building] INFO  o.a.m.s.f.DefaultMavenResourcesFiltering - skip non existing resourceDirectory C:\ShopmeEcommerce\ShopmeProject\ShopmeWebParent\ShopmeBackEnd\src\test\resources
2025-04-25 13:10:41,639 [Worker-21: Building] INFO  o.a.m.s.f.DefaultMavenResourcesFiltering - Copying 0 resource from src\main\resources to target\classes
2025-04-25 13:10:41,645 [Worker-21: Building] INFO  o.a.m.s.f.DefaultMavenResourcesFiltering - Copying 1 resource from src\main\resources to target\classes
2025-04-25 13:10:41,655 [Worker-21: Building] INFO  o.a.m.s.f.DefaultMavenResourcesFiltering - skip non existing resourceDirectory C:\ShopmeEcommerce\ShopmeProject\ShopmeWebParent\ShopmeBackEnd\src\test\resources
2025-04-25 13:13:42,549 [Worker-19: Building] INFO  o.a.m.s.f.DefaultMavenResourcesFiltering - Copying 0 resource from src\main\resources to target\classes
2025-04-25 13:13:42,552 [Worker-19: Building] INFO  o.a.m.s.f.DefaultMavenResourcesFiltering - Copying 1 resource from src\main\resources to target\classes
2025-04-25 13:13:42,560 [Worker-19: Building] INFO  o.a.m.s.f.DefaultMavenResourcesFiltering - skip non existing resourceDirectory C:\ShopmeEcommerce\ShopmeProject\ShopmeWebParent\ShopmeBackEnd\src\test\resources
2025-04-25 13:15:41,511 [Worker-19: Building] INFO  o.a.m.s.f.DefaultMavenResourcesFiltering - Copying 1 resource from src\main\resources to target\classes
2025-04-25 13:15:41,518 [Worker-19: Building] INFO  o.a.m.s.f.DefaultMavenResourcesFiltering - Copying 15 resources from src\main\resources to target\classes
2025-04-25 13:15:41,526 [Worker-19: Building] INFO  o.a.m.s.f.DefaultMavenResourcesFiltering - skip non existing resourceDirectory C:\ShopmeEcommerce\ShopmeProject\ShopmeWebParent\ShopmeBackEnd\src\test\resources
2025-04-25 13:20:48,469 [Worker-19: Building] INFO  o.a.m.s.f.DefaultMavenResourcesFiltering - Copying 0 resource from src\main\resources to target\classes
2025-04-25 13:20:48,472 [Worker-19: Building] INFO  o.a.m.s.f.DefaultMavenResourcesFiltering - Copying 1 resource from src\main\resources to target\classes
2025-04-25 13:20:48,477 [Worker-19: Building] INFO  o.a.m.s.f.DefaultMavenResourcesFiltering - skip non existing resourceDirectory C:\ShopmeEcommerce\ShopmeProject\ShopmeWebParent\ShopmeBackEnd\src\test\resources
2025-04-25 13:23:11,360 [Worker-19: Building] INFO  o.a.m.s.f.DefaultMavenResourcesFiltering - Copying 0 resource from src\main\resources to target\classes
2025-04-25 13:23:11,363 [Worker-19: Building] INFO  o.a.m.s.f.DefaultMavenResourcesFiltering - Copying 1 resource from src\main\resources to target\classes
2025-04-25 13:23:11,368 [Worker-19: Building] INFO  o.a.m.s.f.DefaultMavenResourcesFiltering - skip non existing resourceDirectory C:\ShopmeEcommerce\ShopmeProject\ShopmeWebParent\ShopmeBackEnd\src\test\resources
2025-04-25 13:23:46,160 [Worker-15: Building] INFO  o.a.m.s.f.DefaultMavenResourcesFiltering - Copying 0 resource from src\main\resources to target\classes
2025-04-25 13:23:46,163 [Worker-15: Building] INFO  o.a.m.s.f.DefaultMavenResourcesFiltering - Copying 1 resource from src\main\resources to target\classes
2025-04-25 13:23:46,168 [Worker-15: Building] INFO  o.a.m.s.f.DefaultMavenResourcesFiltering - skip non existing resourceDirectory C:\ShopmeEcommerce\ShopmeProject\ShopmeWebParent\ShopmeBackEnd\src\test\resources
2025-04-25 13:31:07,715 [Worker-18: Building] INFO  o.a.m.s.f.DefaultMavenResourcesFiltering - Copying 0 resource from src\main\resources to target\classes
2025-04-25 13:31:07,718 [Worker-18: Building] INFO  o.a.m.s.f.DefaultMavenResourcesFiltering - Copying 1 resource from src\main\resources to target\classes
2025-04-25 13:31:07,722 [Worker-18: Building] INFO  o.a.m.s.f.DefaultMavenResourcesFiltering - skip non existing resourceDirectory C:\ShopmeEcommerce\ShopmeProject\ShopmeWebParent\ShopmeBackEnd\src\test\resources
2025-04-25 13:34:28,026 [Worker-23: Building] INFO  o.a.m.s.f.DefaultMavenResourcesFiltering - Copying 0 resource from src\main\resources to target\classes
2025-04-25 13:34:28,035 [Worker-23: Building] INFO  o.a.m.s.f.DefaultMavenResourcesFiltering - Copying 1 resource from src\main\resources to target\classes
2025-04-25 13:34:28,042 [Worker-23: Building] INFO  o.a.m.s.f.DefaultMavenResourcesFiltering - skip non existing resourceDirectory C:\ShopmeEcommerce\ShopmeProject\ShopmeWebParent\ShopmeBackEnd\src\test\resources
2025-04-25 13:39:23,057 [Worker-22: Building] INFO  o.a.m.s.f.DefaultMavenResourcesFiltering - Copying 0 resource from src\main\resources to target\classes
2025-04-25 13:39:23,063 [Worker-22: Building] INFO  o.a.m.s.f.DefaultMavenResourcesFiltering - Copying 1 resource from src\main\resources to target\classes
2025-04-25 13:39:23,068 [Worker-22: Building] INFO  o.a.m.s.f.DefaultMavenResourcesFiltering - skip non existing resourceDirectory C:\ShopmeEcommerce\ShopmeProject\ShopmeWebParent\ShopmeBackEnd\src\test\resources
2025-04-25 13:42:04,480 [Worker-21: Building] INFO  o.a.m.s.f.DefaultMavenResourcesFiltering - Copying 0 resource from src\main\resources to target\classes
2025-04-25 13:42:04,486 [Worker-21: Building] INFO  o.a.m.s.f.DefaultMavenResourcesFiltering - Copying 1 resource from src\main\resources to target\classes
2025-04-25 13:42:04,492 [Worker-21: Building] INFO  o.a.m.s.f.DefaultMavenResourcesFiltering - skip non existing resourceDirectory C:\ShopmeEcommerce\ShopmeProject\ShopmeWebParent\ShopmeBackEnd\src\test\resources
2025-04-25 13:42:33,782 [Worker-21: Building] INFO  o.a.m.s.f.DefaultMavenResourcesFiltering - Copying 0 resource from src\main\resources to target\classes
2025-04-25 13:42:33,787 [Worker-21: Building] INFO  o.a.m.s.f.DefaultMavenResourcesFiltering - Copying 1 resource from src\main\resources to target\classes
2025-04-25 13:42:33,793 [Worker-21: Building] INFO  o.a.m.s.f.DefaultMavenResourcesFiltering - skip non existing resourceDirectory C:\ShopmeEcommerce\ShopmeProject\ShopmeWebParent\ShopmeBackEnd\src\test\resources
2025-04-25 13:44:15,198 [Worker-21: Building] INFO  o.a.m.s.f.DefaultMavenResourcesFiltering - Copying 0 resource from src\main\resources to target\classes
2025-04-25 13:44:15,204 [Worker-21: Building] INFO  o.a.m.s.f.DefaultMavenResourcesFiltering - Copying 1 resource from src\main\resources to target\classes
2025-04-25 13:44:15,210 [Worker-21: Building] INFO  o.a.m.s.f.DefaultMavenResourcesFiltering - skip non existing resourceDirectory C:\ShopmeEcommerce\ShopmeProject\ShopmeWebParent\ShopmeBackEnd\src\test\resources
2025-04-25 13:44:31,051 [Worker-5: Building] INFO  o.a.m.s.f.DefaultMavenResourcesFiltering - Copying 0 resource from src\main\resources to target\classes
2025-04-25 13:44:31,057 [Worker-5: Building] INFO  o.a.m.s.f.DefaultMavenResourcesFiltering - Copying 1 resource from src\main\resources to target\classes
2025-04-25 13:44:31,063 [Worker-5: Building] INFO  o.a.m.s.f.DefaultMavenResourcesFiltering - skip non existing resourceDirectory C:\ShopmeEcommerce\ShopmeProject\ShopmeWebParent\ShopmeBackEnd\src\test\resources
2025-04-25 13:44:47,396 [Worker-21: Building] INFO  o.a.m.s.f.DefaultMavenResourcesFiltering - Copying 0 resource from src\main\resources to target\classes
2025-04-25 13:44:47,404 [Worker-21: Building] INFO  o.a.m.s.f.DefaultMavenResourcesFiltering - Copying 1 resource from src\main\resources to target\classes
2025-04-25 13:44:47,410 [Worker-21: Building] INFO  o.a.m.s.f.DefaultMavenResourcesFiltering - skip non existing resourceDirectory C:\ShopmeEcommerce\ShopmeProject\ShopmeWebParent\ShopmeBackEnd\src\test\resources
2025-04-25 13:45:52,319 [Worker-21: Building] INFO  o.a.m.s.f.DefaultMavenResourcesFiltering - Copying 0 resource from src\main\resources to target\classes
2025-04-25 13:45:52,324 [Worker-21: Building] INFO  o.a.m.s.f.DefaultMavenResourcesFiltering - Copying 1 resource from src\main\resources to target\classes
2025-04-25 13:45:52,329 [Worker-21: Building] INFO  o.a.m.s.f.DefaultMavenResourcesFiltering - skip non existing resourceDirectory C:\ShopmeEcommerce\ShopmeProject\ShopmeWebParent\ShopmeBackEnd\src\test\resources
2025-04-25 13:48:50,562 [Worker-15: Building] INFO  o.a.m.s.f.DefaultMavenResourcesFiltering - Copying 0 resource from src\main\resources to target\classes
2025-04-25 13:48:50,567 [Worker-15: Building] INFO  o.a.m.s.f.DefaultMavenResourcesFiltering - Copying 1 resource from src\main\resources to target\classes
2025-04-25 13:48:50,572 [Worker-15: Building] INFO  o.a.m.s.f.DefaultMavenResourcesFiltering - skip non existing resourceDirectory C:\ShopmeEcommerce\ShopmeProject\ShopmeWebParent\ShopmeBackEnd\src\test\resources
2025-04-25 13:52:43,759 [Worker-19: Building] INFO  o.a.m.s.f.DefaultMavenResourcesFiltering - Copying 0 resource from src\main\resources to target\classes
2025-04-25 13:52:43,768 [Worker-19: Building] INFO  o.a.m.s.f.DefaultMavenResourcesFiltering - Copying 1 resource from src\main\resources to target\classes
2025-04-25 13:52:43,775 [Worker-19: Building] INFO  o.a.m.s.f.DefaultMavenResourcesFiltering - skip non existing resourceDirectory C:\ShopmeEcommerce\ShopmeProject\ShopmeWebParent\ShopmeBackEnd\src\test\resources
2025-04-25 13:53:15,307 [Worker-5: Building] INFO  o.a.m.s.f.DefaultMavenResourcesFiltering - Copying 0 resource from src\main\resources to target\classes
2025-04-25 13:53:15,311 [Worker-5: Building] INFO  o.a.m.s.f.DefaultMavenResourcesFiltering - Copying 1 resource from src\main\resources to target\classes
2025-04-25 13:53:15,316 [Worker-5: Building] INFO  o.a.m.s.f.DefaultMavenResourcesFiltering - skip non existing resourceDirectory C:\ShopmeEcommerce\ShopmeProject\ShopmeWebParent\ShopmeBackEnd\src\test\resources
2025-04-25 13:54:13,635 [Worker-22: Building] INFO  o.a.m.s.f.DefaultMavenResourcesFiltering - Copying 0 resource from src\main\resources to target\classes
2025-04-25 13:54:13,640 [Worker-22: Building] INFO  o.a.m.s.f.DefaultMavenResourcesFiltering - Copying 1 resource from src\main\resources to target\classes
2025-04-25 13:54:13,646 [Worker-22: Building] INFO  o.a.m.s.f.DefaultMavenResourcesFiltering - skip non existing resourceDirectory C:\ShopmeEcommerce\ShopmeProject\ShopmeWebParent\ShopmeBackEnd\src\test\resources
2025-04-25 13:56:18,779 [Worker-5: Building] INFO  o.a.m.s.f.DefaultMavenResourcesFiltering - Copying 0 resource from src\main\resources to target\classes
2025-04-25 13:56:18,785 [Worker-5: Building] INFO  o.a.m.s.f.DefaultMavenResourcesFiltering - Copying 1 resource from src\main\resources to target\classes
2025-04-25 13:56:18,789 [Worker-5: Building] INFO  o.a.m.s.f.DefaultMavenResourcesFiltering - skip non existing resourceDirectory C:\ShopmeEcommerce\ShopmeProject\ShopmeWebParent\ShopmeBackEnd\src\test\resources
2025-04-25 14:02:42,680 [Worker-19: Building] INFO  o.a.m.s.f.DefaultMavenResourcesFiltering - Copying 0 resource from src\main\resources to target\classes
2025-04-25 14:02:42,685 [Worker-19: Building] INFO  o.a.m.s.f.DefaultMavenResourcesFiltering - Copying 1 resource from src\main\resources to target\classes
2025-04-25 14:02:42,691 [Worker-19: Building] INFO  o.a.m.s.f.DefaultMavenResourcesFiltering - skip non existing resourceDirectory C:\ShopmeEcommerce\ShopmeProject\ShopmeWebParent\ShopmeBackEnd\src\test\resources
2025-04-25 14:02:59,398 [Worker-23: Building] INFO  o.a.m.s.f.DefaultMavenResourcesFiltering - Copying 0 resource from src\main\resources to target\classes
2025-04-25 14:02:59,403 [Worker-23: Building] INFO  o.a.m.s.f.DefaultMavenResourcesFiltering - Copying 1 resource from src\main\resources to target\classes
2025-04-25 14:02:59,409 [Worker-23: Building] INFO  o.a.m.s.f.DefaultMavenResourcesFiltering - skip non existing resourceDirectory C:\ShopmeEcommerce\ShopmeProject\ShopmeWebParent\ShopmeBackEnd\src\test\resources
2025-04-25 14:12:14,531 [Worker-20: Building] INFO  o.a.m.s.f.DefaultMavenResourcesFiltering - Copying 1 resource from src\main\resources to target\classes
2025-04-25 14:12:14,543 [Worker-20: Building] INFO  o.a.m.s.f.DefaultMavenResourcesFiltering - Copying 15 resources from src\main\resources to target\classes
2025-04-25 14:12:14,557 [Worker-20: Building] INFO  o.a.m.s.f.DefaultMavenResourcesFiltering - skip non existing resourceDirectory C:\ShopmeEcommerce\ShopmeProject\ShopmeWebParent\ShopmeBackEnd\src\test\resources
2025-04-25 14:14:55,773 [Worker-23: Building] INFO  o.a.m.s.f.DefaultMavenResourcesFiltering - Copying 0 resource from src\main\resources to target\classes
2025-04-25 14:14:55,783 [Worker-23: Building] INFO  o.a.m.s.f.DefaultMavenResourcesFiltering - Copying 0 resource from src\main\resources to target\classes
2025-04-25 14:14:55,788 [Worker-23: Building] INFO  o.a.m.s.f.DefaultMavenResourcesFiltering - skip non existing resourceDirectory C:\ShopmeEcommerce\ShopmeProject\ShopmeWebParent\ShopmeBackEnd\src\test\resources
2025-04-25 14:15:44,696 [main] INFO  o.e.m.jdt.internal.UnitTestSupport - Updating UserRepositoryTest.testSearchUsers from maven configuration
2025-04-25 14:15:46,431 [Worker-20: Launching UserRepositoryTest.testSearchUsers] INFO  o.e.m.c.i.p.WorkspaceClassifierResolverManager - Resolving P/ShopmeCommon: com.example:ShopmeCommon:0.0.1-SNAPSHOT with classifier null to /ShopmeCommon/target/classes
2025-04-25 14:15:46,963 [Worker-20: Launching UserRepositoryTest.testSearchUsers] INFO  o.e.m.c.i.p.WorkspaceClassifierResolverManager - Resolving P/ShopmeCommon: com.example:ShopmeCommon:0.0.1-SNAPSHOT with classifier null to /ShopmeCommon/target/classes
2025-04-25 14:15:47,210 [Worker-20: Launching UserRepositoryTest.testSearchUsers] INFO  o.e.m.c.i.p.WorkspaceClassifierResolverManager - Resolving P/ShopmeCommon: com.example:ShopmeCommon:0.0.1-SNAPSHOT with classifier null to /ShopmeCommon/target/classes
2025-04-25 14:19:19,533 [Worker-5: Building] INFO  o.a.m.s.f.DefaultMavenResourcesFiltering - Copying 1 resource from src\main\resources to target\classes
2025-04-25 14:19:19,548 [Worker-5: Building] INFO  o.a.m.s.f.DefaultMavenResourcesFiltering - Copying 15 resources from src\main\resources to target\classes
2025-04-25 14:19:19,571 [Worker-5: Building] INFO  o.a.m.s.f.DefaultMavenResourcesFiltering - skip non existing resourceDirectory C:\ShopmeEcommerce\ShopmeProject\ShopmeWebParent\ShopmeBackEnd\src\test\resources
2025-04-25 14:26:28,243 [Worker-22: Launching UserRepositoryTest.testSearchUsers] INFO  o.e.m.c.i.p.WorkspaceClassifierResolverManager - Resolving P/ShopmeCommon: com.example:ShopmeCommon:0.0.1-SNAPSHOT with classifier null to /ShopmeCommon/target/classes
2025-04-25 14:26:28,702 [Worker-22: Launching UserRepositoryTest.testSearchUsers] INFO  o.e.m.c.i.p.WorkspaceClassifierResolverManager - Resolving P/ShopmeCommon: com.example:ShopmeCommon:0.0.1-SNAPSHOT with classifier null to /ShopmeCommon/target/classes
2025-04-25 14:26:28,958 [Worker-22: Launching UserRepositoryTest.testSearchUsers] INFO  o.e.m.c.i.p.WorkspaceClassifierResolverManager - Resolving P/ShopmeCommon: com.example:ShopmeCommon:0.0.1-SNAPSHOT with classifier null to /ShopmeCommon/target/classes
2025-04-25 14:27:01,677 [Worker-23: Building] INFO  o.a.m.s.f.DefaultMavenResourcesFiltering - Copying 1 resource from src\main\resources to target\classes
2025-04-25 14:27:01,689 [Worker-23: Building] INFO  o.a.m.s.f.DefaultMavenResourcesFiltering - Copying 15 resources from src\main\resources to target\classes
2025-04-25 14:27:01,700 [Worker-23: Building] INFO  o.a.m.s.f.DefaultMavenResourcesFiltering - skip non existing resourceDirectory C:\ShopmeEcommerce\ShopmeProject\ShopmeWebParent\ShopmeBackEnd\src\test\resources
2025-04-25 14:27:09,398 [Worker-15: Launching UserRepositoryTest.testSearchUsers] INFO  o.e.m.c.i.p.WorkspaceClassifierResolverManager - Resolving P/ShopmeCommon: com.example:ShopmeCommon:0.0.1-SNAPSHOT with classifier null to /ShopmeCommon/target/classes
2025-04-25 14:27:09,645 [Worker-15: Launching UserRepositoryTest.testSearchUsers] INFO  o.e.m.c.i.p.WorkspaceClassifierResolverManager - Resolving P/ShopmeCommon: com.example:ShopmeCommon:0.0.1-SNAPSHOT with classifier null to /ShopmeCommon/target/classes
2025-04-25 14:27:09,851 [Worker-15: Launching UserRepositoryTest.testSearchUsers] INFO  o.e.m.c.i.p.WorkspaceClassifierResolverManager - Resolving P/ShopmeCommon: com.example:ShopmeCommon:0.0.1-SNAPSHOT with classifier null to /ShopmeCommon/target/classes
2025-05-01 12:34:56,177 [Worker-0: Loading available Gradle versions] INFO  o.e.b.c.i.u.g.PublishedGradleVersions - Gradle version information cache is out-of-date. Trying to update.
2025-05-01 12:34:57,288 [Worker-0: Loading available Gradle versions] INFO  o.e.b.c.i.u.g.PublishedGradleVersions - Updating Gradle version information cache failed. Using outdated cache.
2025-05-01 12:52:37,064 [Worker-8: Launching ShopmeBackEnd - ShopmeBackEndApplication] INFO  o.e.m.c.i.p.WorkspaceClassifierResolverManager - Resolving P/ShopmeCommon: com.example:ShopmeCommon:0.0.1-SNAPSHOT with classifier  to /ShopmeCommon/target/classes
2025-05-01 12:52:37,278 [Worker-8: Launching ShopmeBackEnd - ShopmeBackEndApplication] INFO  o.e.m.c.i.p.WorkspaceClassifierResolverManager - Resolving P/ShopmeCommon: com.example:ShopmeCommon:0.0.1-SNAPSHOT with classifier  to /ShopmeCommon/target/classes
2025-05-01 12:52:37,682 [Worker-8: Launching ShopmeBackEnd - ShopmeBackEndApplication] INFO  o.e.m.c.i.p.WorkspaceClassifierResolverManager - Resolving P/ShopmeCommon: com.example:ShopmeCommon:0.0.1-SNAPSHOT with classifier null to /ShopmeCommon/target/classes
2025-05-01 12:52:38,063 [Worker-8: Launching ShopmeBackEnd - ShopmeBackEndApplication] INFO  o.e.m.c.i.p.WorkspaceClassifierResolverManager - Resolving P/ShopmeCommon: com.example:ShopmeCommon:0.0.1-SNAPSHOT with classifier null to /ShopmeCommon/target/classes
2025-05-01 12:52:38,299 [Worker-8: Launching ShopmeBackEnd - ShopmeBackEndApplication] INFO  o.e.m.c.i.p.WorkspaceClassifierResolverManager - Resolving P/ShopmeCommon: com.example:ShopmeCommon:0.0.1-SNAPSHOT with classifier null to /ShopmeCommon/target/classes
2025-05-01 13:11:10,768 [Worker-6: Building] INFO  o.a.m.s.f.DefaultMavenResourcesFiltering - Copying 1 resource from src\main\resources to target\classes
2025-05-01 13:11:10,805 [Worker-6: Building] INFO  o.a.m.s.f.DefaultMavenResourcesFiltering - Copying 15 resources from src\main\resources to target\classes
2025-05-01 13:11:10,835 [Worker-6: Building] INFO  o.a.m.s.f.DefaultMavenResourcesFiltering - skip non existing resourceDirectory C:\ShopmeEcommerce\ShopmeProject\ShopmeWebParent\ShopmeBackEnd\src\test\resources
2025-05-01 13:11:13,949 [Worker-6: Building] INFO  o.e.m.c.i.p.WorkspaceClassifierResolverManager - Resolving P/ShopmeCommon: com.example:ShopmeCommon:0.0.1-SNAPSHOT with classifier  to /ShopmeCommon/target/classes
2025-05-01 13:13:05,195 [Worker-10: Building] INFO  o.a.m.s.f.DefaultMavenResourcesFiltering - Copying 1 resource from src\main\resources to target\classes
2025-05-01 13:13:05,208 [Worker-10: Building] INFO  o.a.m.s.f.DefaultMavenResourcesFiltering - Copying 15 resources from src\main\resources to target\classes
2025-05-01 13:13:05,224 [Worker-10: Building] INFO  o.a.m.s.f.DefaultMavenResourcesFiltering - skip non existing resourceDirectory C:\ShopmeEcommerce\ShopmeProject\ShopmeWebParent\ShopmeBackEnd\src\test\resources
2025-05-01 13:14:58,439 [Worker-10: Building] INFO  o.a.m.s.f.DefaultMavenResourcesFiltering - Copying 1 resource from src\main\resources to target\classes
2025-05-01 13:14:58,457 [Worker-10: Building] INFO  o.a.m.s.f.DefaultMavenResourcesFiltering - Copying 15 resources from src\main\resources to target\classes
2025-05-01 13:14:58,480 [Worker-10: Building] INFO  o.a.m.s.f.DefaultMavenResourcesFiltering - skip non existing resourceDirectory C:\ShopmeEcommerce\ShopmeProject\ShopmeWebParent\ShopmeBackEnd\src\test\resources
2025-05-01 13:29:24,380 [Worker-18: Building] INFO  o.a.m.s.f.DefaultMavenResourcesFiltering - Copying 1 resource from src\main\resources to target\classes
2025-05-01 13:29:24,391 [Worker-18: Building] INFO  o.a.m.s.f.DefaultMavenResourcesFiltering - Copying 15 resources from src\main\resources to target\classes
2025-05-01 13:29:24,400 [Worker-18: Building] INFO  o.a.m.s.f.DefaultMavenResourcesFiltering - skip non existing resourceDirectory C:\ShopmeEcommerce\ShopmeProject\ShopmeWebParent\ShopmeBackEnd\src\test\resources
2025-05-01 13:39:26,657 [Worker-7: Building] INFO  o.a.m.s.f.DefaultMavenResourcesFiltering - Copying 1 resource from src\main\resources to target\classes
2025-05-01 13:39:26,669 [Worker-7: Building] INFO  o.a.m.s.f.DefaultMavenResourcesFiltering - Copying 15 resources from src\main\resources to target\classes
2025-05-01 13:39:26,679 [Worker-7: Building] INFO  o.a.m.s.f.DefaultMavenResourcesFiltering - skip non existing resourceDirectory C:\ShopmeEcommerce\ShopmeProject\ShopmeWebParent\ShopmeBackEnd\src\test\resources
2025-05-01 13:40:06,270 [Worker-16: Building] INFO  o.a.m.s.f.DefaultMavenResourcesFiltering - Copying 1 resource from src\main\resources to target\classes
2025-05-01 13:40:06,285 [Worker-16: Building] INFO  o.a.m.s.f.DefaultMavenResourcesFiltering - Copying 15 resources from src\main\resources to target\classes
2025-05-01 13:40:06,285 [Worker-16: Building] INFO  o.a.m.s.f.DefaultMavenResourcesFiltering - skip non existing resourceDirectory C:\ShopmeEcommerce\ShopmeProject\ShopmeWebParent\ShopmeBackEnd\src\test\resources
2025-05-01 13:47:38,134 [Worker-19: Building] INFO  o.a.m.s.f.DefaultMavenResourcesFiltering - Copying 1 resource from src\main\resources to target\classes
2025-05-01 13:47:38,147 [Worker-19: Building] INFO  o.a.m.s.f.DefaultMavenResourcesFiltering - Copying 15 resources from src\main\resources to target\classes
2025-05-01 13:47:38,157 [Worker-19: Building] INFO  o.a.m.s.f.DefaultMavenResourcesFiltering - skip non existing resourceDirectory C:\ShopmeEcommerce\ShopmeProject\ShopmeWebParent\ShopmeBackEnd\src\test\resources
2025-05-01 13:51:00,488 [Worker-20: Building] INFO  o.a.m.s.f.DefaultMavenResourcesFiltering - Copying 1 resource from src\main\resources to target\classes
2025-05-01 13:51:00,502 [Worker-20: Building] INFO  o.a.m.s.f.DefaultMavenResourcesFiltering - Copying 15 resources from src\main\resources to target\classes
2025-05-01 13:51:00,512 [Worker-20: Building] INFO  o.a.m.s.f.DefaultMavenResourcesFiltering - skip non existing resourceDirectory C:\ShopmeEcommerce\ShopmeProject\ShopmeWebParent\ShopmeBackEnd\src\test\resources
2025-05-01 13:52:19,003 [Worker-16: Building] INFO  o.a.m.s.f.DefaultMavenResourcesFiltering - Copying 1 resource from src\main\resources to target\classes
2025-05-01 13:52:19,009 [Worker-16: Building] INFO  o.a.m.s.f.DefaultMavenResourcesFiltering - Copying 15 resources from src\main\resources to target\classes
2025-05-01 13:52:19,025 [Worker-16: Building] INFO  o.a.m.s.f.DefaultMavenResourcesFiltering - skip non existing resourceDirectory C:\ShopmeEcommerce\ShopmeProject\ShopmeWebParent\ShopmeBackEnd\src\test\resources
2025-05-01 13:52:29,342 [Worker-20: Building] INFO  o.a.m.s.f.DefaultMavenResourcesFiltering - Copying 1 resource from src\main\resources to target\classes
2025-05-01 13:52:29,348 [Worker-20: Building] INFO  o.a.m.s.f.DefaultMavenResourcesFiltering - Copying 15 resources from src\main\resources to target\classes
2025-05-01 13:52:29,356 [Worker-20: Building] INFO  o.a.m.s.f.DefaultMavenResourcesFiltering - skip non existing resourceDirectory C:\ShopmeEcommerce\ShopmeProject\ShopmeWebParent\ShopmeBackEnd\src\test\resources
2025-05-01 14:06:59,408 [Worker-6: Building] INFO  o.a.m.s.f.DefaultMavenResourcesFiltering - Copying 0 resource from src\main\resources to target\classes
2025-05-01 14:06:59,419 [Worker-6: Building] INFO  o.a.m.s.f.DefaultMavenResourcesFiltering - Copying 1 resource from src\main\resources to target\classes
2025-05-01 14:06:59,428 [Worker-6: Building] INFO  o.a.m.s.f.DefaultMavenResourcesFiltering - skip non existing resourceDirectory C:\ShopmeEcommerce\ShopmeProject\ShopmeWebParent\ShopmeBackEnd\src\test\resources
2025-05-01 14:07:33,965 [Worker-7: Building] INFO  o.a.m.s.f.DefaultMavenResourcesFiltering - Copying 0 resource from src\main\resources to target\classes
2025-05-01 14:07:33,974 [Worker-7: Building] INFO  o.a.m.s.f.DefaultMavenResourcesFiltering - Copying 1 resource from src\main\resources to target\classes
2025-05-01 14:07:33,981 [Worker-7: Building] INFO  o.a.m.s.f.DefaultMavenResourcesFiltering - skip non existing resourceDirectory C:\ShopmeEcommerce\ShopmeProject\ShopmeWebParent\ShopmeBackEnd\src\test\resources
2025-05-01 14:08:08,169 [Worker-18: Building] INFO  o.a.m.s.f.DefaultMavenResourcesFiltering - Copying 0 resource from src\main\resources to target\classes
2025-05-01 14:08:08,176 [Worker-18: Building] INFO  o.a.m.s.f.DefaultMavenResourcesFiltering - Copying 1 resource from src\main\resources to target\classes
2025-05-01 14:08:08,183 [Worker-18: Building] INFO  o.a.m.s.f.DefaultMavenResourcesFiltering - skip non existing resourceDirectory C:\ShopmeEcommerce\ShopmeProject\ShopmeWebParent\ShopmeBackEnd\src\test\resources
2025-05-01 14:09:30,580 [Worker-20: Building] INFO  o.a.m.s.f.DefaultMavenResourcesFiltering - Copying 0 resource from src\main\resources to target\classes
2025-05-01 14:09:30,588 [Worker-20: Building] INFO  o.a.m.s.f.DefaultMavenResourcesFiltering - Copying 1 resource from src\main\resources to target\classes
2025-05-01 14:09:30,594 [Worker-20: Building] INFO  o.a.m.s.f.DefaultMavenResourcesFiltering - skip non existing resourceDirectory C:\ShopmeEcommerce\ShopmeProject\ShopmeWebParent\ShopmeBackEnd\src\test\resources
2025-05-01 14:10:14,259 [Worker-7: Building] INFO  o.a.m.s.f.DefaultMavenResourcesFiltering - Copying 0 resource from src\main\resources to target\classes
2025-05-01 14:10:14,265 [Worker-7: Building] INFO  o.a.m.s.f.DefaultMavenResourcesFiltering - Copying 1 resource from src\main\resources to target\classes
2025-05-01 14:10:14,272 [Worker-7: Building] INFO  o.a.m.s.f.DefaultMavenResourcesFiltering - skip non existing resourceDirectory C:\ShopmeEcommerce\ShopmeProject\ShopmeWebParent\ShopmeBackEnd\src\test\resources
2025-05-01 14:10:36,589 [Worker-6: Building] INFO  o.a.m.s.f.DefaultMavenResourcesFiltering - Copying 0 resource from src\main\resources to target\classes
2025-05-01 14:10:36,594 [Worker-6: Building] INFO  o.a.m.s.f.DefaultMavenResourcesFiltering - Copying 1 resource from src\main\resources to target\classes
2025-05-01 14:10:36,599 [Worker-6: Building] INFO  o.a.m.s.f.DefaultMavenResourcesFiltering - skip non existing resourceDirectory C:\ShopmeEcommerce\ShopmeProject\ShopmeWebParent\ShopmeBackEnd\src\test\resources
2025-05-01 14:13:40,199 [Worker-16: Building] INFO  o.a.m.s.f.DefaultMavenResourcesFiltering - Copying 0 resource from src\main\resources to target\classes
2025-05-01 14:13:40,204 [Worker-16: Building] INFO  o.a.m.s.f.DefaultMavenResourcesFiltering - Copying 1 resource from src\main\resources to target\classes
2025-05-01 14:13:40,210 [Worker-16: Building] INFO  o.a.m.s.f.DefaultMavenResourcesFiltering - skip non existing resourceDirectory C:\ShopmeEcommerce\ShopmeProject\ShopmeWebParent\ShopmeBackEnd\src\test\resources
2025-05-01 14:14:10,925 [Worker-17: Building] INFO  o.a.m.s.f.DefaultMavenResourcesFiltering - Copying 0 resource from src\main\resources to target\classes
2025-05-01 14:14:10,930 [Worker-17: Building] INFO  o.a.m.s.f.DefaultMavenResourcesFiltering - Copying 1 resource from src\main\resources to target\classes
2025-05-01 14:14:10,936 [Worker-17: Building] INFO  o.a.m.s.f.DefaultMavenResourcesFiltering - skip non existing resourceDirectory C:\ShopmeEcommerce\ShopmeProject\ShopmeWebParent\ShopmeBackEnd\src\test\resources
2025-05-01 14:14:34,800 [Worker-19: Building] INFO  o.a.m.s.f.DefaultMavenResourcesFiltering - Copying 0 resource from src\main\resources to target\classes
2025-05-01 14:14:34,805 [Worker-19: Building] INFO  o.a.m.s.f.DefaultMavenResourcesFiltering - Copying 1 resource from src\main\resources to target\classes
2025-05-01 14:14:34,812 [Worker-19: Building] INFO  o.a.m.s.f.DefaultMavenResourcesFiltering - skip non existing resourceDirectory C:\ShopmeEcommerce\ShopmeProject\ShopmeWebParent\ShopmeBackEnd\src\test\resources
2025-05-01 14:14:47,492 [Worker-20: Building] INFO  o.a.m.s.f.DefaultMavenResourcesFiltering - Copying 0 resource from src\main\resources to target\classes
2025-05-01 14:14:47,499 [Worker-20: Building] INFO  o.a.m.s.f.DefaultMavenResourcesFiltering - Copying 1 resource from src\main\resources to target\classes
2025-05-01 14:14:47,505 [Worker-20: Building] INFO  o.a.m.s.f.DefaultMavenResourcesFiltering - skip non existing resourceDirectory C:\ShopmeEcommerce\ShopmeProject\ShopmeWebParent\ShopmeBackEnd\src\test\resources
2025-05-01 14:16:41,946 [Worker-7: Building] INFO  o.a.m.s.f.DefaultMavenResourcesFiltering - Copying 0 resource from src\main\resources to target\classes
2025-05-01 14:16:41,953 [Worker-7: Building] INFO  o.a.m.s.f.DefaultMavenResourcesFiltering - Copying 1 resource from src\main\resources to target\classes
2025-05-01 14:16:41,959 [Worker-7: Building] INFO  o.a.m.s.f.DefaultMavenResourcesFiltering - skip non existing resourceDirectory C:\ShopmeEcommerce\ShopmeProject\ShopmeWebParent\ShopmeBackEnd\src\test\resources
2025-05-01 14:16:54,850 [Worker-16: Building] INFO  o.a.m.s.f.DefaultMavenResourcesFiltering - Copying 0 resource from src\main\resources to target\classes
2025-05-01 14:16:54,858 [Worker-16: Building] INFO  o.a.m.s.f.DefaultMavenResourcesFiltering - Copying 1 resource from src\main\resources to target\classes
2025-05-01 14:16:54,864 [Worker-16: Building] INFO  o.a.m.s.f.DefaultMavenResourcesFiltering - skip non existing resourceDirectory C:\ShopmeEcommerce\ShopmeProject\ShopmeWebParent\ShopmeBackEnd\src\test\resources
2025-05-01 14:17:54,198 [Worker-10: Building] INFO  o.a.m.s.f.DefaultMavenResourcesFiltering - Copying 0 resource from src\main\resources to target\classes
2025-05-01 14:17:54,204 [Worker-10: Building] INFO  o.a.m.s.f.DefaultMavenResourcesFiltering - Copying 1 resource from src\main\resources to target\classes
2025-05-01 14:17:54,210 [Worker-10: Building] INFO  o.a.m.s.f.DefaultMavenResourcesFiltering - skip non existing resourceDirectory C:\ShopmeEcommerce\ShopmeProject\ShopmeWebParent\ShopmeBackEnd\src\test\resources
2025-05-01 14:19:49,622 [Worker-7: Building] INFO  o.a.m.s.f.DefaultMavenResourcesFiltering - Copying 0 resource from src\main\resources to target\classes
2025-05-01 14:19:49,630 [Worker-7: Building] INFO  o.a.m.s.f.DefaultMavenResourcesFiltering - Copying 1 resource from src\main\resources to target\classes
2025-05-01 14:19:49,636 [Worker-7: Building] INFO  o.a.m.s.f.DefaultMavenResourcesFiltering - skip non existing resourceDirectory C:\ShopmeEcommerce\ShopmeProject\ShopmeWebParent\ShopmeBackEnd\src\test\resources
2025-05-01 14:20:13,967 [Worker-17: Building] INFO  o.a.m.s.f.DefaultMavenResourcesFiltering - Copying 0 resource from src\main\resources to target\classes
2025-05-01 14:20:13,973 [Worker-17: Building] INFO  o.a.m.s.f.DefaultMavenResourcesFiltering - Copying 1 resource from src\main\resources to target\classes
2025-05-01 14:20:13,979 [Worker-17: Building] INFO  o.a.m.s.f.DefaultMavenResourcesFiltering - skip non existing resourceDirectory C:\ShopmeEcommerce\ShopmeProject\ShopmeWebParent\ShopmeBackEnd\src\test\resources
2025-05-01 14:21:07,978 [Worker-16: Building] INFO  o.a.m.s.f.DefaultMavenResourcesFiltering - Copying 0 resource from src\main\resources to target\classes
2025-05-01 14:21:07,984 [Worker-16: Building] INFO  o.a.m.s.f.DefaultMavenResourcesFiltering - Copying 1 resource from src\main\resources to target\classes
2025-05-01 14:21:07,991 [Worker-16: Building] INFO  o.a.m.s.f.DefaultMavenResourcesFiltering - skip non existing resourceDirectory C:\ShopmeEcommerce\ShopmeProject\ShopmeWebParent\ShopmeBackEnd\src\test\resources
2025-05-01 14:21:14,719 [Worker-16: Building] INFO  o.a.m.s.f.DefaultMavenResourcesFiltering - Copying 0 resource from src\main\resources to target\classes
2025-05-01 14:21:14,724 [Worker-16: Building] INFO  o.a.m.s.f.DefaultMavenResourcesFiltering - Copying 1 resource from src\main\resources to target\classes
2025-05-01 14:21:14,729 [Worker-16: Building] INFO  o.a.m.s.f.DefaultMavenResourcesFiltering - skip non existing resourceDirectory C:\ShopmeEcommerce\ShopmeProject\ShopmeWebParent\ShopmeBackEnd\src\test\resources
2025-05-01 14:24:22,642 [Worker-19: Building] INFO  o.a.m.s.f.DefaultMavenResourcesFiltering - Copying 1 resource from src\main\resources to target\classes
2025-05-01 14:24:22,655 [Worker-19: Building] INFO  o.a.m.s.f.DefaultMavenResourcesFiltering - Copying 15 resources from src\main\resources to target\classes
2025-05-01 14:24:22,664 [Worker-19: Building] INFO  o.a.m.s.f.DefaultMavenResourcesFiltering - skip non existing resourceDirectory C:\ShopmeEcommerce\ShopmeProject\ShopmeWebParent\ShopmeBackEnd\src\test\resources
2025-05-01 14:27:37,373 [Worker-17: Building] INFO  o.a.m.s.f.DefaultMavenResourcesFiltering - Copying 1 resource from src\main\resources to target\classes
2025-05-01 14:27:37,380 [Worker-17: Building] INFO  o.a.m.s.f.DefaultMavenResourcesFiltering - Copying 15 resources from src\main\resources to target\classes
2025-05-01 14:27:37,389 [Worker-17: Building] INFO  o.a.m.s.f.DefaultMavenResourcesFiltering - skip non existing resourceDirectory C:\ShopmeEcommerce\ShopmeProject\ShopmeWebParent\ShopmeBackEnd\src\test\resources
2025-05-01 14:28:06,733 [Worker-19: Building] INFO  o.a.m.s.f.DefaultMavenResourcesFiltering - Copying 1 resource from src\main\resources to target\classes
2025-05-01 14:28:06,744 [Worker-19: Building] INFO  o.a.m.s.f.DefaultMavenResourcesFiltering - Copying 15 resources from src\main\resources to target\classes
2025-05-01 14:28:06,755 [Worker-19: Building] INFO  o.a.m.s.f.DefaultMavenResourcesFiltering - skip non existing resourceDirectory C:\ShopmeEcommerce\ShopmeProject\ShopmeWebParent\ShopmeBackEnd\src\test\resources
2025-05-01 14:28:56,948 [Worker-16: Building] INFO  o.a.m.s.f.DefaultMavenResourcesFiltering - Copying 1 resource from src\main\resources to target\classes
2025-05-01 14:28:56,948 [Worker-16: Building] INFO  o.a.m.s.f.DefaultMavenResourcesFiltering - Copying 15 resources from src\main\resources to target\classes
2025-05-01 14:28:56,963 [Worker-16: Building] INFO  o.a.m.s.f.DefaultMavenResourcesFiltering - skip non existing resourceDirectory C:\ShopmeEcommerce\ShopmeProject\ShopmeWebParent\ShopmeBackEnd\src\test\resources
2025-05-01 14:37:08,235 [Worker-7: Building] INFO  o.a.m.s.f.DefaultMavenResourcesFiltering - Copying 0 resource from src\main\resources to target\classes
2025-05-01 14:37:08,241 [Worker-7: Building] INFO  o.a.m.s.f.DefaultMavenResourcesFiltering - Copying 1 resource from src\main\resources to target\classes
2025-05-01 14:37:08,247 [Worker-7: Building] INFO  o.a.m.s.f.DefaultMavenResourcesFiltering - skip non existing resourceDirectory C:\ShopmeEcommerce\ShopmeProject\ShopmeWebParent\ShopmeBackEnd\src\test\resources
2025-05-01 14:37:45,243 [Worker-20: Building] INFO  o.a.m.s.f.DefaultMavenResourcesFiltering - Copying 0 resource from src\main\resources to target\classes
2025-05-01 14:37:45,250 [Worker-20: Building] INFO  o.a.m.s.f.DefaultMavenResourcesFiltering - Copying 1 resource from src\main\resources to target\classes
2025-05-01 14:37:45,254 [Worker-20: Building] INFO  o.a.m.s.f.DefaultMavenResourcesFiltering - skip non existing resourceDirectory C:\ShopmeEcommerce\ShopmeProject\ShopmeWebParent\ShopmeBackEnd\src\test\resources
2025-05-01 14:38:51,634 [Worker-22: Building] INFO  o.a.m.s.f.DefaultMavenResourcesFiltering - Copying 1 resource from src\main\resources to target\classes
2025-05-01 14:38:51,647 [Worker-22: Building] INFO  o.a.m.s.f.DefaultMavenResourcesFiltering - Copying 15 resources from src\main\resources to target\classes
2025-05-01 14:38:51,659 [Worker-22: Building] INFO  o.a.m.s.f.DefaultMavenResourcesFiltering - skip non existing resourceDirectory C:\ShopmeEcommerce\ShopmeProject\ShopmeWebParent\ShopmeBackEnd\src\test\resources
2025-05-01 14:39:00,066 [Worker-17: Building] INFO  o.a.m.s.f.DefaultMavenResourcesFiltering - Copying 1 resource from src\main\resources to target\classes
2025-05-01 14:39:00,075 [Worker-17: Building] INFO  o.a.m.s.f.DefaultMavenResourcesFiltering - Copying 15 resources from src\main\resources to target\classes
2025-05-01 14:39:00,083 [Worker-17: Building] INFO  o.a.m.s.f.DefaultMavenResourcesFiltering - skip non existing resourceDirectory C:\ShopmeEcommerce\ShopmeProject\ShopmeWebParent\ShopmeBackEnd\src\test\resources
2025-05-01 14:42:58,700 [Worker-21: Building] INFO  o.a.m.s.f.DefaultMavenResourcesFiltering - Copying 1 resource from src\main\resources to target\classes
2025-05-01 14:42:58,710 [Worker-21: Building] INFO  o.a.m.s.f.DefaultMavenResourcesFiltering - Copying 15 resources from src\main\resources to target\classes
2025-05-01 14:42:58,715 [Worker-21: Building] INFO  o.a.m.s.f.DefaultMavenResourcesFiltering - skip non existing resourceDirectory C:\ShopmeEcommerce\ShopmeProject\ShopmeWebParent\ShopmeBackEnd\src\test\resources
2025-05-01 14:43:08,199 [Worker-6: Building] INFO  o.a.m.s.f.DefaultMavenResourcesFiltering - Copying 1 resource from src\main\resources to target\classes
2025-05-01 14:43:08,208 [Worker-6: Building] INFO  o.a.m.s.f.DefaultMavenResourcesFiltering - Copying 15 resources from src\main\resources to target\classes
2025-05-01 14:43:08,213 [Worker-6: Building] INFO  o.a.m.s.f.DefaultMavenResourcesFiltering - skip non existing resourceDirectory C:\ShopmeEcommerce\ShopmeProject\ShopmeWebParent\ShopmeBackEnd\src\test\resources
2025-05-01 14:43:16,594 [Worker-10: Building] INFO  o.a.m.s.f.DefaultMavenResourcesFiltering - Copying 1 resource from src\main\resources to target\classes
2025-05-01 14:43:16,599 [Worker-10: Building] INFO  o.a.m.s.f.DefaultMavenResourcesFiltering - Copying 15 resources from src\main\resources to target\classes
2025-05-01 14:43:16,606 [Worker-10: Building] INFO  o.a.m.s.f.DefaultMavenResourcesFiltering - skip non existing resourceDirectory C:\ShopmeEcommerce\ShopmeProject\ShopmeWebParent\ShopmeBackEnd\src\test\resources
2025-05-01 14:46:12,815 [Worker-6: Building] INFO  o.a.m.s.f.DefaultMavenResourcesFiltering - Copying 0 resource from src\main\resources to target\classes
2025-05-01 14:46:12,817 [Worker-6: Building] INFO  o.a.m.s.f.DefaultMavenResourcesFiltering - Copying 1 resource from src\main\resources to target\classes
2025-05-01 14:46:12,821 [Worker-6: Building] INFO  o.a.m.s.f.DefaultMavenResourcesFiltering - skip non existing resourceDirectory C:\ShopmeEcommerce\ShopmeProject\ShopmeWebParent\ShopmeBackEnd\src\test\resources
2025-05-01 14:51:47,113 [Worker-6: Building] INFO  o.a.m.s.f.DefaultMavenResourcesFiltering - Copying 0 resource from src\main\resources to target\classes
2025-05-01 14:51:47,119 [Worker-6: Building] INFO  o.a.m.s.f.DefaultMavenResourcesFiltering - Copying 1 resource from src\main\resources to target\classes
2025-05-01 14:51:47,124 [Worker-6: Building] INFO  o.a.m.s.f.DefaultMavenResourcesFiltering - skip non existing resourceDirectory C:\ShopmeEcommerce\ShopmeProject\ShopmeWebParent\ShopmeBackEnd\src\test\resources
2025-05-01 14:57:37,393 [Worker-22: Building] INFO  o.a.m.s.f.DefaultMavenResourcesFiltering - Copying 0 resource from src\main\resources to target\classes
2025-05-01 14:57:37,396 [Worker-22: Building] INFO  o.a.m.s.f.DefaultMavenResourcesFiltering - Copying 1 resource from src\main\resources to target\classes
2025-05-01 14:57:37,402 [Worker-22: Building] INFO  o.a.m.s.f.DefaultMavenResourcesFiltering - skip non existing resourceDirectory C:\ShopmeEcommerce\ShopmeProject\ShopmeWebParent\ShopmeBackEnd\src\test\resources
2025-05-01 15:00:35,809 [Worker-23: Building] INFO  o.a.m.s.f.DefaultMavenResourcesFiltering - Copying 0 resource from src\main\resources to target\classes
2025-05-01 15:00:35,812 [Worker-23: Building] INFO  o.a.m.s.f.DefaultMavenResourcesFiltering - Copying 1 resource from src\main\resources to target\classes
2025-05-01 15:00:35,818 [Worker-23: Building] INFO  o.a.m.s.f.DefaultMavenResourcesFiltering - skip non existing resourceDirectory C:\ShopmeEcommerce\ShopmeProject\ShopmeWebParent\ShopmeBackEnd\src\test\resources
2025-05-01 15:13:19,873 [Worker-8: Launching ShopmeBackEnd - ShopmeBackEndApplication] INFO  o.a.m.s.f.DefaultMavenResourcesFiltering - Copying 1 resource from src\main\resources to target\classes
2025-05-01 15:13:19,900 [Worker-8: Launching ShopmeBackEnd - ShopmeBackEndApplication] INFO  o.a.m.s.f.DefaultMavenResourcesFiltering - Copying 15 resources from src\main\resources to target\classes
2025-05-01 15:13:19,908 [Worker-8: Launching ShopmeBackEnd - ShopmeBackEndApplication] INFO  o.a.m.s.f.DefaultMavenResourcesFiltering - skip non existing resourceDirectory C:\ShopmeEcommerce\ShopmeProject\ShopmeWebParent\ShopmeBackEnd\src\test\resources
2025-05-01 15:13:20,900 [Worker-8: Launching ShopmeBackEnd - ShopmeBackEndApplication] INFO  o.e.m.c.i.p.WorkspaceClassifierResolverManager - Resolving P/ShopmeCommon: com.example:ShopmeCommon:0.0.1-SNAPSHOT with classifier null to /ShopmeCommon/target/classes
2025-05-01 15:13:21,061 [Worker-8: Launching ShopmeBackEnd - ShopmeBackEndApplication] INFO  o.e.m.c.i.p.WorkspaceClassifierResolverManager - Resolving P/ShopmeCommon: com.example:ShopmeCommon:0.0.1-SNAPSHOT with classifier null to /ShopmeCommon/target/classes
2025-05-01 15:13:21,202 [Worker-8: Launching ShopmeBackEnd - ShopmeBackEndApplication] INFO  o.e.m.c.i.p.WorkspaceClassifierResolverManager - Resolving P/ShopmeCommon: com.example:ShopmeCommon:0.0.1-SNAPSHOT with classifier null to /ShopmeCommon/target/classes
2025-05-01 15:13:52,414 [Worker-8: Building] INFO  o.a.m.s.f.DefaultMavenResourcesFiltering - Copying 1 resource from src\main\resources to target\classes
2025-05-01 15:13:52,422 [Worker-8: Building] INFO  o.a.m.s.f.DefaultMavenResourcesFiltering - Copying 15 resources from src\main\resources to target\classes
2025-05-01 15:13:52,422 [Worker-8: Building] INFO  o.a.m.s.f.DefaultMavenResourcesFiltering - skip non existing resourceDirectory C:\ShopmeEcommerce\ShopmeProject\ShopmeWebParent\ShopmeBackEnd\src\test\resources
2025-05-01 15:16:13,504 [Worker-25: Building] INFO  o.a.m.s.f.DefaultMavenResourcesFiltering - Copying 1 resource from src\main\resources to target\classes
2025-05-01 15:16:13,514 [Worker-25: Building] INFO  o.a.m.s.f.DefaultMavenResourcesFiltering - Copying 15 resources from src\main\resources to target\classes
2025-05-01 15:16:13,520 [Worker-25: Building] INFO  o.a.m.s.f.DefaultMavenResourcesFiltering - skip non existing resourceDirectory C:\ShopmeEcommerce\ShopmeProject\ShopmeWebParent\ShopmeBackEnd\src\test\resources
2025-05-01 15:16:37,550 [Worker-21: Building] INFO  o.a.m.s.f.DefaultMavenResourcesFiltering - Copying 1 resource from src\main\resources to target\classes
2025-05-01 15:16:37,559 [Worker-21: Building] INFO  o.a.m.s.f.DefaultMavenResourcesFiltering - Copying 15 resources from src\main\resources to target\classes
2025-05-01 15:16:37,567 [Worker-21: Building] INFO  o.a.m.s.f.DefaultMavenResourcesFiltering - skip non existing resourceDirectory C:\ShopmeEcommerce\ShopmeProject\ShopmeWebParent\ShopmeBackEnd\src\test\resources
2025-05-01 15:20:21,571 [Worker-17: Building] INFO  o.a.m.s.f.DefaultMavenResourcesFiltering - Copying 1 resource from src\main\resources to target\classes
2025-05-01 15:20:21,577 [Worker-17: Building] INFO  o.a.m.s.f.DefaultMavenResourcesFiltering - Copying 15 resources from src\main\resources to target\classes
2025-05-01 15:20:21,582 [Worker-17: Building] INFO  o.a.m.s.f.DefaultMavenResourcesFiltering - skip non existing resourceDirectory C:\ShopmeEcommerce\ShopmeProject\ShopmeWebParent\ShopmeBackEnd\src\test\resources
2025-05-01 15:22:02,089 [Worker-20: Building] INFO  o.a.m.s.f.DefaultMavenResourcesFiltering - Copying 1 resource from src\main\resources to target\classes
2025-05-01 15:22:02,098 [Worker-20: Building] INFO  o.a.m.s.f.DefaultMavenResourcesFiltering - Copying 15 resources from src\main\resources to target\classes
2025-05-01 15:22:02,103 [Worker-20: Building] INFO  o.a.m.s.f.DefaultMavenResourcesFiltering - skip non existing resourceDirectory C:\ShopmeEcommerce\ShopmeProject\ShopmeWebParent\ShopmeBackEnd\src\test\resources
2025-05-01 15:23:19,833 [Worker-20: Building] INFO  o.a.m.s.f.DefaultMavenResourcesFiltering - Copying 1 resource from src\main\resources to target\classes
2025-05-01 15:23:19,843 [Worker-20: Building] INFO  o.a.m.s.f.DefaultMavenResourcesFiltering - Copying 15 resources from src\main\resources to target\classes
2025-05-01 15:23:19,850 [Worker-20: Building] INFO  o.a.m.s.f.DefaultMavenResourcesFiltering - skip non existing resourceDirectory C:\ShopmeEcommerce\ShopmeProject\ShopmeWebParent\ShopmeBackEnd\src\test\resources
2025-05-01 15:37:41,847 [Worker-19: Building] INFO  o.a.m.s.f.DefaultMavenResourcesFiltering - Copying 1 resource from src\main\resources to target\classes
2025-05-01 15:37:41,859 [Worker-19: Building] INFO  o.a.m.s.f.DefaultMavenResourcesFiltering - Copying 15 resources from src\main\resources to target\classes
2025-05-01 15:37:41,867 [Worker-19: Building] INFO  o.a.m.s.f.DefaultMavenResourcesFiltering - skip non existing resourceDirectory C:\ShopmeEcommerce\ShopmeProject\ShopmeWebParent\ShopmeBackEnd\src\test\resources
2025-05-01 15:47:25,307 [Worker-20: Building] INFO  o.a.m.s.f.DefaultMavenResourcesFiltering - Copying 0 resource from src\main\resources to target\classes
2025-05-01 15:47:25,310 [Worker-20: Building] INFO  o.a.m.s.f.DefaultMavenResourcesFiltering - Copying 1 resource from src\main\resources to target\classes
2025-05-01 15:47:25,316 [Worker-20: Building] INFO  o.a.m.s.f.DefaultMavenResourcesFiltering - skip non existing resourceDirectory C:\ShopmeEcommerce\ShopmeProject\ShopmeWebParent\ShopmeBackEnd\src\test\resources
2025-05-01 15:50:14,312 [Worker-8: Building] INFO  o.a.m.s.f.DefaultMavenResourcesFiltering - Copying 1 resource from src\main\resources to target\classes
2025-05-01 15:50:14,323 [Worker-8: Building] INFO  o.a.m.s.f.DefaultMavenResourcesFiltering - Copying 15 resources from src\main\resources to target\classes
2025-05-01 15:50:14,330 [Worker-8: Building] INFO  o.a.m.s.f.DefaultMavenResourcesFiltering - skip non existing resourceDirectory C:\ShopmeEcommerce\ShopmeProject\ShopmeWebParent\ShopmeBackEnd\src\test\resources
2025-05-01 15:57:17,527 [Worker-22: Building] INFO  o.a.m.s.f.DefaultMavenResourcesFiltering - Copying 1 resource from src\main\resources to target\classes
2025-05-01 15:57:17,539 [Worker-22: Building] INFO  o.a.m.s.f.DefaultMavenResourcesFiltering - Copying 15 resources from src\main\resources to target\classes
2025-05-01 15:57:17,548 [Worker-22: Building] INFO  o.a.m.s.f.DefaultMavenResourcesFiltering - skip non existing resourceDirectory C:\ShopmeEcommerce\ShopmeProject\ShopmeWebParent\ShopmeBackEnd\src\test\resources
2025-05-01 15:57:48,949 [Worker-21: Building] INFO  o.a.m.s.f.DefaultMavenResourcesFiltering - Copying 1 resource from src\main\resources to target\classes
2025-05-01 15:57:48,956 [Worker-21: Building] INFO  o.a.m.s.f.DefaultMavenResourcesFiltering - Copying 15 resources from src\main\resources to target\classes
2025-05-01 15:57:48,962 [Worker-21: Building] INFO  o.a.m.s.f.DefaultMavenResourcesFiltering - skip non existing resourceDirectory C:\ShopmeEcommerce\ShopmeProject\ShopmeWebParent\ShopmeBackEnd\src\test\resources
2025-05-01 15:58:22,358 [Worker-8: Building] INFO  o.a.m.s.f.DefaultMavenResourcesFiltering - Copying 1 resource from src\main\resources to target\classes
2025-05-01 15:58:22,364 [Worker-8: Building] INFO  o.a.m.s.f.DefaultMavenResourcesFiltering - Copying 15 resources from src\main\resources to target\classes
2025-05-01 15:58:22,371 [Worker-8: Building] INFO  o.a.m.s.f.DefaultMavenResourcesFiltering - skip non existing resourceDirectory C:\ShopmeEcommerce\ShopmeProject\ShopmeWebParent\ShopmeBackEnd\src\test\resources
2025-05-01 15:58:53,005 [Worker-22: Building] INFO  o.a.m.s.f.DefaultMavenResourcesFiltering - Copying 1 resource from src\main\resources to target\classes
2025-05-01 15:58:53,011 [Worker-22: Building] INFO  o.a.m.s.f.DefaultMavenResourcesFiltering - Copying 15 resources from src\main\resources to target\classes
2025-05-01 15:58:53,019 [Worker-22: Building] INFO  o.a.m.s.f.DefaultMavenResourcesFiltering - skip non existing resourceDirectory C:\ShopmeEcommerce\ShopmeProject\ShopmeWebParent\ShopmeBackEnd\src\test\resources
2025-05-01 16:01:23,632 [Worker-18: Building] INFO  o.a.m.s.f.DefaultMavenResourcesFiltering - Copying 1 resource from src\main\resources to target\classes
2025-05-01 16:01:23,639 [Worker-18: Building] INFO  o.a.m.s.f.DefaultMavenResourcesFiltering - Copying 15 resources from src\main\resources to target\classes
2025-05-01 16:01:23,647 [Worker-18: Building] INFO  o.a.m.s.f.DefaultMavenResourcesFiltering - skip non existing resourceDirectory C:\ShopmeEcommerce\ShopmeProject\ShopmeWebParent\ShopmeBackEnd\src\test\resources
2025-05-01 16:09:34,351 [Worker-21: Building] INFO  o.a.m.s.f.DefaultMavenResourcesFiltering - Copying 0 resource from src\main\resources to target\classes
2025-05-01 16:09:34,354 [Worker-21: Building] INFO  o.a.m.s.f.DefaultMavenResourcesFiltering - Copying 1 resource from src\main\resources to target\classes
2025-05-01 16:09:34,359 [Worker-21: Building] INFO  o.a.m.s.f.DefaultMavenResourcesFiltering - skip non existing resourceDirectory C:\ShopmeEcommerce\ShopmeProject\ShopmeWebParent\ShopmeBackEnd\src\test\resources
2025-05-01 16:11:32,061 [Worker-19: Building] INFO  o.a.m.s.f.DefaultMavenResourcesFiltering - Copying 0 resource from src\main\resources to target\classes
2025-05-01 16:11:32,065 [Worker-19: Building] INFO  o.a.m.s.f.DefaultMavenResourcesFiltering - Copying 1 resource from src\main\resources to target\classes
2025-05-01 16:11:32,069 [Worker-19: Building] INFO  o.a.m.s.f.DefaultMavenResourcesFiltering - skip non existing resourceDirectory C:\ShopmeEcommerce\ShopmeProject\ShopmeWebParent\ShopmeBackEnd\src\test\resources
2025-05-01 16:45:10,419 [Worker-7: Building] INFO  o.a.m.s.f.DefaultMavenResourcesFiltering - Copying 1 resource from src\main\resources to target\classes
2025-05-01 16:45:10,429 [Worker-7: Building] INFO  o.a.m.s.f.DefaultMavenResourcesFiltering - Copying 15 resources from src\main\resources to target\classes
2025-05-01 16:45:10,439 [Worker-7: Building] INFO  o.a.m.s.f.DefaultMavenResourcesFiltering - skip non existing resourceDirectory C:\ShopmeEcommerce\ShopmeProject\ShopmeWebParent\ShopmeBackEnd\src\test\resources
2025-05-01 16:45:45,834 [Worker-29: Building] INFO  o.a.m.s.f.DefaultMavenResourcesFiltering - Copying 1 resource from src\main\resources to target\classes
2025-05-01 16:45:45,840 [Worker-29: Building] INFO  o.a.m.s.f.DefaultMavenResourcesFiltering - Copying 15 resources from src\main\resources to target\classes
2025-05-01 16:45:45,844 [Worker-29: Building] INFO  o.a.m.s.f.DefaultMavenResourcesFiltering - skip non existing resourceDirectory C:\ShopmeEcommerce\ShopmeProject\ShopmeWebParent\ShopmeBackEnd\src\test\resources
2025-05-01 16:48:36,605 [Worker-22: Building] INFO  o.a.m.s.f.DefaultMavenResourcesFiltering - Copying 1 resource from src\main\resources to target\classes
2025-05-01 16:48:36,611 [Worker-22: Building] INFO  o.a.m.s.f.DefaultMavenResourcesFiltering - Copying 15 resources from src\main\resources to target\classes
2025-05-01 16:48:36,613 [Worker-22: Building] INFO  o.a.m.s.f.DefaultMavenResourcesFiltering - skip non existing resourceDirectory C:\ShopmeEcommerce\ShopmeProject\ShopmeWebParent\ShopmeBackEnd\src\test\resources
2025-05-01 16:53:58,345 [Worker-31: Building] INFO  o.a.m.s.f.DefaultMavenResourcesFiltering - Copying 0 resource from src\main\resources to target\classes
2025-05-01 16:53:58,346 [Worker-31: Building] INFO  o.a.m.s.f.DefaultMavenResourcesFiltering - Copying 1 resource from src\main\resources to target\classes
2025-05-01 16:53:58,348 [Worker-31: Building] INFO  o.a.m.s.f.DefaultMavenResourcesFiltering - skip non existing resourceDirectory C:\ShopmeEcommerce\ShopmeProject\ShopmeWebParent\ShopmeBackEnd\src\test\resources
2025-05-01 16:54:23,055 [Worker-30: Building] INFO  o.a.m.s.f.DefaultMavenResourcesFiltering - Copying 0 resource from src\main\resources to target\classes
2025-05-01 16:54:23,058 [Worker-30: Building] INFO  o.a.m.s.f.DefaultMavenResourcesFiltering - Copying 1 resource from src\main\resources to target\classes
2025-05-01 16:54:23,062 [Worker-30: Building] INFO  o.a.m.s.f.DefaultMavenResourcesFiltering - skip non existing resourceDirectory C:\ShopmeEcommerce\ShopmeProject\ShopmeWebParent\ShopmeBackEnd\src\test\resources
2025-05-01 16:58:04,289 [Worker-22: Building] INFO  o.a.m.s.f.DefaultMavenResourcesFiltering - Copying 1 resource from src\main\resources to target\classes
2025-05-01 16:58:04,296 [Worker-22: Building] INFO  o.a.m.s.f.DefaultMavenResourcesFiltering - Copying 15 resources from src\main\resources to target\classes
2025-05-01 16:58:04,300 [Worker-22: Building] INFO  o.a.m.s.f.DefaultMavenResourcesFiltering - skip non existing resourceDirectory C:\ShopmeEcommerce\ShopmeProject\ShopmeWebParent\ShopmeBackEnd\src\test\resources
2025-05-01 16:58:49,274 [Worker-26: Building] INFO  o.a.m.s.f.DefaultMavenResourcesFiltering - Copying 1 resource from src\main\resources to target\classes
2025-05-01 16:58:49,290 [Worker-26: Building] INFO  o.a.m.s.f.DefaultMavenResourcesFiltering - Copying 15 resources from src\main\resources to target\classes
2025-05-01 16:58:49,306 [Worker-26: Building] INFO  o.a.m.s.f.DefaultMavenResourcesFiltering - skip non existing resourceDirectory C:\ShopmeEcommerce\ShopmeProject\ShopmeWebParent\ShopmeBackEnd\src\test\resources
2025-05-02 09:58:04,697 [Worker-6: Loading available Gradle versions] INFO  o.e.b.c.i.u.g.PublishedGradleVersions - Gradle version information cache is out-of-date. Trying to update.
2025-05-02 10:01:30,961 [Worker-10: Check for devtools] INFO  o.e.m.c.i.p.WorkspaceClassifierResolverManager - Resolving P/ShopmeCommon: com.example:ShopmeCommon:0.0.1-SNAPSHOT with classifier  to /ShopmeCommon/target/classes
2025-05-02 10:01:31,070 [Worker-10: Check for devtools] INFO  o.e.m.c.i.p.WorkspaceClassifierResolverManager - Resolving P/ShopmeCommon: com.example:ShopmeCommon:0.0.1-SNAPSHOT with classifier  to /ShopmeCommon/target/classes
